order_id,customer_id,product_id,quantity,discount,order_date
ORD007412,CUST00025,PROD00517,6,0.0,2023-01-06
ORD008139,CUST00940,PROD00142,14,0.0,2022-06-17
ORD008103,CUST00135,PROD00058,1,0.0,2023-06-29
ORD008569,CUST00122,PROD00110,7,0.1,2024-06-14
ORD009465,CUST00866,PROD00155,2,0.0,2023-07-31
ORD010273,CUST00701,PROD00298,2,0.15,2024-08-03
ORD005170,CUST00457,PROD00367,11,0.0,2022-04-07
ORD004157,CUST00116,PROD00089,8,0.0,2023-01-17
ORD005020,CUST00379,PROD00156,9,0.05,2023-02-06
ORD007424,CUST00312,PROD00364,7,0.2,2024-10-20
ORD001057,CUST00343,PROD00256,4,0.0,2024-02-08
ORD005332,CUST01040,PROD00033,13,0.1,2024-08-24
ORD003245,CUST00253,PROD00175,10,,2023-07-11
ORD009585,CUST00655,PROD00308,5,0.2,2022-08-28
ORD006654,CUST00882,PROD00398,1,0.3,2023-05-23
ORD003406,CUST00872,PROD00157,9,0.0,2023-12-22
ORD003910,CUST00257,PROD00077,,0.2,2023-07-29
ORD001596,CUST00333,PROD00178,11,0.1,2024-02-09
ORD004930,CUST00093,PROD00331,2,0.0,2024-11-04
ORD007890,CUST99108,PROD00067,13,0.1,2022-05-27
ORD005169,CUST00390,PROD99979,8,0.0,2024-02-05
ORD002992,CUST00873,PROD00208,8,0.0,2024-07-18
ORD009086,CUST00941,PROD00118,10,0.0,2022-11-17
ORD000928,CUST00370,PROD00235,,0.15,2024-07-11
ORD002493,CUST99360,PROD00382,11,0.1,2024-05-28
ORD008141,CUST00546,PROD00286,10,0.05,2022-10-09
ORD005958,CUST01050,PROD00317,4,0.0,2023-05-08
ORD000034,CUST00808,PROD00063,2,0.2,2023-10-30
ORD006464,CUST00993,PROD00225,13,0.0,2023-09-04
ORD000488,CUST00145,PROD00411,4,0.05,2024-07-19
ORD010029,CUST00571,PROD00099,8,,2024-06-22
ORD002593,CUST00485,PROD00384,2,0.05,2022-06-09
ORD005383,CUST00802,PROD00280,5,0.05,2024-10-03
ORD005675,CUST00239,PROD00161,12,0.0,2022-06-17
ORD010478,CUST00679,PROD00412,2,0.05,2023-05-06
ORD007872,CUST00594,PROD00520,3,0.0,2023-03-19
ORD004023,CUST00405,PROD00035,6,0.0,2023-09-29
ORD007608,CUST00746,PROD00393,6,0.1,2024-11-12
ORD001794,CUST00443,PROD00203,11,0.25,2024-10-12
ORD005091,CUST00230,PROD00452,14,0.05,2023-08-02
ORD008912,CUST00687,PROD00160,14,0.0,2024-04-29
ORD005710,CUST00944,PROD00051,14,0.1,2024-08-12
ORD005031,CUST00385,PROD00036,10,0.05,2024-08-02
ORD000544,CUST00903,PROD00294,9,0.05,2024-05-24
ORD001218,CUST00810,PROD00112,7,0.1,2023-04-19
ORD009632,CUST00836,PROD00367,13,0.1,2022-01-23
ORD002389,CUST00660,PROD00484,1,0.0,2023-03-25
ORD005774,CUST00833,PROD00481,1,,2023-12-11
ORD010362,CUST00322,PROD00479,9,0.0,2024-05-15
ORD003464,CUST00312,PROD00401,14,0.1,2024-12-17
ORD001884,CUST00552,PROD00486,2,0.05,2023-01-01
ORD005821,CUST00510,PROD00410,7,0.05,2022-05-04
ORD004554,CUST00208,PROD00468,12,0.1,2023-07-27
ORD010243,CUST00767,PROD00091,13,0.1,2024-02-23
ORD008817,CUST00061,PROD00422,2,0.15,2023-08-14
ORD009728,CUST00061,PROD00142,11,0.0,2023-11-02
ORD010152,CUST00413,PROD00395,1,0.0,2022-02-05
ORD001143,CUST00625,PROD00338,7,0.05,2024-03-29
ORD001499,CUST00098,PROD00353,7,0.3,2023-11-07
ORD006984,CUST00036,PROD00127,8,0.15,2024-01-25
ORD000036,CUST00925,PROD00039,13,0.0,2023-03-03
ORD005799,CUST00738,PROD00021,6,0.1,2023-01-21
ORD000959,CUST00866,PROD00090,6,0.0,2023-01-23
ORD001672,CUST00206,PROD00085,14,0.0,2024-03-14
ORD006759,CUST00365,PROD00006,9,0.05,2022-04-05
ORD005737,CUST00970,PROD00511,3,,2022-09-03
ORD008135,CUST00293,PROD00314,12,0.3,2023-10-27
ORD005126,CUST00417,PROD00478,4,0.2,2023-12-11
ORD006323,CUST00326,PROD00500,11,0.0,2022-06-21
ORD000361,CUST00988,PROD00167,10,0.0,2023-01-30
ORD002393,CUST00497,PROD00132,3,0.05,2022-07-20
ORD003315,CUST00591,PROD00448,1,0.0,2023-12-11
ORD005581,CUST00185,PROD00204,7,0.0,2022-12-13
ORD008010,CUST00342,PROD00250,13,0.15,2024-08-14
ORD003964,CUST00041,PROD00094,11,0.15,2023-01-15
ORD005617,CUST00325,PROD00397,1,0.0,2024-02-20
ORD003469,CUST00014,PROD00324,4,0.2,2022-11-12
ORD000484,CUST00950,PROD00011,1,0.0,2022-02-20
ORD008744,CUST00215,PROD00337,10,0.0,2022-12-24
ORD008260,CUST00135,PROD00216,5,0.1,2023-07-07
ORD000102,CUST00649,PROD00389,4,0.1,2024-10-09
ORD005937,CUST00547,PROD00515,10,0.0,2022-12-15
ORD007765,CUST00098,PROD00435,2,0.1,2024-09-26
ORD006596,CUST00226,PROD00457,5,,2024-09-05
ORD003287,CUST00144,PROD00258,7,0.0,2024-05-07
ORD005203,CUST00394,PROD00166,8,0.0,2023-11-15
ORD006625,CUST00098,PROD00335,14,0.0,2023-12-05
ORD003937,CUST00073,PROD00371,9,0.0,2023-07-10
ORD008878,CUST00649,PROD00398,12,0.0,2022-04-24
ORD006775,CUST00907,PROD00034,4,0.2,2024-07-26
ORD001953,CUST00315,PROD00495,2,0.15,2024-10-25
ORD007343,CUST00218,PROD00235,8,0.2,2024-05-23
ORD004004,CUST00220,PROD00101,8,0.2,2023-04-08
ORD003777,CUST00317,PROD00151,4,0.2,2024-03-08
ORD003291,CUST00145,PROD99142,14,0.15,2023-09-10
ORD003616,CUST00510,PROD00363,7,0.0,2023-10-07
ORD010072,CUST00352,PROD00203,8,0.0,2024-03-30
ORD004003,CUST00264,PROD00071,1,0.25,2022-07-27
ORD006801,CUST00841,PROD00119,11,0.1,2024-09-13
ORD008853,CUST00324,PROD00416,11,0.05,2023-09-21
ORD000096,CUST00563,PROD00283,7,0.1,2024-10-18
ORD004346,CUST00383,PROD00058,12,0.05,2022-05-16
ORD005206,CUST00637,PROD00465,10,0.15,2024-09-02
ORD005377,CUST00704,PROD00268,5,0.0,2024-10-07
ORD003429,CUST00898,PROD00467,2,0.05,2022-05-27
ORD003995,CUST00701,PROD00110,4,0.0,2024-12-30
ORD007303,CUST00224,PROD00045,14,0.05,2022-08-30
ORD003626,CUST00898,PROD00404,13,0.05,2024-10-21
ORD007725,CUST00762,PROD00295,8,0.05,2024-02-17
ORD005539,CUST00732,PROD00445,10,0.0,2023-05-02
ORD009565,CUST00187,PROD00026,7,0.15,2024-10-21
ORD001577,CUST99390,PROD00391,10,0.05,2022-06-28
ORD004829,CUST00590,PROD00247,4,0.0,2024-09-24
ORD005227,CUST00908,PROD00357,1,0.05,2022-07-04
ORD004388,CUST00806,PROD00226,3,0.0,2024-08-15
ORD008304,CUST00424,PROD00163,4,0.0,2022-11-30
ORD006325,CUST00060,PROD00056,12,0.25,2023-03-08
ORD006748,CUST00086,PROD00068,11,0.0,2023-04-18
ORD007543,CUST00566,PROD00463,3,0.0,2023-11-26
ORD008383,CUST00281,PROD00241,3,0.1,2024-11-11
ORD000701,CUST00932,PROD00030,13,0.05,2023-03-31
ORD002089,CUST00749,PROD00305,11,0.1,2023-01-09
ORD002153,CUST00031,PROD00090,4,0.0,2023-05-01
ORD003974,CUST99912,PROD00218,14,0.15,2023-06-27
ORD006763,CUST00522,PROD00164,2,0.05,2022-01-04
ORD003959,CUST00278,PROD00242,14,,2024-08-30
ORD005776,CUST99990,PROD00227,8,0.0,2023-05-04
ORD002679,CUST00600,PROD00060,6,0.0,2023-05-10
ORD006569,CUST00686,PROD00482,1,0.05,2023-09-24
ORD008636,CUST00185,PROD00400,5,0.3,2024-10-15
ORD000304,CUST00479,PROD00238,11,0.25,2023-01-03
ORD000108,CUST00397,PROD00443,13,0.0,2023-04-05
ORD007776,CUST00891,PROD00203,12,0.05,2022-01-10
ORD009754,CUST00720,PROD00009,14,0.2,2022-11-24
ORD005217,CUST00396,PROD00489,4,0.0,2023-10-04
ORD000652,CUST00421,PROD00237,8,0.1,2024-04-25
ORD002240,CUST00034,PROD00008,11,0.0,2023-08-20
ORD003320,CUST00901,PROD00327,10,0.0,2024-03-04
ORD004150,CUST00704,PROD00174,2,0.1,2024-10-03
ORD004681,CUST00663,PROD00081,9,,2022-02-01
ORD001836,CUST00725,PROD00183,10,0.2,2024-02-01
ORD010107,CUST00372,PROD00171,8,0.2,2022-08-04
ORD001826,CUST00798,PROD00091,5,0.0,2024-05-18
ORD002485,CUST00308,PROD00479,6,0.0,2023-07-31
ORD001786,CUST00912,PROD00254,9,0.15,2023-08-26
ORD007771,CUST00623,PROD00164,10,0.05,2022-07-25
ORD003096,CUST00382,PROD00124,2,0.0,2023-11-11
ORD003699,CUST00461,PROD00198,10,0.1,2023-06-08
ORD008699,CUST00431,PROD00485,4,0.05,2022-05-30
ORD007236,CUST00134,PROD00359,2,0.0,2023-03-24
ORD007720,CUST01004,PROD99850,13,,2024-07-15
ORD009664,CUST00596,PROD00466,7,0.2,2022-03-24
ORD008183,CUST00978,PROD00312,11,0.1,2024-07-09
ORD008063,CUST00013,PROD00004,5,0.0,2023-09-05
ORD008899,CUST00264,PROD00253,1,0.0,2024-03-09
ORD002702,CUST00689,PROD00367,13,0.05,2022-01-15
ORD004798,CUST00435,PROD00420,10,0.15,2023-01-30
ORD007517,CUST00879,PROD00210,11,0.0,2023-11-07
ORD006301,CUST00306,PROD00005,12,,2024-04-26
ORD001759,CUST00246,PROD00255,7,0.0,2022-08-01
ORD000840,CUST00682,PROD00157,3,0.1,2022-04-14
ORD010281,CUST00503,PROD00103,5,0.05,2022-03-01
ORD005630,CUST00515,PROD00074,1,,2024-11-10
ORD002376,CUST00011,PROD00308,5,0.05,2022-06-15
ORD009118,CUST00566,PROD00027,3,0.0,2023-04-08
ORD002586,CUST00713,PROD00408,14,0.0,2022-06-26
ORD009783,CUST00664,PROD00288,14,0.05,2023-06-13
ORD005982,CUST00249,PROD00261,5,0.1,2022-07-30
ORD008331,CUST00964,PROD00328,2,0.05,2023-05-07
ORD001670,CUST00167,PROD00246,11,0.05,2024-11-24
ORD005598,CUST00565,PROD00449,3,0.2,2023-09-06
ORD009143,CUST00844,PROD00437,8,0.0,2023-10-19
ORD003956,CUST00511,PROD00188,13,,2023-02-02
ORD003412,CUST99721,PROD00197,2,0.1,2022-09-10
ORD004393,CUST00282,PROD00176,3,0.0,2022-10-29
ORD002129,CUST00633,PROD00024,3,0.05,2023-07-14
ORD004843,CUST00006,PROD00324,13,0.2,2024-08-26
ORD006477,CUST01039,PROD00458,4,0.0,2024-10-08
ORD005527,CUST00058,PROD00487,11,0.05,2023-08-08
ORD006182,CUST00265,PROD00239,14,0.1,2023-11-11
ORD003456,CUST00684,PROD00032,5,0.05,2023-01-12
ORD008384,CUST00586,PROD00503,5,0.1,2022-12-19
ORD001158,CUST00094,PROD00135,9,0.05,2022-09-20
ORD009648,CUST00399,PROD00111,5,0.0,2022-01-10
ORD010021,CUST00093,PROD00152,4,0.0,2022-03-23
ORD007311,CUST00230,PROD00432,4,0.1,2024-11-16
ORD007362,CUST00616,PROD00002,1,0.15,2022-12-24
ORD008687,CUST00915,PROD00217,12,0.1,2022-09-29
ORD010389,CUST00547,PROD00498,11,0.05,2024-02-10
ORD006210,CUST00495,PROD00109,10,0.1,2023-07-03
ORD009729,CUST00944,PROD00490,12,0.0,2022-10-18
ORD002849,CUST00239,PROD00280,8,0.1,2023-04-05
ORD000915,CUST00533,PROD00386,11,0.0,2023-09-02
ORD004231,CUST00982,PROD00518,12,0.0,2024-11-01
ORD008455,CUST00943,PROD00465,3,0.0,2024-11-08
ORD001278,CUST00885,PROD00015,3,0.0,2022-06-28
ORD004418,CUST00555,PROD00169,11,0.3,2024-11-22
ORD007069,CUST01037,PROD00188,9,0.05,2024-03-04
ORD005274,CUST00222,PROD00297,10,0.0,2024-04-26
ORD004869,CUST00800,PROD00171,4,,2023-01-18
ORD000884,CUST00961,PROD00076,5,0.0,2024-11-26
ORD009564,CUST00826,PROD00209,8,0.0,2024-08-28
ORD002168,CUST01050,PROD00238,,0.15,2022-03-21
ORD001119,CUST00267,PROD00307,2,0.15,2023-08-23
ORD003899,CUST00932,PROD00195,14,0.1,2024-02-05
ORD006078,CUST01031,PROD00135,1,0.0,2024-08-13
ORD002151,CUST00154,PROD00031,9,0.05,2023-10-26
ORD001480,CUST00946,PROD00508,12,0.1,2024-10-04
ORD006976,CUST00485,PROD00208,12,0.15,2023-11-08
ORD002957,CUST00642,PROD00012,3,0.0,2023-12-24
ORD003072,CUST00768,PROD00004,1,0.0,2023-02-28
ORD006831,CUST00120,PROD00081,2,0.05,2022-10-11
ORD005991,CUST00250,PROD99820,11,,2023-04-14
ORD000563,CUST00452,PROD00337,9,0.0,2023-03-31
ORD000252,CUST00279,PROD99001,1,0.0,2022-09-07
ORD006670,CUST00221,PROD00093,4,0.05,2023-07-07
ORD007160,CUST00499,PROD00323,8,0.0,2024-09-29
ORD003929,CUST00908,PROD00114,12,0.15,2024-09-27
ORD002610,CUST00198,PROD00463,2,0.05,2024-02-19
ORD006390,CUST00131,PROD00451,9,0.05,2022-05-31
ORD003330,CUST00349,PROD00041,3,0.0,2023-07-30
ORD000399,CUST00416,PROD00034,1,0.0,2024-02-26
ORD003729,CUST00351,PROD00477,7,0.0,2023-03-29
ORD006591,CUST00645,PROD00384,14,0.15,2024-03-26
ORD002848,CUST00571,PROD00443,14,0.05,2023-05-18
ORD007261,CUST00558,PROD00380,14,0.05,2023-03-21
ORD009810,CUST00122,PROD00249,5,0.15,2024-09-14
ORD001595,CUST00255,PROD00351,6,0.0,2023-03-15
ORD000669,CUST00220,PROD00314,10,0.1,2022-06-01
ORD000853,CUST00655,PROD99394,6,0.0,2023-05-17
ORD002904,CUST00185,PROD00268,10,0.05,2022-02-05
ORD006785,CUST00918,PROD00448,7,,2022-12-08
ORD001407,CUST00306,PROD00001,10,0.0,2024-11-17
ORD008787,CUST00887,PROD00038,3,0.0,2022-06-29
ORD008613,CUST00025,PROD00407,10,0.0,2024-08-07
ORD005251,CUST00163,PROD00339,5,0.1,2022-02-18
ORD009894,CUST00158,PROD00408,14,0.0,2023-06-25
ORD003112,CUST00822,PROD00315,14,0.0,2022-04-03
ORD002178,CUST00150,PROD00391,10,0.05,2024-11-22
ORD006233,CUST00096,PROD00038,5,0.2,2023-04-30
ORD000040,CUST00081,PROD00288,1,0.1,2023-04-27
ORD008894,CUST00031,PROD00245,9,0.05,2023-09-09
ORD008056,CUST00165,PROD00414,13,0.15,2022-07-23
ORD004976,CUST00906,PROD00099,14,0.2,2022-05-16
ORD008837,CUST00624,PROD00097,12,0.1,2023-04-16
ORD004366,CUST00261,PROD00272,6,0.05,2023-07-13
ORD005271,CUST00485,PROD00332,12,0.05,2022-01-03
ORD009104,CUST00169,PROD00033,12,0.25,2022-06-05
ORD000968,CUST00262,PROD00224,12,0.0,2023-10-31
ORD004487,CUST00751,PROD00458,6,0.1,2023-04-29
ORD007661,CUST00985,PROD00465,2,0.0,2024-01-11
ORD009896,CUST00842,PROD00483,6,0.1,2023-02-25
ORD009276,CUST00100,PROD00387,5,0.25,2023-04-15
ORD009666,CUST00794,PROD00378,10,0.15,2022-01-08
ORD005683,CUST00646,PROD00362,3,0.05,2022-06-20
ORD007049,CUST00190,PROD00433,8,0.0,2024-12-11
ORD001148,CUST00635,PROD00227,13,0.0,2024-12-14
ORD006313,CUST00902,PROD00274,13,0.2,2022-11-26
ORD001434,CUST00214,PROD00376,11,0.0,2024-07-24
ORD007257,CUST00275,PROD00476,7,0.0,2022-12-27
ORD004677,CUST00136,PROD00053,11,0.0,2022-04-19
ORD007742,CUST00398,PROD00149,7,0.0,2024-04-26
ORD000766,CUST00712,PROD00345,6,0.15,2024-10-20
ORD008625,CUST01008,PROD00357,7,0.1,2024-11-27
ORD010240,CUST01044,PROD00157,10,0.1,2024-03-28
ORD006863,CUST00345,PROD00181,6,0.0,2023-05-07
ORD006715,CUST00350,PROD00519,11,0.3,2023-11-07
ORD010420,CUST01011,PROD00388,7,0.1,2023-10-01
ORD010054,CUST00878,PROD00065,,0.15,2024-06-27
ORD006326,CUST00566,PROD00207,11,0.1,2023-10-19
ORD001733,CUST00663,PROD00313,11,0.05,2023-09-07
ORD008194,CUST00389,PROD00203,7,0.15,2023-01-24
ORD000305,CUST00799,PROD00377,2,0.05,2024-04-30
ORD002458,CUST00688,PROD00186,10,0.05,2022-07-10
ORD003884,CUST00036,PROD00146,12,0.3,2022-04-07
ORD004935,CUST00276,PROD00323,1,0.0,2023-05-07
ORD003615,CUST00801,PROD00260,8,0.0,2023-04-25
ORD000534,CUST00762,PROD00113,5,0.05,2022-01-25
ORD002459,CUST00719,PROD00131,8,0.05,2022-03-14
ORD010075,CUST00126,PROD00280,3,0.0,2023-08-17
ORD001598,CUST00714,PROD00464,10,0.1,2024-09-24
ORD001972,CUST00019,PROD00002,5,0.2,2023-04-04
ORD004885,CUST00041,PROD00473,12,0.15,2023-02-10
ORD001806,CUST00860,PROD00346,2,0.1,2022-06-14
ORD002169,CUST00643,PROD00416,4,0.1,2023-10-16
ORD010347,CUST00156,PROD00054,10,0.05,2024-06-11
ORD000015,CUST00473,PROD00066,9,0.0,2023-02-23
ORD003255,CUST00804,PROD00195,3,0.15,2024-04-29
ORD006558,CUST00798,PROD00317,8,0.2,2022-07-25
ORD009268,CUST00259,PROD00065,,0.05,2023-09-09
ORD008118,CUST00789,PROD00357,12,0.05,2022-08-04
ORD008094,CUST00291,PROD00328,11,0.0,2022-04-10
ORD006179,CUST00579,PROD99849,11,0.0,2024-03-14
ORD001069,CUST01035,PROD00484,8,0.1,2023-02-09
ORD004340,CUST00865,PROD00415,12,0.2,2022-11-03
ORD006460,CUST00719,PROD00329,4,0.0,2024-05-22
ORD007493,CUST00124,PROD00372,7,0.1,2023-05-29
ORD003208,CUST00621,PROD00005,5,0.0,2022-04-23
ORD007835,CUST01042,PROD00297,13,0.2,2022-01-19
ORD007091,CUST00460,PROD00123,9,0.25,2022-12-25
ORD003465,CUST00150,PROD00034,14,0.0,2024-01-13
ORD009639,CUST00444,PROD00335,1,0.0,2023-04-19
ORD006177,CUST00532,PROD00076,14,0.1,2022-03-05
ORD007703,CUST00659,PROD00207,8,0.0,2022-07-14
ORD010444,CUST00193,PROD00295,7,0.1,2024-02-15
ORD000266,CUST00573,PROD00405,9,0.1,2022-07-20
ORD005439,CUST00877,PROD00152,14,0.1,2022-10-17
ORD003548,CUST00749,PROD00075,9,0.15,2024-04-20
ORD003738,CUST00274,PROD00006,2,0.0,2023-05-21
ORD002021,CUST00028,PROD00129,4,0.0,2022-04-28
ORD002393,CUST00497,PROD00132,3,0.05,2022-07-20
ORD007780,CUST00045,PROD99177,5,0.1,2024-10-29
ORD004520,CUST00753,PROD00292,13,0.05,2024-08-15
ORD001473,CUST00249,PROD00465,2,0.1,2022-10-09
ORD002475,CUST00715,PROD00208,2,0.25,2024-10-16
ORD005324,CUST00888,PROD00117,8,0.15,2023-09-05
ORD005138,CUST00994,PROD00491,14,0.1,2022-05-21
ORD002326,CUST00723,PROD00152,14,0.15,2023-03-29
ORD000674,CUST00226,PROD00081,4,0.15,2024-01-21
ORD004274,CUST00930,PROD00438,10,0.15,2024-05-24
ORD008012,CUST99529,PROD00381,2,0.0,2023-09-02
ORD006413,CUST00438,PROD00016,3,0.0,2024-05-23
ORD007307,CUST01016,PROD00006,6,0.05,2024-03-24
ORD007877,CUST00352,PROD00483,9,0.0,2022-09-19
ORD003146,CUST00756,PROD00344,5,0.05,2023-09-13
ORD003101,CUST00017,PROD00109,14,0.1,2022-11-26
ORD000609,CUST00245,PROD00253,8,0.0,2023-06-17
ORD001517,CUST00248,PROD00256,4,0.1,2022-01-26
ORD004626,CUST00812,PROD00034,1,0.0,2024-01-06
ORD005533,CUST01002,PROD00325,8,0.05,2022-09-22
ORD000511,CUST00599,PROD00455,11,0.05,2024-02-28
ORD007634,CUST00319,PROD00048,3,0.15,2024-03-28
ORD004133,CUST00264,PROD00312,2,0.05,2024-09-06
ORD003300,CUST00255,PROD00482,13,0.15,2023-03-20
ORD009895,CUST00793,PROD00498,4,0.15,2022-10-01
ORD003525,CUST00859,PROD00513,9,0.05,2023-09-04
ORD007461,CUST00666,PROD00513,4,0.2,2024-09-25
ORD006844,CUST00370,PROD00469,13,0.0,2023-03-16
ORD008645,CUST00749,PROD00227,8,0.0,2024-04-23
ORD000400,CUST00824,PROD00172,10,0.05,2022-06-07
ORD005187,CUST00706,PROD00374,14,0.0,2022-10-20
ORD001023,CUST00711,PROD00365,5,0.1,2022-05-31
ORD008388,CUST00034,PROD00486,2,0.0,2022-01-12
ORD000775,CUST00958,PROD00081,7,0.15,2022-12-13
ORD010475,CUST00735,PROD00454,4,2.0,2022-10-11
ORD003434,CUST00410,PROD00366,2,0.0,2024-02-23
ORD001370,CUST00951,PROD00350,6,0.0,2024-01-10
ORD006251,CUST00725,PROD00072,9,0.15,2023-08-17
ORD009001,CUST00427,PROD00143,2,0.05,2022-02-27
ORD008392,CUST00581,PROD00243,11,0.0,2022-05-25
ORD009904,CUST00095,PROD00228,3,0.25,2023-01-25
ORD006320,CUST00152,PROD00355,3,0.15,2023-01-25
ORD005039,CUST00860,PROD00003,4,0.0,2022-09-26
ORD000593,CUST00782,PROD00255,13,,2024-11-14
ORD003685,CUST00327,PROD00395,1,0.15,2024-11-15
ORD004851,CUST00564,PROD00238,1,0.0,2024-09-11
ORD003014,CUST00972,PROD00101,10,0.15,2024-10-11
ORD003636,CUST00182,PROD00271,13,0.05,2022-07-26
ORD001285,CUST00915,PROD00304,6,0.25,2024-03-03
ORD005771,CUST00292,PROD00393,10,0.05,2022-05-14
ORD004875,CUST00297,PROD00143,13,0.0,2024-10-26
ORD006706,CUST00875,PROD00313,2,0.1,2024-08-02
ORD005285,CUST01007,PROD00480,2,0.15,2024-09-21
ORD008340,CUST00695,PROD00130,3,0.25,2024-11-05
ORD006142,CUST00806,PROD00033,12,0.3,2024-04-04
ORD005769,CUST00024,PROD00228,14,,2023-11-08
ORD006779,CUST99475,PROD00336,3,0.2,2024-07-22
ORD008764,CUST00867,PROD00472,9,0.0,2022-01-30
ORD007229,CUST00044,PROD00052,2,0.1,2024-03-04
ORD010058,CUST00066,PROD00078,13,0.0,2022-05-29
ORD002474,CUST00359,PROD00238,4,0.25,2023-03-27
ORD006271,CUST00950,PROD00444,12,0.0,2022-09-29
ORD005131,CUST00436,PROD00074,14,0.0,2022-04-23
ORD004891,CUST00557,PROD00185,7,0.0,2024-10-24
ORD002010,CUST00364,PROD00381,14,0.2,2022-02-21
ORD006614,CUST00150,PROD00485,14,0.0,2024-07-24
ORD008920,CUST00291,PROD00242,10,0.05,2022-09-14
ORD003459,CUST00180,PROD00110,12,0.1,2024-08-18
ORD000347,CUST00218,PROD00182,14,0.15,2022-04-14
ORD000867,CUST00241,PROD00410,5,0.0,2022-01-05
ORD007746,CUST00428,PROD00169,2,0.05,2023-12-30
ORD006572,CUST00142,PROD00152,14,0.05,2024-10-19
ORD001209,CUST00593,PROD00321,7,0.0,2024-05-28
ORD004658,CUST00969,PROD00074,12,0.1,2024-05-07
ORD006118,CUST00145,PROD00213,0,0.0,2022-10-07
ORD005262,CUST00153,PROD00376,6,0.2,2022-02-09
ORD010246,CUST00685,PROD00365,4,0.0,2022-11-05
ORD006340,CUST00124,PROD00268,8,,2022-09-01
ORD010483,CUST00848,PROD00269,14,0.2,2022-03-04
ORD009613,CUST00169,PROD00025,2,0.0,2023-04-21
ORD000368,CUST00362,PROD00485,14,0.0,2024-10-16
ORD000319,CUST00369,PROD00339,10,0.05,2024-12-16
ORD010318,CUST00632,PROD00493,14,0.15,2024-07-06
ORD008291,CUST00050,PROD00257,10,0.15,2024-11-26
ORD009701,CUST00868,PROD00492,1,0.1,2023-01-19
ORD005915,CUST00753,PROD00231,4,0.1,2023-01-12
ORD005530,CUST00112,PROD00182,10,0.0,2023-08-01
ORD003051,CUST00398,PROD00264,6,0.15,2024-04-02
ORD003483,CUST00472,PROD00516,14,0.0,2022-05-19
ORD003028,CUST00022,PROD00151,9,0.0,2022-01-18
ORD005734,CUST00127,PROD00077,6,0.2,2024-03-09
ORD002329,CUST00519,PROD00350,9,0.25,2024-05-04
ORD000425,CUST00196,PROD00371,6,0.1,2024-06-15
ORD009755,CUST00079,PROD00146,14,0.05,2022-01-29
ORD001146,CUST99560,PROD00475,4,0.15,2024-08-27
ORD009938,CUST00096,PROD00281,4,,2022-08-26
ORD001747,CUST00971,PROD00409,13,0.0,2022-05-16
ORD005428,CUST00922,PROD00293,1,0.0,2023-02-03
ORD008369,CUST00048,PROD00026,11,0.0,2024-05-07
ORD000583,CUST00869,PROD00208,2,,2023-12-13
ORD009868,CUST99794,PROD00271,12,0.0,2022-06-05
ORD002109,CUST00821,PROD00503,6,0.0,2022-01-17
ORD000136,CUST00306,PROD00322,3,0.0,2022-12-26
ORD003622,CUST00671,PROD00407,7,0.25,2023-08-03
ORD002993,CUST00627,PROD00247,8,0.1,2024-08-19
ORD005845,CUST00612,PROD00380,10,0.15,2023-01-21
ORD002944,CUST00637,PROD00417,10,0.05,2023-11-20
ORD003934,CUST00649,PROD00173,6,0.1,2022-10-20
ORD004526,CUST00773,PROD00210,14,0.0,2024-10-17
ORD008548,CUST00331,PROD00335,8,0.3,2022-03-02
ORD001384,CUST00085,PROD00370,9,0.2,2024-10-13
ORD009806,CUST00884,PROD00428,1,0.05,2022-12-28
ORD005273,CUST00816,PROD99650,6,0.3,2022-06-29
ORD009842,CUST00220,PROD00316,14,0.15,2022-05-01
ORD010433,CUST00373,PROD00356,3,0.05,2024-08-25
ORD001495,CUST00315,PROD00185,5,0.05,2024-07-22
ORD001966,CUST00154,PROD00441,12,0.0,2022-08-20
ORD005268,CUST00089,PROD00147,13,0.2,2023-10-29
ORD004059,CUST00291,PROD00222,2,0.05,2024-03-03
ORD007147,CUST00642,PROD00038,10,0.25,2023-01-22
ORD009699,CUST99139,PROD00132,7,0.1,2022-02-21
ORD007183,CUST00732,PROD00365,12,0.0,2023-04-30
ORD009620,CUST00452,PROD00468,13,0.05,2024-02-29
ORD009721,CUST00469,PROD00216,11,0.1,2024-08-17
ORD006174,CUST00228,PROD00257,,0.1,2022-06-09
ORD006223,CUST00267,PROD00412,14,0.0,2023-12-23
ORD001088,CUST00643,PROD00049,13,0.05,2022-08-11
ORD003317,CUST00597,PROD00498,13,0.05,2022-09-02
ORD003024,CUST00709,PROD99839,14,0.15,2022-08-30
ORD006432,CUST00052,PROD00017,2,0.1,2023-11-03
ORD001531,CUST00273,PROD00429,4,0.0,2022-10-19
ORD002125,CUST00175,PROD99098,2,0.0,2023-04-03
ORD008441,CUST00980,PROD00265,12,0.25,2024-06-05
ORD008396,CUST00760,PROD00041,2,0.1,2024-01-31
ORD004342,CUST00733,PROD00342,10,0.15,2023-04-14
ORD002216,CUST00649,PROD00228,4,0.15,2023-02-12
ORD009011,CUST00251,PROD00147,6,0.0,2022-12-23
ORD006591,CUST00645,PROD00384,14,0.15,2024-03-26
ORD008084,CUST00301,PROD00371,12,,2024-11-04
ORD008623,CUST00725,PROD00401,2,0.05,2022-08-16
ORD001537,CUST00028,PROD00307,3,0.1,2022-08-05
ORD000933,CUST00218,PROD00193,7,0.05,2022-12-09
ORD002217,CUST00833,PROD00422,12,0.05,2023-03-04
ORD005861,CUST00060,PROD00437,12,0.0,2024-11-18
ORD010356,CUST00085,PROD00220,5,0.1,2023-08-15
ORD008397,CUST01011,PROD00165,1,0.05,2023-07-08
ORD008495,CUST00488,PROD00518,1,0.05,2024-03-17
ORD004878,CUST00636,PROD00441,2,0.1,2023-03-26
ORD003861,CUST00139,PROD00304,10,0.0,2023-11-23
ORD008169,CUST00636,PROD00173,4,0.1,2024-01-06
ORD001852,CUST00390,PROD00262,12,0.15,2022-01-03
ORD001951,CUST00972,PROD00345,7,0.05,2023-02-17
ORD008501,CUST00077,PROD00060,1,0.05,2022-08-22
ORD003488,CUST00056,PROD00467,3,0.2,2024-08-19
ORD009243,CUST00776,PROD00019,8,0.15,2022-08-06
ORD006012,CUST00095,PROD00281,13,,2022-10-07
ORD003788,CUST00318,PROD00163,3,0.2,2022-10-19
ORD003289,CUST00833,PROD00084,4,0.1,2023-11-05
ORD007026,CUST00713,PROD00060,5,0.0,2023-01-25
ORD010310,CUST00586,PROD00268,9,0.0,2024-11-24
ORD010417,CUST00063,PROD00289,6,,2023-08-10
ORD003534,CUST00680,PROD00271,3,0.15,2022-05-09
ORD007768,CUST00927,PROD00261,10,0.3,2023-08-17
ORD008832,CUST00868,PROD00376,5,0.0,2024-11-26
ORD004694,CUST00703,PROD00005,6,0.0,2024-06-02
ORD004289,CUST00826,PROD00261,,0.1,2022-08-08
ORD005525,CUST00670,PROD00516,8,0.05,2022-09-13
ORD002710,CUST00950,PROD00168,3,0.1,2022-06-21
ORD000004,CUST00298,PROD00334,10,0.0,2024-02-25
ORD008966,CUST00854,PROD00379,4,0.25,2022-06-28
ORD008143,CUST00121,PROD00397,7,0.0,2022-04-28
ORD000519,CUST00304,PROD00422,6,0.0,2022-11-23
ORD004373,CUST00538,PROD00376,9,0.15,2024-08-12
ORD002086,CUST00218,PROD00469,10,0.05,2023-05-03
ORD007785,CUST00160,PROD00191,,0.0,2023-05-21
ORD005340,CUST00160,PROD00452,4,0.15,2024-02-24
ORD009981,CUST00821,PROD00245,7,0.1,2022-04-02
ORD005555,CUST00403,PROD00389,13,0.1,2022-12-17
ORD006106,CUST00465,PROD00159,1,0.15,2024-06-13
ORD000440,CUST00482,PROD00334,9,0.05,2022-02-09
ORD004234,CUST00386,PROD00422,7,0.05,2024-06-16
ORD005338,CUST00383,PROD00137,12,0.05,2022-04-10
ORD009059,CUST00855,PROD00301,12,0.0,2023-12-18
ORD007348,CUST00585,PROD00160,2,0.2,2022-07-06
ORD003529,CUST00062,PROD00125,1,0.2,2022-10-17
ORD001711,CUST01024,PROD00490,4,0.1,2022-03-04
ORD005004,CUST00504,PROD00376,13,0.15,2024-10-04
ORD010202,CUST00589,PROD00132,12,0.1,2023-05-14
ORD005677,CUST00255,PROD00295,10,0.0,2024-06-18
ORD003853,CUST00536,PROD00007,2,0.3,2022-09-01
ORD008263,CUST00157,PROD00352,6,0.1,2024-07-31
ORD000748,CUST00962,PROD00387,6,0.0,2022-05-10
ORD003048,CUST00245,PROD00217,13,0.05,2022-03-12
ORD003149,CUST00472,PROD00450,8,0.0,2023-10-18
ORD004996,CUST00977,PROD00335,4,0.05,2022-07-11
ORD008975,CUST00693,PROD00351,14,0.15,2022-02-14
ORD010287,CUST00209,PROD00386,6,0.15,2023-06-27
ORD002070,CUST00864,PROD00219,5,0.0,2024-10-17
ORD004767,CUST00938,PROD00252,5,0.1,2023-03-17
ORD000695,CUST00870,PROD00115,5,0.05,2024-05-25
ORD003563,CUST00789,PROD00272,10,0.0,2022-07-18
ORD001954,CUST00393,PROD00508,13,0.15,2022-05-02
ORD002649,CUST00622,PROD00187,8,0.05,2022-01-12
ORD001524,CUST00756,PROD00072,1,0.2,2024-07-02
ORD010000,CUST00945,PROD00253,7,0.05,2022-03-13
ORD008749,CUST00661,PROD00068,6,,2023-03-22
ORD006840,CUST00578,PROD00471,11,0.15,2023-06-05
ORD009191,CUST00052,PROD00080,,0.0,2024-12-26
ORD002677,CUST00452,PROD00269,5,0.0,2024-12-31
ORD005378,CUST00352,PROD00461,10,0.1,2024-07-10
ORD003510,CUST00890,PROD00478,10,0.05,2023-06-17
ORD010015,CUST00455,PROD00338,8,0.3,2023-11-14
ORD005968,CUST00075,PROD00085,1,0.1,2022-09-26
ORD008044,CUST00285,PROD00124,11,0.0,2024-04-16
ORD006166,CUST00171,PROD00233,11,0.0,2022-09-15
ORD000408,CUST00084,PROD00387,3,0.0,2024-11-03
ORD006924,CUST00350,PROD00394,14,0.0,2023-04-25
ORD009694,CUST00432,PROD00320,8,0.1,2023-02-08
ORD006581,CUST00634,PROD00195,7,0.1,2022-06-08
ORD008381,CUST00659,PROD00025,1,0.1,2022-08-19
ORD001286,CUST00176,PROD00362,2,0.0,2022-09-14
ORD007793,CUST00014,PROD00275,1,0.05,2022-01-13
ORD003329,CUST00832,PROD00490,14,0.1,2023-10-25
ORD009392,CUST00281,PROD00398,6,0.0,2022-08-23
ORD005263,CUST00608,PROD00473,4,0.05,2022-04-22
ORD008723,CUST00895,PROD00340,,0.05,2022-08-21
ORD009887,CUST00501,PROD00469,1,0.2,2023-02-01
ORD008482,CUST00504,PROD00362,10,0.25,2023-02-13
ORD003398,CUST00971,PROD00266,4,0.1,2024-05-04
ORD005876,CUST00926,PROD00335,4,0.05,2022-09-05
ORD001246,CUST00453,PROD00349,7,0.2,2023-08-24
ORD003448,CUST00842,PROD00519,8,0.0,2022-01-31
ORD007259,CUST00041,PROD00060,3,0.0,2022-11-27
ORD004908,CUST00075,PROD00449,1,0.15,2022-12-20
ORD008757,CUST00292,PROD00253,5,0.0,2022-09-23
ORD003127,CUST99151,PROD00490,3,0.0,2022-01-05
ORD001161,CUST00051,PROD00303,8,0.15,2023-03-17
ORD008360,CUST00180,PROD00259,7,0.05,2023-10-01
ORD006365,CUST00779,PROD00472,11,0.15,2024-01-13
ORD003818,CUST00108,PROD00026,5,0.3,2023-05-13
ORD002484,CUST00302,PROD00399,4,0.05,2023-07-19
ORD003949,CUST00208,PROD00132,11,0.0,2023-01-20
ORD003856,CUST01020,PROD00360,2,0.05,2024-10-09
ORD003419,CUST00562,PROD00262,11,0.05,2024-03-26
ORD000132,CUST00647,PROD00277,6,0.2,2024-05-06
ORD004442,CUST00493,PROD00363,12,0.1,2022-12-05
ORD002958,CUST00483,PROD00157,14,0.0,2022-07-25
ORD005899,CUST00228,PROD00376,7,0.0,2023-09-30
ORD000097,CUST00848,PROD00183,8,0.1,2022-03-31
ORD004005,CUST00363,PROD00261,9,0.0,2022-08-20
ORD000312,CUST00885,PROD00260,9,0.1,2022-07-24
ORD008286,CUST00654,PROD00451,11,0.15,2023-06-20
ORD009136,CUST00456,PROD00286,7,0.0,2022-12-25
ORD000470,CUST00091,PROD00135,14,,2023-11-08
ORD000971,CUST00098,PROD00478,8,0.25,2023-02-17
ORD004454,CUST00942,PROD00445,4,0.0,2023-02-26
ORD000120,CUST00700,PROD00113,4,0.0,2024-12-02
ORD007590,CUST00810,PROD00443,5,0.2,2023-02-16
ORD002289,CUST01013,PROD00226,12,0.25,2023-07-12
ORD003669,CUST00510,PROD00139,4,0.0,2023-04-12
ORD010011,CUST00027,PROD00064,13,0.0,2022-08-28
ORD001356,CUST00393,PROD99003,1,0.0,2024-07-17
ORD007363,CUST00827,PROD00402,13,0.1,2024-07-16
ORD008845,CUST00772,PROD00174,6,0.15,2022-03-12
ORD007973,CUST00776,PROD00357,5,0.1,2024-02-29
ORD001114,CUST00395,PROD99702,1,0.25,2024-12-26
ORD004760,CUST01050,PROD00518,12,0.0,2022-09-09
ORD000564,CUST00190,PROD00014,10,0.1,2022-05-22
ORD003915,CUST00796,PROD00205,10,0.1,2024-05-10
ORD002271,CUST00533,PROD00007,13,0.0,2022-04-07
ORD009869,CUST00500,PROD00028,9,0.0,2024-11-04
ORD009951,CUST00606,PROD00117,12,0.25,2022-03-18
ORD000040,CUST00081,PROD00288,1,0.1,2023-04-27
ORD010317,CUST00796,PROD00092,13,0.0,2022-11-03
ORD003644,CUST00515,PROD00505,4,0.0,2022-06-16
ORD010357,CUST00402,PROD00058,5,0.0,2022-10-27
ORD003679,CUST00186,PROD00353,13,0.0,2024-03-24
ORD003108,CUST00891,PROD00461,6,0.0,2022-07-27
ORD001150,CUST00974,PROD00020,6,0.25,2023-07-27
ORD006822,CUST00763,PROD00182,8,0.2,2022-12-24
ORD009968,CUST00233,PROD00015,4,0.05,2022-08-28
ORD005958,CUST01050,PROD00317,4,0.0,2023-05-08
ORD009355,CUST00756,PROD00484,5,0.05,2024-09-26
ORD006026,CUST00289,PROD00440,10,0.05,2023-07-19
ORD006724,CUST00531,PROD00077,13,0.1,2023-10-15
ORD009907,CUST00205,PROD00046,14,0.05,2024-09-22
ORD007989,CUST00452,PROD00001,1,0.0,2024-10-18
ORD007707,CUST00695,PROD00394,11,0.1,2022-08-25
ORD000451,CUST00765,PROD00402,4,0.0,2024-07-12
ORD007104,CUST00595,PROD00014,1,0.1,2024-10-27
ORD002486,CUST00594,PROD00091,10,0.0,2022-09-29
ORD003425,CUST00998,PROD00002,,0.1,2024-10-24
ORD000294,CUST00173,PROD00255,10,0.2,2022-11-23
ORD009649,CUST00814,PROD00442,8,0.0,2024-08-18
ORD008243,CUST00151,PROD00015,5,0.05,2022-01-16
ORD004774,CUST00016,PROD00025,3,0.0,2022-09-20
ORD009697,CUST99975,PROD00326,14,0.0,2024-12-05
ORD009569,CUST00492,PROD00085,4,0.1,2024-05-07
ORD009959,CUST00444,PROD00073,2,0.1,2022-11-16
ORD001181,CUST00524,PROD00172,8,0.0,2024-01-05
ORD003887,CUST00294,PROD00425,4,0.0,2022-05-15
ORD006770,CUST00784,PROD00321,5,0.0,2024-02-15
ORD009195,CUST00911,PROD00050,11,0.2,2024-03-04
ORD010355,CUST00188,PROD00118,14,0.0,2022-08-11
ORD008929,CUST00774,PROD00293,-3,0.05,2023-09-25
ORD005849,CUST00562,PROD00419,14,0.15,2024-06-09
ORD009667,CUST00386,PROD00400,13,0.1,2022-09-26
ORD004950,CUST00442,PROD00439,2,0.05,2022-06-11
ORD008181,CUST00317,PROD00463,7,0.0,2023-07-24
ORD001745,CUST00345,PROD00156,5,0.05,2024-01-13
ORD002909,CUST00811,PROD00262,9,0.15,2022-02-11
ORD002900,CUST00226,PROD00003,7,0.0,2024-09-01
ORD008490,CUST00070,PROD00155,2,0.0,2024-04-07
ORD008352,CUST00919,PROD99489,5,0.0,2023-05-23
ORD007333,CUST00461,PROD00385,14,0.15,2024-02-19
ORD000857,CUST00753,PROD00047,7,0.0,2022-08-25
ORD004451,CUST00553,PROD00322,8,0.0,2022-06-08
ORD010309,CUST00381,PROD00354,2,0.05,2022-05-28
ORD006212,CUST00257,PROD00265,4,0.2,2022-02-15
ORD004846,CUST00700,PROD00073,12,0.2,2022-03-19
ORD001351,CUST00492,PROD00351,11,0.25,2024-08-06
ORD000501,CUST00420,PROD00362,12,0.15,2024-02-10
ORD001331,CUST00437,PROD00239,4,0.1,2023-08-25
ORD010090,CUST00873,PROD00173,6,0.0,2024-08-30
ORD007086,CUST01017,PROD00328,10,0.15,2022-08-05
ORD008247,CUST00301,PROD00378,2,0.1,2023-03-04
ORD004170,CUST01007,PROD00162,1,0.05,2024-09-02
ORD007164,CUST00252,PROD00203,2,0.0,2024-03-31
ORD000953,CUST00269,PROD00057,4,0.1,2023-08-17
ORD000260,CUST00552,PROD00383,3,0.1,2023-10-12
ORD005107,CUST00835,PROD00303,8,0.0,2024-01-07
ORD006430,CUST01019,PROD00241,8,0.1,2024-09-25
ORD004701,CUST00403,PROD00297,2,0.1,2023-06-05
ORD004467,CUST00702,PROD00430,13,0.0,2024-05-22
ORD003446,CUST00531,PROD00229,1,0.0,2022-03-30
ORD004374,CUST00885,PROD00114,,0.0,2022-04-20
ORD007801,CUST00069,PROD00112,8,0.15,2022-06-15
ORD007841,CUST00325,PROD00337,4,0.05,2023-05-08
ORD005522,CUST00960,PROD00017,10,0.1,2023-02-04
ORD007659,CUST00741,PROD00268,8,0.1,2022-09-30
ORD001834,CUST00857,PROD00276,10,0.1,2024-06-23
ORD004413,CUST00597,PROD00038,7,0.1,2022-12-20
ORD005172,CUST00881,PROD00407,1,0.0,2022-08-02
ORD008721,CUST00474,PROD00461,3,,2024-03-11
ORD005738,CUST00369,PROD00321,11,0.0,2023-07-25
ORD001618,CUST00843,PROD00426,4,0.3,2024-11-12
ORD009043,CUST00557,PROD00168,2,0.0,2024-05-11
ORD008402,CUST00861,PROD00354,13,0.05,2023-01-07
ORD003282,CUST00909,PROD00175,6,0.05,2024-10-13
ORD004565,CUST00553,PROD00051,11,0.05,2023-12-11
ORD009479,CUST00491,PROD00002,12,0.1,2024-12-01
ORD007945,CUST00403,PROD00213,11,0.1,2024-12-06
ORD003210,CUST00101,PROD00253,9,0.0,2023-12-19
ORD010456,CUST00048,PROD00376,8,0.1,2023-01-09
ORD007335,CUST00954,PROD00394,4,0.0,2022-07-24
ORD005551,CUST00714,PROD00288,3,0.0,2022-01-09
ORD008255,CUST00001,PROD00178,11,0.05,2023-06-09
ORD010440,CUST00171,PROD00092,9,0.1,2023-06-30
ORD007676,CUST00615,PROD99886,2,0.15,2023-08-15
ORD002338,CUST00653,PROD00234,4,0.05,2022-02-12
ORD001781,CUST00745,PROD99608,14,0.0,2024-03-16
ORD002856,CUST00079,PROD00423,12,0.2,2022-05-31
ORD007529,CUST00760,PROD00448,13,0.0,2024-07-15
ORD009920,CUST00968,PROD00124,11,0.1,2023-10-07
ORD001487,CUST00497,PROD00289,11,0.0,2023-10-19
ORD005929,CUST00725,PROD00036,13,0.15,2023-06-26
ORD001262,CUST99437,PROD00249,10,0.2,2024-02-09
ORD008719,CUST00301,PROD00192,10,0.0,2024-02-29
ORD001409,CUST00430,PROD00109,4,0.1,2022-08-05
ORD004984,CUST00338,PROD00247,12,0.1,2022-02-01
ORD003827,CUST00782,PROD00449,8,0.0,2022-04-15
ORD000796,CUST00087,PROD00266,3,0.0,2022-03-23
ORD003313,CUST00564,PROD00188,6,0.1,2023-05-07
ORD001871,CUST00013,PROD00238,14,0.0,2022-03-23
ORD006278,CUST00769,PROD00298,8,0.05,2022-06-24
ORD000896,CUST00085,PROD00166,9,0.05,2023-04-17
ORD000961,CUST00873,PROD00144,6,0.0,2022-02-27
ORD004076,CUST00218,PROD99804,9,0.2,2022-02-09
ORD003835,CUST00529,PROD00448,7,0.1,2024-05-03
ORD006244,CUST00924,PROD00133,13,0.0,2022-09-04
ORD007403,CUST00199,PROD00034,9,0.05,2022-01-23
ORD006067,CUST00290,PROD00089,4,0.05,2024-02-26
ORD000566,CUST00455,PROD00129,1,,2024-05-26
ORD007914,CUST00504,PROD00271,4,0.0,2023-07-08
ORD001414,CUST00856,PROD00168,13,0.3,2023-03-18
ORD004303,CUST00999,PROD00099,5,0.05,2024-01-10
ORD001635,CUST00393,PROD00449,5,0.0,2022-07-17
ORD005160,CUST00770,PROD00102,4,0.05,2022-11-21
ORD003155,CUST00985,PROD00129,13,,2023-03-10
ORD001863,CUST00512,PROD00424,10,0.0,2024-11-01
ORD001776,CUST00252,PROD00032,13,0.15,2023-08-22
ORD006506,CUST00378,PROD00217,10,0.05,2023-02-13
ORD002827,CUST00644,PROD00431,6,0.05,2022-11-29
ORD003939,CUST00018,PROD00469,14,0.05,2023-01-31
ORD002763,CUST00067,PROD00341,8,0.0,2024-05-11
ORD001184,CUST00121,PROD00201,3,,2024-01-12
ORD007704,CUST00119,PROD00430,,0.15,2022-09-28
ORD005713,CUST00325,PROD00318,3,0.0,2022-08-14
ORD004666,CUST00076,PROD00149,5,0.0,2024-08-04
ORD006965,CUST99557,PROD00105,5,0.1,2023-05-18
ORD010268,CUST00308,PROD00051,1,0.15,2024-09-02
ORD005172,CUST00881,PROD00407,1,0.0,2022-08-02
ORD005215,CUST00793,PROD00114,3,0.0,2024-03-25
ORD005988,CUST00235,PROD00169,9,0.0,2024-04-30
ORD008724,CUST00931,PROD00332,4,0.0,2023-03-04
ORD005667,CUST00132,PROD00188,,0.0,2024-10-01
ORD004688,CUST00686,PROD00093,13,0.0,2022-11-13
ORD000322,CUST99100,PROD00348,11,0.25,2023-07-08
ORD008588,CUST00523,PROD00289,13,0.1,2024-10-22
ORD000427,CUST00427,PROD00007,1,0.15,2022-05-02
ORD000428,CUST00397,PROD00455,1,0.25,2022-08-28
ORD004636,CUST00312,PROD00332,3,0.1,2024-12-18
ORD010171,CUST00804,PROD00064,4,0.2,2022-02-01
ORD009376,CUST00259,PROD00338,6,0.05,2023-12-21
ORD009284,CUST00772,PROD00185,8,0.0,2024-07-25
ORD003847,CUST00235,PROD00225,2,0.1,2024-07-26
ORD006719,CUST00034,PROD00019,6,0.1,2024-08-03
ORD003791,CUST00239,PROD00373,13,0.0,2024-08-02
ORD005323,CUST00471,PROD00184,10,0.05,2022-03-12
ORD007637,CUST00506,PROD00385,2,0.0,2024-08-13
ORD000081,CUST00304,PROD00267,1,0.0,2024-09-01
ORD009931,CUST00823,PROD00477,7,0.0,2024-07-23
ORD009408,CUST00284,PROD00012,11,0.25,2024-01-19
ORD002948,CUST00172,PROD00440,13,0.0,2022-09-13
ORD000336,CUST00663,PROD00459,2,0.0,2023-01-21
ORD006495,CUST00980,PROD00491,10,0.15,2022-01-29
ORD002985,CUST00193,PROD00448,14,0.0,2023-02-15
ORD001656,CUST00007,PROD00212,3,0.15,2024-07-27
ORD001579,CUST00615,PROD00454,12,0.3,2024-05-18
ORD009813,CUST00257,PROD00508,14,0.25,2022-11-09
ORD001454,CUST00913,PROD00047,2,0.15,2022-12-11
ORD007956,CUST00904,PROD00159,6,0.25,2024-10-08
ORD008710,CUST00793,PROD00472,8,0.0,2024-04-27
ORD003188,CUST00073,PROD00252,11,0.15,2022-03-22
ORD007891,CUST00723,PROD00294,12,0.0,2023-06-17
ORD000331,CUST00379,PROD00392,1,0.05,2023-06-07
ORD003326,CUST00621,PROD00171,3,0.0,2022-10-22
ORD009310,CUST00965,PROD00204,14,0.1,2023-03-05
ORD005406,CUST00750,PROD00429,5,0.0,2023-12-27
ORD003551,CUST00266,PROD00028,14,0.1,2022-02-13
ORD000292,CUST00484,PROD00121,10,0.25,2023-04-09
ORD008178,CUST00930,PROD00221,,0.05,2024-01-03
ORD007755,CUST00666,PROD00299,,0.05,2023-10-21
ORD004206,CUST00001,PROD99494,5,0.05,2023-05-08
ORD007918,CUST00192,PROD00190,10,0.0,2024-01-15
ORD008582,CUST00015,PROD00454,7,0.0,2023-07-09
ORD007700,CUST00921,PROD00154,3,0.3,2022-01-20
ORD000458,CUST00704,PROD00184,2,0.1,2023-04-10
ORD004211,CUST00764,PROD00207,6,0.05,2024-09-06
ORD007283,CUST00782,PROD00372,3,0.15,2023-04-16
ORD002026,CUST00984,PROD00418,11,0.15,2024-04-16
ORD008215,CUST00310,PROD00395,6,0.0,2022-11-27
ORD002465,CUST00043,PROD00221,8,0.0,2024-03-21
ORD007597,CUST00967,PROD00387,10,0.05,2024-11-21
ORD000032,CUST00086,PROD00212,6,0.1,2023-04-24
ORD001732,CUST00807,PROD00297,8,0.0,2023-11-18
ORD010378,CUST00181,PROD00511,6,0.0,2022-01-21
ORD003888,CUST00479,PROD00175,3,0.0,2024-10-29
ORD006774,CUST00594,PROD00032,9,0.05,2023-08-24
ORD004505,CUST00401,PROD00407,7,0.0,2023-12-30
ORD007534,CUST00869,PROD00334,6,0.1,2024-08-02
ORD004901,CUST00281,PROD00460,12,0.2,2023-03-23
ORD006366,CUST00412,PROD00465,12,,2024-04-18
ORD001011,CUST00803,PROD00119,10,0.1,2022-06-11
ORD009235,CUST00931,PROD00006,1,0.05,2022-08-17
ORD002752,CUST00836,PROD00289,11,0.1,2023-03-05
ORD007750,CUST00903,PROD00031,10,0.0,2022-05-16
ORD008112,CUST00695,PROD00032,1,0.1,2022-06-21
ORD003032,CUST00756,PROD00189,6,0.0,2022-07-06
ORD002155,CUST00179,PROD00311,1,,2022-01-22
ORD002587,CUST00827,PROD00233,3,0.05,2024-11-02
ORD001741,CUST00019,PROD00037,10,0.0,2023-02-09
ORD005554,CUST01048,PROD00202,14,0.1,2023-01-09
ORD010343,CUST00244,PROD00247,8,0.25,2022-06-20
ORD000901,CUST00887,PROD00057,13,0.0,2024-07-08
ORD008334,CUST00571,PROD00161,3,0.05,2024-02-13
ORD008510,CUST00005,PROD00149,9,,2022-05-13
ORD007455,CUST00261,PROD00229,4,0.0,2022-10-01
ORD000374,CUST00287,PROD00216,4,0.1,2023-05-05
ORD010180,CUST00425,PROD00317,11,0.2,2022-07-11
ORD003371,CUST00935,PROD00258,9,0.0,2024-03-04
ORD005668,CUST00284,PROD00490,1,0.1,2022-06-02
ORD007930,CUST99586,PROD00007,13,0.05,2024-10-28
ORD007611,CUST00434,PROD00002,14,0.0,2024-10-24
ORD008835,CUST00927,PROD00508,7,0.2,2024-09-11
ORD008001,CUST00526,PROD00026,13,0.0,2024-02-08
ORD008803,CUST00203,PROD00248,12,,2024-10-18
ORD000170,CUST00323,PROD00277,2,0.1,2024-02-12
ORD000938,CUST00012,PROD99961,8,0.1,2024-12-03
ORD003705,CUST00463,PROD00383,10,0.25,2024-11-25
ORD008628,CUST01021,PROD00130,5,0.1,2022-04-29
ORD002413,CUST99471,PROD00320,1,0.0,2023-10-18
ORD004503,CUST00964,PROD00439,4,0.2,2022-06-13
ORD002406,CUST00416,PROD00085,5,0.0,2023-01-06
ORD003345,CUST00817,PROD00305,9,0.05,2022-10-18
ORD009748,CUST01004,PROD00290,9,0.0,2024-08-20
ORD007434,CUST00395,PROD00122,10,0.0,2023-09-14
ORD005545,CUST00657,PROD00139,2,0.0,2022-04-07
ORD003352,CUST00502,PROD00368,6,0.2,2022-07-29
ORD003874,CUST01036,PROD00351,6,0.0,2024-07-31
ORD004820,CUST00836,PROD00501,6,0.0,2023-07-28
ORD008659,CUST00772,PROD00099,11,0.0,2024-10-27
ORD006673,CUST00812,PROD00179,,0.1,2022-06-23
ORD008551,CUST01027,PROD00341,2,0.2,2023-06-07
ORD010064,CUST00423,PROD00314,9,0.05,2022-01-18
ORD008696,CUST00119,PROD00316,4,0.0,2024-07-14
ORD000316,CUST00802,PROD00312,10,0.0,2024-11-05
ORD001122,CUST00809,PROD00133,8,0.0,2022-10-01
ORD006110,CUST00845,PROD00182,14,0.0,2023-12-06
ORD005385,CUST01003,PROD00310,14,0.05,2022-07-14
ORD007502,CUST00630,PROD00336,4,0.0,2024-09-23
ORD005270,CUST00584,PROD00508,7,0.1,2023-10-12
ORD008427,CUST00654,PROD00208,1,0.25,2024-12-25
ORD008677,CUST00451,PROD00216,13,0.2,2023-03-04
ORD002639,CUST00128,PROD00216,4,0.2,2023-07-08
ORD005859,CUST00453,PROD00229,9,0.2,2024-04-20
ORD001085,CUST00119,PROD00263,3,0.0,2024-09-01
ORD002471,CUST00774,PROD00411,11,0.05,2023-11-13
ORD008512,CUST00029,PROD00435,5,0.0,2024-12-30
ORD007866,CUST00407,PROD00112,14,0.0,2024-01-12
ORD000851,CUST00267,PROD00415,11,0.15,2024-05-07
ORD001714,CUST00071,PROD00333,9,0.1,2024-09-05
ORD009240,CUST00646,PROD00476,9,0.1,2023-04-11
ORD002109,CUST00821,PROD00503,6,0.0,2022-01-17
ORD006463,CUST00382,PROD00025,11,0.05,2024-06-09
ORD000048,CUST00926,PROD99208,4,0.05,2022-10-24
ORD003882,CUST00651,PROD00148,14,0.15,2024-11-17
ORD005730,CUST00478,PROD00204,5,0.1,2024-09-01
ORD003001,CUST00568,PROD00058,,0.0,2024-05-29
ORD006364,CUST00174,PROD00187,10,0.05,2023-07-06
ORD009692,CUST00372,PROD00087,2,0.05,2024-12-21
ORD002037,CUST00724,PROD00239,10,0.0,2024-04-26
ORD006622,CUST00541,PROD00165,8,0.3,2024-04-15
ORD006322,CUST00084,PROD00391,9,0.15,2024-11-24
ORD002877,CUST00804,PROD00385,13,0.0,2023-03-17
ORD005767,CUST00928,PROD00243,4,,2024-09-24
ORD003617,CUST00145,PROD00446,12,,2024-10-06
ORD009847,CUST00696,PROD00416,9,0.0,2024-05-14
ORD004061,CUST00051,PROD00363,7,0.15,2022-07-28
ORD001892,CUST00679,PROD00364,3,0.05,2024-08-22
ORD009774,CUST00705,PROD00507,7,0.15,2023-06-17
ORD006887,CUST00171,PROD00381,1,0.0,2023-12-04
ORD002816,CUST00899,PROD00094,6,0.0,2024-09-22
ORD001195,CUST00652,PROD00050,1,0.05,2022-09-07
ORD002956,CUST01001,PROD00042,6,0.2,2022-09-13
ORD007337,CUST00050,PROD00285,2,0.0,2023-10-31
ORD000714,CUST00037,PROD00346,4,0.1,2022-02-27
ORD003669,CUST00510,PROD00139,4,0.0,2023-04-12
ORD005365,CUST00723,PROD00258,6,0.15,2023-05-05
ORD005059,CUST01026,PROD00295,6,0.0,2024-05-19
ORD010498,CUST00839,PROD99173,2,0.1,2022-05-19
ORD003647,CUST00498,PROD00110,4,-0.1,2022-07-12
ORD009108,CUST00380,PROD00448,2,0.05,2023-06-07
ORD007935,CUST00228,PROD00423,5,0.0,2023-11-02
ORD007253,CUST00349,PROD00156,12,0.15,2022-05-24
ORD005936,CUST01031,PROD00449,4,0.0,2024-05-15
ORD003033,CUST01030,PROD00174,11,0.3,2024-01-12
ORD002040,CUST00231,PROD99709,12,0.0,2024-09-14
ORD003401,CUST00539,PROD00020,2,0.0,2024-02-28
ORD004623,CUST00243,PROD00029,6,0.0,2023-01-02
ORD004304,CUST00178,PROD00157,4,0.1,2024-09-22
ORD004440,CUST99345,PROD00501,11,0.0,2024-03-05
ORD008344,CUST00835,PROD00022,14,0.0,2024-09-09
ORD005196,CUST00150,PROD00099,13,0.0,2024-11-12
ORD007756,CUST00321,PROD00481,8,0.0,2023-01-27
ORD004148,CUST00738,PROD00396,3,0.1,2024-01-19
ORD005939,CUST00471,PROD00015,12,0.05,2022-10-24
ORD009141,CUST00211,PROD00480,13,0.0,2023-05-09
ORD009169,CUST00895,PROD00002,13,0.15,2022-10-25
ORD001459,CUST00590,PROD00250,14,0.0,2023-11-22
ORD004899,CUST00034,PROD00482,5,0.0,2024-03-19
ORD000533,CUST00533,PROD00386,5,0.05,2024-06-20
ORD004068,CUST00307,PROD00322,3,0.25,2022-06-05
ORD005717,CUST01034,PROD00011,14,0.0,2022-10-26
ORD004771,CUST99363,PROD00171,4,0.1,2022-06-24
ORD006038,CUST00485,PROD00507,11,0.1,2023-11-28
ORD006349,CUST00772,PROD00317,5,0.2,2023-11-15
ORD008653,CUST00812,PROD00089,2,,2023-12-23
ORD001748,CUST00108,PROD00308,10,0.15,2023-01-01
ORD010406,CUST00781,PROD00418,10,0.1,2024-04-24
ORD007499,CUST00299,PROD00454,1,0.0,2023-11-19
ORD009733,CUST00837,PROD00410,1,0.0,2024-08-23
ORD002496,CUST00581,PROD00203,7,0.2,2023-09-27
ORD005026,CUST00530,PROD00512,4,0.05,2024-09-25
ORD004541,CUST00645,PROD00309,10,0.1,2024-12-14
ORD001512,CUST00091,PROD00004,4,0.05,2022-02-18
ORD003017,CUST00569,PROD00254,4,0.0,2024-12-10
ORD008876,CUST00938,PROD00004,13,0.15,2023-01-24
ORD004316,CUST00795,PROD00195,8,0.05,2022-09-12
ORD003144,CUST00056,PROD00085,1,0.2,2022-12-18
ORD006420,CUST00291,PROD00184,3,0.0,2022-11-22
ORD005303,CUST00295,PROD00495,6,0.3,2022-02-05
ORD003711,CUST00394,PROD00490,5,,2023-09-03
ORD005181,CUST00468,PROD00502,7,0.0,2024-02-17
ORD010426,CUST00092,PROD00135,1,0.0,2023-12-12
ORD000734,CUST00715,PROD00493,11,0.05,2023-09-26
ORD001594,CUST00080,PROD00378,2,0.25,2023-04-23
ORD009260,CUST00269,PROD00340,9,0.2,2023-06-01
ORD009308,CUST00877,PROD99238,1,0.0,2022-12-29
ORD006188,CUST00443,PROD00246,2,0.0,2024-05-05
ORD009301,CUST00910,PROD00432,13,0.0,2024-12-29
ORD000711,CUST00414,PROD00389,5,0.15,2022-03-11
ORD003266,CUST00060,PROD00401,10,0.0,2024-01-24
ORD001886,CUST00900,PROD99430,9,0.1,2023-03-06
ORD003091,CUST01032,PROD00326,1,0.15,2022-03-26
ORD004345,CUST00332,PROD00400,4,0.0,2022-09-18
ORD002407,CUST00385,PROD00270,11,0.1,2024-11-20
ORD000217,CUST00200,PROD00201,5,0.2,2022-11-24
ORD008234,CUST00630,PROD00337,7,0.1,2023-12-20
ORD008374,CUST00751,PROD00227,1,0.2,2023-01-14
ORD002817,CUST00573,PROD00428,5,0.2,2023-10-22
ORD007135,CUST00504,PROD00054,3,,2024-01-19
ORD009480,CUST01043,PROD00027,4,0.1,2023-05-22
ORD006742,CUST00995,PROD00332,4,0.05,2024-04-20
ORD005403,CUST00930,PROD00109,6,0.25,2024-07-31
ORD000543,CUST00649,PROD00032,5,0.0,2024-01-08
ORD008061,CUST00478,PROD00012,6,0.0,2022-03-30
ORD001207,CUST00926,PROD00292,2,,2022-06-27
ORD002019,CUST00090,PROD00279,9,0.1,2022-12-28
ORD007846,CUST00472,PROD00314,9,0.25,2022-06-19
ORD006292,CUST00998,PROD00381,13,0.2,2023-06-25
ORD005235,CUST00826,PROD00023,9,0.05,2023-09-07
ORD002272,CUST00326,PROD00415,6,0.2,2023-10-19
ORD008828,CUST00263,PROD00426,1,0.1,2022-10-29
ORD002515,CUST00770,PROD00502,2,0.0,2022-06-18
ORD009132,CUST00054,PROD00267,10,0.0,2023-05-10
ORD006662,CUST00760,PROD00316,7,0.15,2022-06-17
ORD009161,CUST00209,PROD00155,4,0.0,2023-11-16
ORD000625,CUST00027,PROD00030,4,0.2,2024-10-10
ORD006089,CUST00121,PROD00019,3,0.15,2022-10-02
ORD009225,CUST00815,PROD00333,7,,2022-10-20
ORD006000,CUST00566,PROD00203,,0.2,2024-05-03
ORD007093,CUST00527,PROD00141,7,0.0,2023-11-16
ORD007024,CUST99850,PROD00030,1,0.05,2024-11-09
ORD007986,CUST00481,PROD00039,4,0.15,2023-04-01
ORD007733,CUST00370,PROD00017,7,0.0,2023-01-30
ORD006999,CUST00089,PROD00328,13,0.2,2024-11-29
ORD009145,CUST00206,PROD00240,13,0.25,2022-07-28
ORD001502,CUST00010,PROD00516,5,0.05,2023-02-02
ORD006979,CUST00097,PROD00050,1,0.2,2024-07-20
ORD005736,CUST00858,PROD00298,13,0.05,2023-09-18
ORD000622,CUST00617,PROD00075,2,0.1,2024-04-06
ORD003659,CUST00902,PROD00168,10,0.15,2024-11-10
ORD005917,CUST00299,PROD00223,4,0.0,2023-06-10
ORD004177,CUST00328,PROD00075,12,0.1,2024-02-01
ORD005628,CUST00505,PROD00396,4,0.15,2023-01-18
ORD006492,CUST00891,PROD00081,,0.05,2024-03-04
ORD002239,CUST00213,PROD00460,3,,2024-09-19
ORD003039,CUST00063,PROD00364,12,0.0,2024-03-22
ORD004082,CUST00694,PROD00091,12,0.15,2023-12-21
ORD008085,CUST00155,PROD00018,5,0.2,2023-03-14
ORD007979,CUST00025,PROD00425,5,0.1,2022-07-29
ORD003693,CUST00829,PROD00465,1,0.0,2024-10-18
ORD004116,CUST00386,PROD00319,,0.15,2024-06-07
ORD001984,CUST00431,PROD00241,8,0.15,2024-12-05
ORD009878,CUST00941,PROD00184,4,0.2,2024-10-07
ORD000296,CUST00846,PROD00350,12,0.05,2022-01-02
ORD002390,CUST00989,PROD00269,13,0.15,2023-05-26
ORD002488,CUST00591,PROD00231,3,0.05,2022-07-29
ORD002158,CUST00574,PROD00456,13,0.2,2022-01-23
ORD002863,CUST00993,PROD00486,14,0.0,2023-11-11
ORD004804,CUST00827,PROD00103,1,0.05,2024-03-05
ORD010206,CUST00719,PROD00342,4,0.0,2023-08-05
ORD000762,CUST00189,PROD00397,12,0.0,2023-05-15
ORD007610,CUST00321,PROD00327,14,0.0,2022-12-04
ORD000287,CUST00527,PROD00383,5,0.05,2022-11-27
ORD000211,CUST00892,PROD00271,3,0.15,2024-09-20
ORD004619,CUST00117,PROD00234,9,0.1,2022-04-01
ORD004682,CUST00670,PROD00137,1,0.05,2024-03-17
ORD006740,CUST01039,PROD00065,9,0.0,2022-02-22
ORD009849,CUST00332,PROD00161,9,0.05,2024-05-18
ORD004093,CUST00698,PROD00315,14,0.0,2024-12-14
ORD005067,CUST00728,PROD00200,1,0.0,2024-06-24
ORD005062,CUST00127,PROD00152,5,0.1,2024-07-22
ORD004865,CUST00134,PROD00070,13,0.15,2024-02-26
ORD000334,CUST00156,PROD00238,5,0.05,2023-10-16
ORD004953,CUST00533,PROD00247,8,0.05,2024-08-28
ORD005969,CUST00781,PROD00259,14,0.0,2023-07-23
ORD002392,CUST00170,PROD00388,1,0.1,2023-05-14
ORD006647,CUST00729,PROD00067,13,0.1,2024-12-05
ORD006361,CUST00201,PROD00373,2,0.1,2024-11-01
ORD008714,CUST01001,PROD00158,3,0.05,2024-02-13
ORD009488,CUST00427,PROD00331,7,0.05,2023-03-10
ORD006136,CUST00784,PROD00375,10,0.05,2023-08-23
ORD000550,CUST00249,PROD00142,13,0.05,2024-12-26
ORD004300,CUST00719,PROD00427,6,0.05,2024-02-06
ORD005157,CUST00928,PROD00441,4,0.0,2022-09-12
ORD007435,CUST00328,PROD00461,7,0.1,2023-05-29
ORD000677,CUST00084,PROD00153,10,0.0,2022-03-27
ORD004845,CUST00029,PROD00014,1,0.2,2022-06-11
ORD002819,CUST01011,PROD00082,12,0.05,2023-07-09
ORD006249,CUST00367,PROD00287,8,0.15,2023-06-30
ORD006309,CUST00097,PROD00022,10,0.05,2023-03-14
ORD004195,CUST00444,PROD00386,10,0.0,2023-01-11
ORD003273,CUST00759,PROD00320,7,0.0,2022-08-29
ORD005153,CUST00098,PROD00374,6,0.15,2022-01-07
ORD003442,CUST00914,PROD00223,14,0.15,2024-12-16
ORD004072,CUST00997,PROD00396,4,0.15,2024-07-02
ORD001942,CUST00762,PROD00427,14,0.0,2024-05-18
ORD004339,CUST00069,PROD00427,2,0.0,2023-03-20
ORD002596,CUST00861,PROD00194,1,0.05,2022-08-02
ORD002616,CUST00971,PROD00039,2,0.25,2023-03-11
ORD005765,CUST00510,PROD00491,9,0.05,2024-10-23
ORD009752,CUST00059,PROD00068,7,0.0,2022-04-18
ORD001471,CUST00445,PROD00422,2,0.0,2023-05-06
ORD004924,CUST00731,PROD00317,5,0.0,2024-04-10
ORD000089,CUST00738,PROD00067,10,0.0,2023-01-17
ORD001563,CUST00419,PROD00043,4,0.15,2023-06-30
ORD002261,CUST00881,PROD00350,-1,0.3,2023-04-26
ORD003953,CUST00840,PROD00392,8,0.0,2024-04-29
ORD003543,CUST00851,PROD00391,2,0.0,2023-08-17
ORD008886,CUST00123,PROD00040,1,0.1,2023-05-07
ORD000409,CUST00771,PROD00265,11,0.05,2024-01-01
ORD001374,CUST00822,PROD00408,3,0.1,2022-04-07
ORD007689,CUST00974,PROD00192,1,0.3,2023-08-25
ORD008574,CUST00653,PROD00082,1,0.0,2024-01-06
ORD008594,CUST00011,PROD00268,6,0.0,2022-06-11
ORD004255,CUST00337,PROD00509,11,0.05,2024-04-08
ORD002517,CUST00906,PROD00029,7,0.0,2022-06-08
ORD010046,CUST00516,PROD00465,7,0.1,2022-06-11
ORD007353,CUST00121,PROD00108,14,0.0,2023-08-17
ORD009823,CUST00497,PROD00383,4,0.0,2023-04-30
ORD010403,CUST00312,PROD00048,14,0.05,2022-05-28
ORD003012,CUST00494,PROD00313,2,0.25,2024-09-13
ORD009885,CUST00147,PROD00294,3,0.25,2022-07-05
ORD004229,CUST00091,PROD00028,5,0.0,2022-04-23
ORD009133,CUST00017,PROD00491,14,0.0,2023-09-25
ORD001196,CUST00834,PROD00226,10,0.0,2024-10-01
ORD006638,CUST00968,PROD00370,12,0.1,2024-11-26
ORD009321,CUST00979,PROD00207,8,0.0,2023-05-05
ORD005949,CUST00431,PROD00419,8,0.2,2024-03-10
ORD009263,CUST00736,PROD00520,4,0.0,2023-08-13
ORD004223,CUST00314,PROD00091,7,0.15,2024-12-08
ORD004419,CUST00941,PROD00143,12,0.2,2022-07-08
ORD005036,CUST00605,PROD00148,13,0.0,2023-04-05
ORD001124,CUST00902,PROD00326,6,0.15,2024-09-18
ORD006352,CUST00889,PROD00245,13,0.1,2022-11-26
ORD008533,CUST00456,PROD00008,13,0.2,2023-11-05
ORD005594,CUST00708,PROD00343,4,0.0,2022-03-11
ORD003496,CUST00359,PROD00016,10,0.0,2024-12-28
ORD000107,CUST00477,PROD00314,11,0.05,2022-03-13
ORD006356,CUST00704,PROD00052,4,0.2,2022-11-28
ORD008778,CUST00280,PROD00093,8,0.3,2022-10-03
ORD000591,CUST00947,PROD00054,6,0.0,2022-02-24
ORD007304,CUST00780,PROD00435,12,0.2,2022-11-11
ORD004566,CUST01044,PROD00139,9,0.25,2023-12-08
ORD002185,CUST00133,PROD00191,8,0.2,2022-04-22
ORD003003,CUST00006,PROD00111,12,0.1,2022-02-14
ORD005352,CUST00382,PROD00155,6,0.1,2024-09-29
ORD003102,CUST00974,PROD00273,11,0.0,2023-01-21
ORD009159,CUST00549,PROD00397,3,0.05,2023-02-09
ORD010087,CUST99615,PROD00375,11,0.05,2022-04-14
ORD010434,CUST00858,PROD00357,4,0.15,2023-01-20
ORD006429,CUST01021,PROD00302,7,0.1,2024-09-11
ORD007796,CUST00767,PROD00416,13,,2024-04-14
ORD008738,CUST00068,PROD00358,14,0.1,2023-09-11
ORD008833,CUST00863,PROD00076,9,0.1,2022-06-03
ORD004190,CUST00622,PROD00468,,0.0,2024-01-14
ORD003106,CUST00045,PROD00116,10,0.0,2023-11-14
ORD009369,CUST00834,PROD00401,13,0.0,2022-11-03
ORD009441,CUST00126,PROD00486,14,0.0,2023-08-22
ORD008527,CUST00646,PROD00449,2,0.1,2023-08-31
ORD008458,CUST00485,PROD00342,2,0.2,2022-12-04
ORD003689,CUST00607,PROD00366,7,0.0,2023-02-12
ORD004485,CUST00184,PROD00465,11,0.0,2024-06-09
ORD005644,CUST00125,PROD00121,8,0.1,2023-04-26
ORD004085,CUST00699,PROD00272,1,0.05,2023-10-15
ORD007082,CUST01049,PROD00247,14,0.0,2022-09-03
ORD000030,CUST00938,PROD00009,4,0.05,2022-09-03
ORD004266,CUST00338,PROD00466,10,,2024-12-03
ORD002895,CUST00550,PROD00336,10,,2022-11-07
ORD004382,CUST00590,PROD00508,7,0.05,2022-03-01
ORD001887,CUST00725,PROD00499,1,0.0,2022-10-17
ORD008050,CUST00801,PROD00212,5,,2024-07-31
ORD001719,CUST00772,PROD00239,8,0.2,2024-12-04
ORD000569,CUST00913,PROD00280,14,0.25,2023-12-14
ORD005027,CUST00364,PROD00083,4,0.05,2022-04-02
ORD002792,CUST00406,PROD00270,7,0.2,2022-12-21
ORD008948,CUST01049,PROD00199,3,0.0,2023-10-18
ORD000218,CUST00361,PROD00171,12,0.05,2023-10-12
ORD003335,CUST00988,PROD00073,13,0.2,2024-07-31
ORD003946,CUST00647,PROD00131,14,0.3,2024-05-10
ORD000109,CUST99024,PROD00505,5,0.25,2022-05-02
ORD006063,CUST00710,PROD00283,3,0.1,2024-12-02
ORD005505,CUST00745,PROD00133,3,0.3,2024-10-08
ORD010354,CUST00638,PROD00366,8,0.05,2023-06-30
ORD006216,CUST00043,PROD00374,1,0.15,2024-01-01
ORD008683,CUST00878,PROD00275,5,0.15,2022-08-17
ORD001965,CUST00815,PROD00020,10,0.15,2023-07-13
ORD002555,CUST00045,PROD00424,3,0.25,2024-10-11
ORD007595,CUST00784,PROD00156,2,0.05,2023-11-05
ORD009600,CUST00008,PROD00028,9,0.25,2024-07-24
ORD001433,CUST00624,PROD00041,7,0.0,2024-01-12
ORD001091,CUST00914,PROD00247,5,0.3,2024-06-03
ORD007278,CUST00439,PROD00200,12,0.2,2024-05-08
ORD003880,CUST00590,PROD00507,9,0.1,2023-01-20
ORD001394,CUST00161,PROD00410,8,0.0,2024-06-11
ORD009972,CUST00090,PROD00200,4,0.05,2023-02-02
ORD001916,CUST00387,PROD00346,12,0.15,2023-04-01
ORD003541,CUST00136,PROD00472,9,0.15,2023-03-24
ORD003078,CUST00647,PROD00512,7,0.0,2022-02-07
ORD001982,CUST00106,PROD00511,9,0.1,2023-03-07
ORD002983,CUST00012,PROD00008,1,0.25,2023-05-22
ORD001251,CUST00228,PROD00403,4,0.05,2022-07-30
ORD007582,CUST00015,PROD00174,6,0.1,2022-07-28
ORD003661,CUST00885,PROD00126,2,0.2,2022-07-19
ORD007991,CUST00876,PROD00163,6,0.0,2023-03-28
ORD009561,CUST00424,PROD00132,1,0.15,2023-03-02
ORD009146,CUST00289,PROD00467,8,0.1,2024-10-09
ORD002627,CUST00733,PROD00113,,0.15,2024-06-10
ORD000577,CUST99353,PROD00021,2,0.1,2023-10-14
ORD009080,CUST00634,PROD00022,12,0.0,2024-02-20
ORD007211,CUST00540,PROD00056,12,0.05,2023-08-04
ORD008019,CUST00871,PROD00284,6,0.1,2023-10-18
ORD004690,CUST01015,PROD00250,7,,2022-06-30
ORD003306,CUST00431,PROD00224,3,0.0,2023-03-10
ORD003678,CUST00627,PROD00192,7,0.15,2022-07-14
ORD008880,CUST00017,PROD00312,4,0.0,2024-02-06
ORD005420,CUST00270,PROD00153,12,0.0,2022-06-08
ORD005363,CUST00806,PROD00177,1,0.0,2024-05-25
ORD008874,CUST00406,PROD00214,10,0.2,2022-09-25
ORD009098,CUST00228,PROD00326,14,0.3,2022-05-14
ORD002975,CUST00419,PROD00257,14,0.0,2024-03-03
ORD004748,CUST00570,PROD00338,12,0.15,2024-04-09
ORD002699,CUST00883,PROD00412,7,0.0,2022-01-07
ORD000719,CUST00068,PROD00213,10,,2024-04-23
ORD007633,CUST00862,PROD00305,6,0.15,2024-05-06
ORD009747,CUST00958,PROD00109,1,0.05,2024-08-22
ORD000737,CUST00877,PROD00059,12,0.0,2022-06-22
ORD000736,CUST00699,PROD00148,1,0.2,2022-04-07
ORD005715,CUST00532,PROD00347,,0.05,2023-12-04
ORD006227,CUST00383,PROD00006,,0.1,2024-05-17
ORD008818,CUST00788,PROD00508,3,0.0,2022-11-06
ORD000093,CUST00876,PROD00315,8,0.0,2022-09-30
ORD004420,CUST00300,PROD00196,13,0.0,2022-06-13
ORD010379,CUST00205,PROD00214,9,0.0,2024-01-02
ORD008072,CUST00040,PROD00069,2,0.1,2022-02-26
ORD002847,CUST00178,PROD00423,9,0.0,2022-05-27
ORD006974,CUST00218,PROD00272,2,0.2,2024-07-02
ORD000497,CUST00228,PROD00029,4,0.0,2024-03-16
ORD008125,CUST00359,PROD00389,10,0.25,2024-01-19
ORD008338,CUST00131,PROD00033,9,0.0,2024-04-13
ORD008117,CUST00231,PROD00215,9,0.2,2024-10-14
ORD007888,CUST00326,PROD00448,8,0.05,2023-04-20
ORD005759,CUST00943,PROD00251,2,0.0,2024-02-27
ORD008158,CUST00244,PROD00308,4,0.0,2022-02-10
ORD009302,CUST99757,PROD00134,1,0.2,2023-09-18
ORD005817,CUST00215,PROD00057,4,0.15,2023-07-24
ORD008599,CUST00652,PROD00426,8,0.0,2022-06-05
ORD001936,CUST00517,PROD00134,14,0.2,2024-01-28
ORD004027,CUST01040,PROD99282,2,0.2,2022-12-29
ORD002749,CUST00874,PROD00465,8,0.05,2023-02-26
ORD002233,CUST00361,PROD00272,14,0.05,2023-03-04
ORD002190,CUST00299,PROD00419,8,0.15,2024-01-20
ORD009484,CUST00089,PROD00401,4,0.0,2024-11-05
ORD007580,CUST00859,PROD00163,8,0.05,2024-03-26
ORD002523,CUST00863,PROD00512,8,0.0,2024-06-28
ORD000389,CUST00966,PROD00384,9,0.15,2024-10-27
ORD000837,CUST00562,PROD00363,6,0.0,2023-10-29
ORD009409,CUST00311,PROD00480,14,0.25,2022-08-04
ORD005457,CUST00455,PROD00016,2,,2023-08-25
ORD007433,CUST00735,PROD00416,2,0.1,2023-12-30
ORD007736,CUST00815,PROD00352,10,0.05,2024-12-19
ORD006197,CUST00690,PROD00457,3,0.25,2024-08-25
ORD001113,CUST00508,PROD00476,13,0.0,2023-12-30
ORD004826,CUST00600,PROD00350,12,0.1,2024-07-08
ORD003185,CUST00367,PROD00426,2,0.25,2022-09-09
ORD002192,CUST00779,PROD00046,13,0.1,2023-12-11
ORD008630,CUST00039,PROD00171,8,0.15,2024-08-19
ORD007248,CUST00382,PROD00215,13,0.0,2022-03-02
ORD007943,CUST00797,PROD00106,14,0.15,2024-06-19
ORD006880,CUST00500,PROD00040,8,0.0,2023-06-25
ORD005379,CUST00454,PROD00098,3,0.1,2024-03-30
ORD004141,CUST00664,PROD00441,9,0.05,2023-07-26
ORD002996,CUST00313,PROD00237,5,0.15,2024-02-20
ORD005289,CUST00498,PROD00303,8,0.05,2023-06-27
ORD006445,CUST00753,PROD00080,13,0.1,2023-01-22
ORD000417,CUST00844,PROD00050,5,0.15,2022-04-09
ORD003835,CUST00529,PROD00448,7,0.1,2024-05-03
ORD002961,CUST00872,PROD00206,5,0.25,2024-05-15
ORD003596,CUST00097,PROD00281,3,0.0,2022-03-19
ORD009559,CUST00417,PROD00300,10,0.1,2024-12-22
ORD006725,CUST00948,PROD00052,12,0.05,2023-08-22
ORD007443,CUST00143,PROD00088,9,0.1,2023-10-28
ORD006727,CUST00976,PROD00080,13,0.05,2024-04-10
ORD006879,CUST00937,PROD00015,11,0.0,2022-04-16
ORD000009,CUST00848,PROD00353,7,0.05,2023-06-19
ORD000469,CUST00011,PROD00276,8,0.15,2022-10-02
ORD010473,CUST00478,PROD00459,14,0.05,2024-05-10
ORD009854,CUST00505,PROD00383,8,0.0,2024-08-14
ORD009217,CUST00849,PROD00404,6,0.0,2022-01-23
ORD004123,CUST00419,PROD00365,8,0.05,2023-10-16
ORD001878,CUST00315,PROD00117,6,,2024-04-29
ORD001609,CUST00331,PROD00168,5,0.0,2024-11-30
ORD009277,CUST00491,PROD00038,14,0.1,2022-10-25
ORD009685,CUST00308,PROD00504,8,0.15,2023-01-11
ORD002685,CUST00417,PROD00085,7,0.0,2024-12-20
ORD005024,CUST00255,PROD00051,2,0.15,2024-06-26
ORD002621,CUST00161,PROD00055,8,0.05,2022-02-11
ORD008776,CUST00806,PROD00218,10,0.0,2023-04-08
ORD005609,CUST00341,PROD00280,7,0.25,2024-10-01
ORD007014,CUST00604,PROD99796,3,0.0,2024-12-28
ORD003610,CUST00137,PROD00389,10,0.1,2023-03-07
ORD009207,CUST00101,PROD00490,2,0.0,2023-12-10
ORD007221,CUST01043,PROD00299,5,0.15,2024-06-15
ORD009973,CUST00103,PROD00224,4,0.05,2022-01-12
ORD003413,CUST00525,PROD00066,6,0.1,2024-05-01
ORD001704,CUST00868,PROD00093,4,0.1,2024-02-05
ORD000971,CUST00098,PROD00478,8,0.25,2023-02-17
ORD000795,CUST00361,PROD99163,12,0.0,2022-05-13
ORD000731,CUST00583,PROD00493,3,0.05,2023-12-08
ORD003762,CUST00534,PROD00458,4,0.05,2023-07-03
ORD008464,CUST00001,PROD00444,1,0.0,2023-11-25
ORD008895,CUST00159,PROD00108,14,0.1,2022-10-23
ORD002862,CUST00544,PROD00336,11,0.15,2023-08-14
ORD002453,CUST00036,PROD00362,14,0.05,2022-07-09
ORD009929,CUST00493,PROD00046,7,0.0,2024-05-09
ORD006718,CUST00607,PROD00086,4,0.3,2023-09-27
ORD003205,CUST00163,PROD00257,6,0.2,2023-04-28
ORD008932,CUST00234,PROD00071,10,0.25,2022-03-01
ORD004122,CUST00023,PROD00419,11,0.05,2024-07-12
ORD000705,CUST00109,PROD00262,14,0.15,2022-03-23
ORD004455,CUST00356,PROD99319,2,0.1,2022-12-27
ORD005007,CUST00830,PROD00322,10,0.05,2023-08-15
ORD000246,CUST00738,PROD00250,9,0.2,2023-03-16
ORD004642,CUST00635,PROD00093,4,0.15,2024-07-04
ORD009416,CUST00925,PROD00362,4,0.1,2023-07-24
ORD001079,CUST00021,PROD00336,8,0.3,2022-06-12
ORD003718,CUST00732,PROD00215,2,0.2,2022-02-12
ORD010489,CUST00338,PROD00064,2,0.2,2024-08-25
ORD004620,CUST00886,PROD00147,11,2.0,2022-01-09
ORD001255,CUST00263,PROD00292,7,0.0,2024-06-19
ORD007325,CUST00035,PROD00212,1,0.15,2024-09-24
ORD008958,CUST00189,PROD00497,8,0.1,2023-07-16
ORD007513,CUST00208,PROD00380,,0.15,2024-05-08
ORD009508,CUST00974,PROD00483,,0.2,2022-06-16
ORD001112,CUST00287,PROD00447,5,0.0,2022-04-15
ORD009224,CUST00330,PROD00209,14,0.15,2024-11-13
ORD001489,CUST00572,PROD00287,10,0.0,2024-05-18
ORD004685,CUST99802,PROD00011,3,,2024-08-06
ORD006055,CUST00825,PROD00108,9,0.15,2023-08-13
ORD001784,CUST00095,PROD00252,9,0.05,2024-09-10
ORD006935,CUST00974,PROD00378,10,,2024-12-29
ORD000064,CUST00308,PROD00142,7,0.15,2024-11-05
ORD003461,CUST00391,PROD00340,4,0.25,2022-02-20
ORD005122,CUST00264,PROD00508,2,0.1,2024-12-11
ORD008453,CUST00274,PROD00001,3,0.0,2024-02-27
ORD010425,CUST00382,PROD00323,13,0.0,2024-07-27
ORD002146,CUST00700,PROD00308,4,0.0,2022-10-17
ORD004809,CUST00194,PROD00226,9,,2022-06-29
ORD005418,CUST00250,PROD00329,9,0.25,2024-12-25
ORD007436,CUST00456,PROD00334,6,0.1,2022-02-21
ORD002222,CUST00341,PROD00152,10,0.1,2024-06-07
ORD001003,CUST00391,PROD00170,5,0.0,2024-01-19
ORD004506,CUST00158,PROD00055,10,0.05,2024-01-19
ORD008806,CUST00120,PROD00268,5,0.1,2023-08-14
ORD008846,CUST00226,PROD00146,5,0.0,2022-07-05
ORD005364,CUST00808,PROD00203,2,0.0,2022-12-21
ORD001083,CUST00806,PROD00034,9,0.0,2023-04-14
ORD001040,CUST00429,PROD00070,4,0.0,2024-01-30
ORD007226,CUST00930,PROD00434,9,0.2,2022-02-18
ORD001027,CUST00476,PROD00480,1,0.0,2024-04-09
ORD000264,CUST00987,PROD00511,1,0.15,2023-03-08
ORD001455,CUST00818,PROD00455,6,0.1,2024-11-11
ORD001248,CUST00076,PROD00045,13,0.15,2024-08-24
ORD006450,CUST00655,PROD00141,7,0.2,2023-03-31
ORD005432,CUST00573,PROD00406,10,0.0,2022-01-09
ORD000656,CUST00569,PROD00421,5,0.2,2024-08-08
ORD000624,CUST00721,PROD00136,7,0.0,2023-06-08
ORD006334,CUST00856,PROD00141,14,0.2,2023-11-27
ORD003602,CUST00869,PROD00139,10,0.1,2024-04-28
ORD006626,CUST01026,PROD00510,11,0.0,2024-05-08
ORD002361,CUST00195,PROD00118,1,0.25,2024-03-04
ORD002969,CUST00857,PROD00422,11,0.15,2023-12-29
ORD006605,CUST00481,PROD00289,,0.2,2022-07-29
ORD005082,CUST01035,PROD00261,5,0.0,2022-09-30
ORD008100,CUST00612,PROD00108,11,0.0,2024-05-04
ORD006995,CUST00252,PROD00323,1,0.2,2022-09-12
ORD001108,CUST00011,PROD99211,7,0.1,2023-09-08
ORD004975,CUST00184,PROD00190,3,0.0,2024-08-28
ORD008116,CUST00005,PROD00256,10,0.1,2022-12-21
ORD006612,CUST00599,PROD00276,5,0.15,2024-02-18
ORD008406,CUST00316,PROD00374,6,0.15,2022-02-05
ORD000578,CUST00913,PROD00171,10,0.0,2023-07-28
ORD009710,CUST00780,PROD00150,4,0.05,2023-08-31
ORD004978,CUST00660,PROD00159,10,0.1,2023-07-12
ORD007541,CUST00915,PROD00356,3,0.15,2024-12-02
ORD010342,CUST00747,PROD00258,10,0.1,2022-12-13
ORD009093,CUST00604,PROD00270,7,0.1,2023-09-01
ORD001692,CUST00773,PROD00027,2,0.0,2023-07-13
ORD004827,CUST00829,PROD00436,3,0.05,2023-05-27
ORD003061,CUST00407,PROD00013,11,0.2,2022-07-02
ORD001769,CUST00041,PROD00214,,0.0,2023-03-22
ORD009357,CUST00573,PROD00096,8,0.05,2022-04-05
ORD009498,CUST00760,PROD00460,4,0.0,2024-03-08
ORD006081,CUST99091,PROD00437,3,0.0,2024-11-14
ORD009023,CUST99404,PROD00231,13,0.05,2024-03-16
ORD000077,CUST00905,PROD00465,11,0.15,2022-07-20
ORD003509,CUST00635,PROD00121,10,0.05,2023-06-08
ORD005959,CUST00791,PROD00373,2,0.3,2022-08-01
ORD007523,CUST00860,PROD00226,14,0.0,2023-09-13
ORD008462,CUST00374,PROD00007,5,0.05,2024-08-27
ORD006111,CUST00527,PROD00292,10,0.05,2023-02-17
ORD009181,CUST00196,PROD00028,2,0.0,2023-12-11
ORD010492,CUST00316,PROD00114,8,0.0,2022-10-09
ORD005096,CUST00246,PROD00059,6,0.0,2024-10-21
ORD004002,CUST00233,PROD00053,4,0.0,2022-02-21
ORD009177,CUST00675,PROD00355,1,0.0,2024-11-24
ORD002837,CUST00057,PROD00244,5,0.0,2024-05-17
ORD005397,CUST00408,PROD00035,8,0.05,2022-06-18
ORD009901,CUST00955,PROD00034,6,0.05,2024-01-17
ORD002211,CUST00407,PROD00119,10,0.05,2023-01-24
ORD001767,CUST00131,PROD00471,2,0.15,2024-10-02
ORD000684,CUST00143,PROD00361,8,,2023-08-14
ORD004293,CUST00980,PROD00083,5,0.0,2023-01-12
ORD000648,CUST00122,PROD00510,8,0.05,2022-08-09
ORD010168,CUST00441,PROD00059,6,0.1,2023-09-27
ORD004111,CUST00671,PROD00218,14,0.05,2024-02-06
ORD004376,CUST00057,PROD00503,8,0.0,2023-06-16
ORD001077,CUST00741,PROD00215,,0.15,2023-09-26
ORD000291,CUST00536,PROD00474,1,0.0,2023-03-06
ORD007958,CUST01013,PROD00015,11,0.3,2022-02-17
ORD001435,CUST00364,PROD00193,14,0.0,2024-05-12
ORD006160,CUST00111,PROD00179,1,0.2,2023-03-11
ORD006973,CUST00971,PROD00392,12,0.0,2022-08-19
ORD007559,CUST00020,PROD00221,7,0.1,2024-01-16
ORD009379,CUST00474,PROD00486,7,0.1,2023-01-23
ORD001804,CUST00395,PROD00333,5,0.3,2024-05-13
ORD005000,CUST00961,PROD00103,13,,2023-12-29
ORD004103,CUST00167,PROD00379,5,0.05,2023-09-02
ORD002246,CUST00932,PROD00380,14,0.3,2023-01-26
ORD006381,CUST00551,PROD00130,11,0.2,2023-10-21
ORD004650,CUST00147,PROD00425,13,0.0,2024-08-11
ORD005307,CUST00806,PROD00162,9,,2022-06-05
ORD002250,CUST00951,PROD00050,12,0.0,2024-12-22
ORD003351,CUST00375,PROD00012,12,0.15,2023-06-02
ORD003119,CUST00407,PROD00437,6,0.1,2023-07-13
ORD000563,CUST00452,PROD00337,9,0.0,2023-03-31
ORD003530,CUST00627,PROD00197,1,0.05,2022-04-14
ORD001684,CUST00060,PROD00190,6,0.0,2022-05-04
ORD000186,CUST00161,PROD00137,13,0.0,2024-08-12
ORD004031,CUST00156,PROD00165,,0.0,2024-06-14
ORD008420,CUST00429,PROD00218,10,0.1,2023-03-29
ORD009744,CUST00017,PROD00195,4,0.05,2022-02-28
ORD003523,CUST00601,PROD00104,4,0.25,2022-05-13
ORD005014,CUST00769,PROD00219,7,0.1,2022-06-04
ORD003783,CUST00639,PROD00070,10,0.15,2023-06-09
ORD000020,CUST00766,PROD00121,9,0.1,2022-06-24
ORD001298,CUST00208,PROD00064,2,0.0,2022-09-08
ORD002535,CUST00125,PROD00186,6,0.1,2024-07-01
ORD006336,CUST00084,PROD00353,14,0.0,2024-01-14
ORD004635,CUST00190,PROD00275,11,0.0,2024-12-19
ORD002803,CUST00244,PROD00290,8,0.05,2023-02-22
ORD003062,CUST00839,PROD00329,6,0.25,2024-02-28
ORD006652,CUST00691,PROD00352,8,,2023-10-07
ORD007356,CUST00049,PROD00413,8,0.2,2023-06-01
ORD007970,CUST00023,PROD00159,3,0.0,2022-12-21
ORD007237,CUST00421,PROD00151,5,0.15,2024-08-25
ORD009725,CUST00443,PROD00490,10,0.0,2024-06-06
ORD010003,CUST00849,PROD00483,5,0.0,2024-10-28
ORD000382,CUST00088,PROD00389,12,0.0,2024-10-12
ORD003575,CUST00691,PROD00131,11,0.15,2024-04-16
ORD005080,CUST00072,PROD00204,2,0.15,2024-04-22
ORD006674,CUST00058,PROD00308,12,0.05,2022-07-03
ORD008132,CUST00993,PROD00337,8,0.2,2023-09-05
ORD006097,CUST00903,PROD00096,7,0.1,2022-02-01
ORD006889,CUST00825,PROD00109,8,0.0,2023-02-15
ORD007051,CUST00966,PROD00138,7,0.0,2022-10-21
ORD006101,CUST00031,PROD00201,10,,2023-09-15
ORD004114,CUST00993,PROD00025,9,0.1,2024-10-14
ORD005298,CUST01017,PROD00357,7,0.0,2022-05-13
ORD009955,CUST00056,PROD00299,11,0.1,2024-12-02
ORD009283,CUST00700,PROD00224,,0.0,2023-04-23
ORD009344,CUST00414,PROD00057,13,0.0,2023-07-27
ORD003066,CUST00177,PROD00393,6,0.1,2024-04-09
ORD003134,CUST00965,PROD00284,7,0.05,2023-06-30
ORD009520,CUST01002,PROD00302,1,0.15,2024-03-04
ORD003618,CUST00566,PROD00445,9,0.0,2024-11-24
ORD003910,CUST00257,PROD00077,,0.2,2023-07-29
ORD009812,CUST00293,PROD00108,14,0.0,2024-10-02
ORD008236,CUST00652,PROD00021,1,,2022-03-20
ORD004562,CUST00679,PROD00052,4,,2022-01-26
ORD004583,CUST00621,PROD00262,2,0.2,2022-08-15
ORD002139,CUST00311,PROD00508,7,0.2,2024-09-25
ORD004216,CUST00420,PROD00220,10,0.05,2024-04-14
ORD001473,CUST00249,PROD00465,2,0.1,2022-10-09
ORD005088,CUST00055,PROD00074,6,0.0,2023-05-05
ORD004573,CUST00999,PROD00018,10,0.1,2024-08-27
ORD001787,CUST01005,PROD00473,10,0.15,2022-10-16
ORD006934,CUST00047,PROD00467,12,0.1,2023-05-21
ORD007766,CUST00880,PROD00261,7,0.1,2022-04-29
ORD000531,CUST00271,PROD00474,5,0.0,2024-10-06
ORD001369,CUST01043,PROD00449,10,0.0,2024-11-21
ORD004512,CUST00383,PROD00085,12,0.0,2023-02-26
ORD003013,CUST00773,PROD00034,6,0.3,2024-06-13
ORD008780,CUST00755,PROD00393,9,0.0,2024-04-22
ORD007280,CUST00106,PROD00308,13,0.05,2024-11-05
ORD002508,CUST00661,PROD00075,10,0.3,2023-11-18
ORD004581,CUST00787,PROD00431,6,0.0,2023-09-19
ORD008999,CUST00182,PROD00043,5,0.05,2024-09-03
ORD002964,CUST00249,PROD00159,6,0.2,2023-02-05
ORD003468,CUST00823,PROD00188,14,0.0,2022-10-13
ORD003397,CUST00322,PROD00343,4,0.15,2022-12-17
ORD005980,CUST00102,PROD00118,2,0.0,2024-11-13
ORD000145,CUST01018,PROD00269,3,0.15,2022-03-31
ORD001955,CUST00518,PROD00058,6,0.0,2024-09-12
ORD002949,CUST00970,PROD00116,12,0.1,2024-03-15
ORD007033,CUST00294,PROD00406,12,0.3,2023-03-27
ORD006585,CUST00183,PROD00446,12,0.1,2022-10-02
ORD008563,CUST00909,PROD00122,8,0.2,2023-11-17
ORD009500,CUST00489,PROD00492,12,0.0,2022-08-04
ORD000759,CUST00439,PROD00285,2,0.3,2022-01-07
ORD008449,CUST00982,PROD00476,10,0.1,2022-07-19
ORD002341,CUST00136,PROD00381,6,0.0,2024-02-03
ORD001663,CUST00385,PROD00377,13,0.0,2023-04-07
ORD009513,CUST00799,PROD00520,8,0.0,2022-05-06
ORD005847,CUST00601,PROD00025,12,0.0,2024-12-11
ORD003996,CUST00710,PROD00100,6,0.0,2022-06-14
ORD003435,CUST00898,PROD00476,8,0.0,2022-05-24
ORD002316,CUST00513,PROD00131,12,0.0,2024-03-14
ORD007666,CUST00381,PROD99920,8,0.1,2023-11-03
ORD003230,CUST01022,PROD00344,6,0.0,2024-10-05
ORD004049,CUST00654,PROD00434,12,0.0,2023-09-27
ORD003131,CUST00502,PROD00242,2,0.05,2022-01-30
ORD004330,CUST01011,PROD00201,11,0.1,2023-06-05
ORD002076,CUST00226,PROD00024,10,0.05,2023-07-15
ORD007264,CUST00492,PROD00223,7,0.0,2024-01-19
ORD006769,CUST00534,PROD00055,11,0.1,2022-09-28
ORD008800,CUST00193,PROD00233,8,0.1,2023-09-05
ORD006392,CUST00363,PROD00174,13,0.15,2024-10-26
ORD006563,CUST00426,PROD00516,1,0.05,2022-12-16
ORD003379,CUST00902,PROD00177,6,0.05,2024-03-09
ORD002479,CUST00704,PROD00094,10,0.0,2024-01-09
ORD005872,CUST99954,PROD00409,12,0.15,2023-03-23
ORD004100,CUST00642,PROD00153,2,0.0,2022-02-19
ORD000432,CUST00089,PROD00435,10,0.1,2024-03-07
ORD005981,CUST00435,PROD00475,7,0.15,2022-04-10
ORD000001,CUST00415,PROD00332,1,0.25,2022-02-25
ORD003022,CUST00365,PROD00199,6,0.0,2023-07-13
ORD001513,CUST00221,PROD00446,14,0.0,2023-01-20
ORD000350,CUST00514,PROD00512,11,0.15,2023-08-20
ORD005047,CUST00766,PROD00062,11,0.0,2022-05-25
ORD005736,CUST00858,PROD00298,13,0.05,2023-09-18
ORD003985,CUST00682,PROD00248,6,0.0,2024-12-28
ORD006849,CUST99706,PROD00291,9,0.1,2023-09-09
ORD001627,CUST00591,PROD00271,10,0.1,2022-06-13
ORD003471,CUST99230,PROD00322,11,0.1,2024-08-09
ORD003038,CUST00118,PROD00456,5,0.0,2024-11-30
ORD009637,CUST00981,PROD99742,2,0.0,2023-02-05
ORD003603,CUST00571,PROD00445,5,0.0,2023-11-17
ORD002287,CUST00579,PROD00468,13,0.25,2022-05-20
ORD001985,CUST00003,PROD00278,5,0.25,2024-12-20
ORD010225,CUST00774,PROD00442,11,0.0,2022-11-17
ORD008450,CUST00273,PROD00130,10,0.0,2023-10-02
ORD001156,CUST00839,PROD00443,8,0.1,2024-02-18
ORD002110,CUST00449,PROD00055,3,0.1,2022-02-25
ORD006391,CUST00575,PROD00211,,0.0,2024-12-03
ORD007319,CUST00270,PROD00395,7,0.1,2022-04-13
ORD007540,CUST00413,PROD00192,10,0.05,2022-03-23
ORD002590,CUST00218,PROD00358,12,0.15,2023-06-18
ORD010133,CUST01040,PROD00021,1,0.15,2024-10-07
ORD000709,CUST00198,PROD00493,14,0.25,2022-06-08
ORD009044,CUST00859,PROD00239,14,0.05,2023-08-28
ORD001865,CUST00990,PROD00154,1,0.05,2023-02-06
ORD000917,CUST01014,PROD00158,3,0.2,2023-06-11
ORD003786,CUST00343,PROD00143,3,0.05,2024-01-28
ORD005197,CUST00444,PROD00021,13,0.25,2024-08-10
ORD002603,CUST00921,PROD00282,1,0.0,2023-05-30
ORD006798,CUST00323,PROD00265,13,0.05,2024-08-25
ORD008517,CUST00538,PROD00309,12,0.05,2023-08-15
ORD008682,CUST00116,PROD00432,6,0.1,2024-03-24
ORD003089,CUST00889,PROD00029,12,0.25,2023-11-08
ORD004360,CUST00500,PROD00372,10,0.0,2024-10-15
ORD003980,CUST00490,PROD00208,14,0.1,2024-06-29
ORD001958,CUST00241,PROD00343,12,0.0,2022-04-11
ORD009261,CUST00179,PROD00094,11,0.15,2024-11-02
ORD009992,CUST00195,PROD00484,5,0.3,2023-03-20
ORD000621,CUST00648,PROD00046,12,0.0,2023-10-31
ORD005503,CUST00295,PROD00333,8,0.0,2023-10-14
ORD002628,CUST00324,PROD00336,12,0.0,2022-08-12
ORD000783,CUST00845,PROD00118,11,0.0,2022-06-06
ORD010373,CUST00111,PROD00176,9,0.3,2022-11-25
ORD001157,CUST00810,PROD00317,,,2024-02-27
ORD008418,CUST00765,PROD00005,2,0.1,2022-12-03
ORD001510,CUST00198,PROD00140,,0.05,2023-04-25
ORD006246,CUST00868,PROD00449,4,0.2,2022-10-24
ORD000317,CUST00496,PROD00091,1,0.0,2024-11-22
ORD003132,CUST00767,PROD00340,4,0.0,2022-06-12
ORD002860,CUST00771,PROD00445,1,0.05,2023-03-16
ORD004367,CUST00298,PROD00341,1,0.1,2023-11-17
ORD004129,CUST00910,PROD00387,7,0.0,2024-07-30
ORD000380,CUST00034,PROD00358,13,0.0,2022-12-09
ORD003747,CUST00146,PROD00128,2,0.25,2022-06-27
ORD003264,CUST00857,PROD00315,4,0.0,2023-02-09
ORD009584,CUST00773,PROD00018,5,0.05,2023-11-04
ORD008616,CUST00998,PROD00196,2,0.0,2023-11-16
ORD004511,CUST00313,PROD00092,5,0.0,2022-12-11
ORD007613,CUST00455,PROD00071,3,0.1,2022-01-17
ORD009967,CUST00297,PROD00242,7,0.0,2023-06-23
ORD003648,CUST00454,PROD00136,14,0.15,2023-08-08
ORD006927,CUST00918,PROD00479,6,,2023-11-12
ORD005508,CUST00631,PROD00186,7,0.05,2023-10-22
ORD010132,CUST00522,PROD00232,14,0.25,2022-10-16
ORD009545,CUST00742,PROD00018,6,0.1,2024-06-10
ORD003541,CUST00136,PROD00472,9,0.15,2023-03-24
ORD003694,CUST00299,PROD00371,2,0.1,2024-06-27
ORD006102,CUST99495,PROD00465,12,0.0,2023-06-30
ORD002693,CUST00787,PROD00035,4,0.1,2022-02-05
ORD000104,CUST01017,PROD00371,1,0.1,2023-07-19
ORD006936,CUST00844,PROD00193,10,0.3,2023-08-20
ORD007723,CUST00118,PROD00370,11,0.05,2023-09-03
ORD005577,CUST00933,PROD00179,14,0.0,2022-06-27
ORD008494,CUST99571,PROD00236,2,0.3,2022-10-21
ORD005083,CUST00671,PROD00325,1,0.05,2023-01-29
ORD002725,CUST00956,PROD00223,10,0.2,2023-02-28
ORD008674,CUST00048,PROD00024,3,0.05,2023-04-10
ORD000757,CUST00893,PROD00232,10,0.0,2024-02-13
ORD003354,CUST00545,PROD00368,8,0.0,2023-12-11
ORD007486,CUST00157,PROD00446,1,0.05,2022-05-15
ORD004825,CUST00796,PROD00006,7,0.05,2024-08-20
ORD003388,CUST00223,PROD00434,12,0.15,2023-04-22
ORD009229,CUST00019,PROD00108,1,,2023-08-23
ORD006299,CUST00426,PROD00496,12,0.1,2022-12-20
ORD009625,CUST99627,PROD00121,2,0.1,2023-05-04
ORD009162,CUST00505,PROD00334,10,0.0,2022-06-21
ORD009626,CUST00416,PROD00015,7,0.25,2024-04-05
ORD004668,CUST00920,PROD00462,9,-0.1,2022-03-21
ORD006845,CUST00289,PROD00114,1,0.1,2023-01-28
ORD004273,CUST00218,PROD00198,13,0.15,2024-11-08
ORD003449,CUST00997,PROD00040,1,0.1,2023-01-27
ORD002532,CUST00220,PROD00028,14,0.1,2023-09-21
ORD004699,CUST01035,PROD00362,7,0.2,2024-08-14
ORD009076,CUST00177,PROD00367,4,0.1,2022-05-18
ORD009890,CUST00006,PROD00341,6,0.1,2023-10-02
ORD008994,CUST00159,PROD00468,5,0.05,2022-12-25
ORD008609,CUST00682,PROD00014,5,0.05,2024-10-20
ORD005506,CUST00501,PROD00132,6,0.15,2022-10-07
ORD003521,CUST00126,PROD00059,,0.2,2024-02-22
ORD000568,CUST00172,PROD00338,3,0.0,2022-09-09
ORD004743,CUST00554,PROD00203,7,0.2,2023-12-03
ORD006655,CUST00162,PROD00358,5,0.1,2023-07-13
ORD009148,CUST01028,PROD99003,8,0.25,2022-09-26
ORD002448,CUST00350,PROD00475,13,,2022-08-22
ORD006075,CUST00433,PROD00179,12,0.2,2024-06-07
ORD008310,CUST01039,PROD00510,3,0.25,2023-09-18
ORD008444,CUST00206,PROD00081,12,0.0,2023-07-14
ORD007205,CUST00077,PROD00295,13,0.0,2024-08-30
ORD002614,CUST01017,PROD00438,8,0.0,2023-09-19
ORD009935,CUST01013,PROD00211,5,0.0,2023-07-28
ORD002454,CUST00596,PROD00004,10,0.0,2023-11-30
ORD008535,CUST00208,PROD00259,14,0.25,2023-03-24
ORD006401,CUST00915,PROD00253,5,0.1,2022-04-25
ORD009342,CUST00260,PROD00205,2,0.25,2024-10-29
ORD008671,CUST00301,PROD00023,12,0.2,2023-03-18
ORD001225,CUST00659,PROD00322,11,0.0,2023-12-18
ORD009026,CUST00225,PROD00306,12,0.05,2022-07-16
ORD006132,CUST00515,PROD00277,1,0.1,2022-01-12
ORD001200,CUST00208,PROD00407,7,0.2,2023-02-06
ORD001671,CUST00976,PROD00397,10,0.05,2024-03-25
ORD000765,CUST00974,PROD00387,5,0.0,2022-01-14
ORD005909,CUST00359,PROD00039,7,0.05,2023-12-08
ORD004973,CUST00421,PROD00286,1,0.25,2023-06-20
ORD000037,CUST00087,PROD00336,6,0.05,2023-02-18
ORD002418,CUST00435,PROD00249,14,0.0,2022-03-11
ORD003650,CUST01000,PROD00166,12,0.2,2022-04-04
ORD006068,CUST00752,PROD00087,12,0.05,2023-02-02
ORD006367,CUST00491,PROD00102,13,0.05,2023-12-20
ORD009587,CUST00693,PROD00422,3,0.15,2023-12-25
ORD010212,CUST00427,PROD00073,3,0.2,2024-06-30
ORD008740,CUST00456,PROD00294,14,0.05,2023-03-17
ORD006731,CUST00103,PROD00287,5,,2024-09-17
ORD003015,CUST00650,PROD00227,12,0.0,2024-03-13
ORD001906,CUST00593,PROD00240,6,0.1,2023-03-16
ORD004814,CUST00508,PROD00495,11,0.1,2022-08-12
ORD005028,CUST00971,PROD00444,8,0.1,2022-08-02
ORD006163,CUST00760,PROD00398,9,0.0,2024-08-22
ORD001352,CUST00763,PROD00473,6,0.05,2024-11-01
ORD006449,CUST00135,PROD00100,14,0.1,2023-11-24
ORD009483,CUST00988,PROD00120,8,0.05,2022-12-08
ORD008777,CUST00427,PROD00428,12,0.25,2022-11-15
ORD004448,CUST00785,PROD00502,10,0.05,2024-10-17
ORD001361,CUST00603,PROD00513,9,0.05,2024-07-23
ORD006990,CUST00983,PROD00295,9,0.15,2023-09-01
ORD002755,CUST00329,PROD00140,9,0.0,2023-09-18
ORD005666,CUST00162,PROD00099,9,0.25,2024-05-23
ORD000487,CUST00003,PROD00158,2,0.0,2024-02-25
ORD007643,CUST00763,PROD00234,7,0.0,2023-09-24
ORD006095,CUST00090,PROD00051,1,0.1,2023-02-04
ORD006434,CUST00303,PROD00506,13,0.0,2024-04-18
ORD007144,CUST00871,PROD00293,5,0.1,2024-04-14
ORD003947,CUST00915,PROD00193,13,0.15,2023-07-01
ORD010493,CUST00430,PROD00398,2,,2023-02-18
ORD002313,CUST00603,PROD00400,8,0.0,2022-02-26
ORD005358,CUST00079,PROD00458,11,0.1,2022-10-14
ORD000638,CUST00624,PROD00037,12,,2022-08-08
ORD001072,CUST00503,PROD00142,4,0.2,2024-06-30
ORD009740,CUST00123,PROD00459,10,0.1,2024-09-30
ORD006456,CUST00178,PROD00306,4,0.0,2024-05-29
ORD001191,CUST00491,PROD00120,1,0.1,2022-08-28
ORD006073,CUST00701,PROD00297,7,0.05,2022-11-26
ORD003542,CUST00975,PROD00159,6,0.2,2022-09-03
ORD001651,CUST00703,PROD00435,11,0.1,2024-09-04
ORD005895,CUST00560,PROD00120,1,0.0,2022-03-02
ORD000150,CUST00414,PROD00308,14,0.05,2023-07-03
ORD003621,CUST00292,PROD00451,6,0.0,2024-04-22
ORD009739,CUST00626,PROD00217,10,0.1,2022-03-31
ORD005399,CUST00552,PROD00050,14,0.0,2023-05-22
ORD002866,CUST00182,PROD00457,7,0.1,2024-11-03
ORD000168,CUST00654,PROD00449,2,0.0,2023-07-09
ORD001792,CUST00386,PROD00068,6,0.3,2024-10-10
ORD005422,CUST00266,PROD00266,6,0.05,2023-08-18
ORD003049,CUST00128,PROD00385,6,0.0,2022-09-25
ORD007939,CUST00531,PROD00099,13,0.25,2022-11-30
ORD004610,CUST00449,PROD00385,13,,2023-11-14
ORD001585,CUST00280,PROD00250,1,0.0,2024-02-23
ORD004048,CUST00135,PROD00045,7,0.2,2023-08-31
ORD000802,CUST00185,PROD00043,11,0.1,2024-05-21
ORD009315,CUST00113,PROD00401,1,0.0,2022-11-14
ORD009374,CUST00293,PROD00159,14,0.0,2023-04-21
ORD006307,CUST00268,PROD00019,3,0.0,2022-02-24
ORD010091,CUST00689,PROD00025,12,0.05,2024-11-20
ORD003232,CUST00524,PROD00202,9,0.2,2022-03-14
ORD000743,CUST00235,PROD00038,2,0.05,2023-08-22
ORD007361,CUST00268,PROD00002,12,0.0,2024-01-15
ORD004296,CUST00720,PROD00281,14,0.0,2022-06-09
ORD001661,CUST00510,PROD00327,8,0.2,2024-02-09
ORD004464,CUST00779,PROD00420,1,,2023-08-11
ORD002733,CUST00358,PROD00087,1,0.05,2022-10-27
ORD000634,CUST00983,PROD00081,6,0.0,2023-10-13
ORD009612,CUST00051,PROD00047,7,0.0,2024-02-24
ORD005616,CUST00535,PROD00357,3,0.25,2023-08-25
ORD010066,CUST00879,PROD00297,7,0.25,2022-12-12
ORD007606,CUST00010,PROD00426,5,0.0,2024-01-03
ORD008656,CUST00451,PROD00480,,0.0,2022-09-08
ORD005796,CUST01047,PROD00200,7,0.0,2024-03-31
ORD006818,CUST00322,PROD00063,9,0.05,2022-02-12
ORD000800,CUST00611,PROD00473,1,,2022-06-12
ORD002841,CUST00757,PROD00242,8,0.15,2023-03-07
ORD005211,CUST99683,PROD00316,1,0.0,2022-12-20
ORD005359,CUST00256,PROD00372,12,0.25,2024-11-12
ORD005801,CUST01015,PROD00123,-3,0.2,2022-06-25
ORD007614,CUST00591,PROD00004,7,0.0,2024-03-17
ORD001211,CUST99955,PROD00318,13,,2023-09-30
ORD001723,CUST00108,PROD00443,10,0.05,2022-05-24
ORD002233,CUST00361,PROD00272,14,0.05,2023-03-04
ORD009659,CUST00052,PROD00306,2,0.15,2024-04-28
ORD009771,CUST00542,PROD00506,12,0.15,2023-09-29
ORD007342,CUST00076,PROD00462,13,0.1,2023-07-11
ORD002013,CUST00932,PROD00473,,0.15,2023-06-08
ORD007551,CUST00795,PROD00140,9,0.05,2022-12-08
ORD006287,CUST00438,PROD00331,8,0.15,2022-08-25
ORD001189,CUST00529,PROD99942,12,0.1,2023-03-29
ORD007678,CUST00514,PROD00397,6,0.25,2023-01-24
ORD006168,CUST00277,PROD00054,11,0.15,2022-08-27
ORD010291,CUST00157,PROD00242,3,0.0,2023-09-17
ORD000587,CUST00687,PROD00320,12,0.05,2024-08-10
ORD009998,CUST00836,PROD00511,11,0.0,2023-09-04
ORD007761,CUST01011,PROD00053,9,,2022-06-21
ORD002128,CUST00645,PROD00442,2,0.1,2024-02-07
ORD008914,CUST00283,PROD00237,4,0.1,2024-08-18
ORD007948,CUST00977,PROD00035,12,0.25,2023-11-19
ORD001924,CUST00474,PROD00360,10,0.15,2023-06-14
ORD003140,CUST00274,PROD00378,7,0.0,2024-04-29
ORD008500,CUST00174,PROD00198,2,0.0,2022-04-27
ORD002108,CUST00257,PROD00482,14,0.1,2024-12-10
ORD003740,CUST00635,PROD00045,14,0.25,2024-01-07
ORD004053,CUST00390,PROD00339,3,0.05,2023-05-25
ORD009100,CUST00587,PROD00037,10,0.0,2023-01-13
ORD000024,CUST00031,PROD00326,5,,2024-10-16
ORD006829,CUST00225,PROD00006,5,0.1,2023-09-17
ORD006905,CUST00866,PROD00021,2,0.25,2024-03-30
ORD009489,CUST99895,PROD00229,10,0.05,2023-02-21
ORD008695,CUST00133,PROD00460,1,0.05,2023-03-24
ORD002615,CUST00425,PROD00404,6,0.0,2023-10-29
ORD007660,CUST00540,PROD00353,12,0.25,2022-08-27
ORD008383,CUST00281,PROD00241,3,0.1,2024-11-11
ORD003059,CUST00547,PROD00007,2,0.15,2023-03-12
ORD001428,CUST00419,PROD00265,1,0.25,2022-01-06
ORD000790,CUST00894,PROD00427,2,0.0,2024-02-22
ORD002821,CUST00874,PROD00483,2,,2024-07-27
ORD001348,CUST00282,PROD00020,14,0.15,2023-11-12
ORD010445,CUST00675,PROD00434,8,0.3,2022-11-24
ORD010135,CUST00360,PROD00081,3,0.05,2023-12-25
ORD008457,CUST00900,PROD00377,2,0.15,2024-02-01
ORD008343,CUST00836,PROD00295,1,0.1,2022-05-26
ORD008425,CUST00656,PROD00480,3,0.2,2022-08-11
ORD002031,CUST00253,PROD00364,8,0.2,2022-04-26
ORD004506,CUST00158,PROD00055,10,0.05,2024-01-19
ORD008098,CUST00235,PROD00229,3,0.25,2024-04-06
ORD005639,CUST00868,PROD00345,3,0.0,2022-07-30
ORD008030,CUST00034,PROD00064,8,0.3,2024-09-29
ORD006689,CUST00693,PROD00366,8,0.0,2023-01-22
ORD001419,CUST00727,PROD00482,,0.0,2024-11-02
ORD002772,CUST00601,PROD00121,3,0.3,2022-01-23
ORD003060,CUST00909,PROD00402,2,0.15,2022-05-23
ORD000606,CUST00741,PROD00228,10,0.25,2024-02-04
ORD007370,CUST00081,PROD00489,9,0.2,2022-04-07
ORD008887,CUST00984,PROD00331,1,0.0,2024-06-29
ORD010280,CUST00162,PROD00156,1,,2023-11-15
ORD000994,CUST00739,PROD00070,4,0.3,2023-03-29
ORD002426,CUST01011,PROD00509,1,0.0,2022-08-26
ORD009715,CUST00135,PROD00389,10,0.0,2023-06-21
ORD005033,CUST00497,PROD00101,4,0.1,2023-01-15
ORD009354,CUST00452,PROD00186,7,,2023-04-07
ORD004112,CUST00989,PROD00302,2,0.0,2024-07-08
ORD005299,CUST00830,PROD00074,3,0.05,2023-10-10
ORD007842,CUST00551,PROD99501,4,0.3,2023-11-16
ORD003839,CUST00021,PROD00519,10,0.15,2024-02-26
ORD005831,CUST00979,PROD00436,5,0.1,2022-02-06
ORD001892,CUST00679,PROD00364,3,0.05,2024-08-22
ORD003533,CUST00059,PROD00254,5,,2022-06-12
ORD004090,CUST00669,PROD00407,10,0.0,2022-04-27
ORD007402,CUST00511,PROD00292,12,0.0,2023-01-27
ORD005222,CUST00572,PROD00376,14,0.0,2022-08-12
ORD003046,CUST00363,PROD00194,10,0.05,2022-12-06
ORD006500,CUST00331,PROD99050,9,0.0,2022-04-21
ORD003209,CUST00500,PROD00086,2,0.0,2022-10-05
ORD008492,CUST00980,PROD00094,11,0.15,2023-05-30
ORD010300,CUST00302,PROD00194,14,0.0,2022-12-04
ORD007645,CUST00700,PROD00366,13,0.0,2024-03-12
ORD001685,CUST00669,PROD00384,13,,2023-04-13
ORD002955,CUST00550,PROD00376,7,0.2,2022-06-10
ORD006671,CUST99237,PROD00361,5,0.05,2022-06-06
ORD004763,CUST00991,PROD00076,5,0.15,2022-11-30
ORD001254,CUST00360,PROD00339,1,0.0,2024-03-24
ORD004075,CUST00123,PROD00422,3,0.0,2024-08-11
ORD007013,CUST00442,PROD00265,10,0.0,2022-09-05
ORD010312,CUST00986,PROD00025,1,0.15,2023-08-15
ORD001311,CUST00733,PROD00474,13,0.05,2024-11-21
ORD002056,CUST00800,PROD00395,5,0.05,2023-07-29
ORD004522,CUST00932,PROD00445,12,0.05,2024-04-24
ORD008579,CUST00722,PROD00009,10,0.15,2023-07-25
ORD005689,CUST00809,PROD00331,6,0.05,2024-04-02
ORD003064,CUST00719,PROD00164,1,0.1,2022-05-18
ORD009539,CUST00747,PROD00063,9,0.15,2023-04-07
ORD009779,CUST00701,PROD00183,6,0.0,2022-10-30
ORD008127,CUST00542,PROD00207,7,0.25,2022-09-04
ORD005578,CUST00618,PROD00301,,0.0,2022-02-16
ORD001316,CUST00297,PROD00034,7,0.0,2023-08-16
ORD004113,CUST00559,PROD00413,14,,2022-11-17
ORD006696,CUST00822,PROD99748,9,0.05,2023-10-22
ORD003470,CUST00799,PROD00421,5,0.0,2022-03-14
ORD002931,CUST00940,PROD00210,12,0.1,2022-12-03
ORD003774,CUST01021,PROD00218,3,0.15,2024-11-14
ORD000268,CUST00182,PROD00400,7,0.1,2023-08-13
ORD005413,CUST00307,PROD00356,4,0.2,2024-07-03
ORD000716,CUST00244,PROD00312,11,0.05,2022-07-27
ORD004327,CUST00362,PROD00262,3,0.05,2022-04-16
ORD008585,CUST00272,PROD00347,14,0.0,2022-11-22
ORD001340,CUST00061,PROD00172,6,0.15,2023-02-15
ORD007389,CUST00006,PROD00428,6,0.0,2023-10-12
ORD008877,CUST00956,PROD00129,9,0.15,2022-06-17
ORD000739,CUST00116,PROD00298,2,0.0,2022-02-03
ORD005839,CUST00644,PROD99337,12,0.0,2023-08-16
ORD000966,CUST00896,PROD00415,12,0.0,2024-02-27
ORD000253,CUST00852,PROD00405,7,,2024-01-12
ORD005235,CUST00826,PROD00023,9,0.05,2023-09-07
ORD002936,CUST00990,PROD99041,14,0.1,2022-09-19
ORD004192,CUST00471,PROD00015,,0.15,2024-03-27
ORD000051,CUST00663,PROD00342,11,0.15,2024-09-20
ORD005712,CUST00842,PROD00492,10,0.1,2024-02-08
ORD003035,CUST00564,PROD00482,8,0.15,2022-08-20
ORD006443,CUST00900,PROD00262,12,0.15,2024-01-16
ORD001689,CUST01008,PROD00139,10,0.05,2023-06-20
ORD001624,CUST01008,PROD00352,13,0.05,2022-10-04
ORD000873,CUST01013,PROD00110,12,0.05,2022-09-24
ORD004011,CUST00145,PROD00485,5,0.2,2023-07-25
ORD007961,CUST00346,PROD00073,6,0.0,2022-10-27
ORD006826,CUST00855,PROD00421,9,0.05,2024-10-10
ORD002349,CUST01022,PROD00232,4,0.0,2022-07-17
ORD010139,CUST00551,PROD00080,7,0.0,2022-10-23
ORD004723,CUST00105,PROD00066,1,0.15,2024-08-30
ORD006096,CUST00466,PROD00220,8,0.0,2023-08-18
ORD000249,CUST00147,PROD00114,2,0.05,2024-09-17
ORD004221,CUST00560,PROD00370,14,0.0,2023-01-31
ORD004239,CUST00097,PROD00443,13,0.15,2022-03-04
ORD009407,CUST00232,PROD00206,9,0.1,2024-12-26
ORD002875,CUST00475,PROD99156,6,0.0,2024-02-01
ORD000555,CUST00606,PROD00275,14,0.25,2024-09-14
ORD000972,CUST00093,PROD00251,4,0.05,2022-12-19
ORD008062,CUST00938,PROD00508,2,0.15,2024-10-08
ORD002629,CUST00154,PROD00307,8,0.0,2024-02-17
ORD002583,CUST01039,PROD00508,2,0.25,2022-11-02
ORD005779,CUST01028,PROD00030,8,0.05,2023-03-14
ORD002237,CUST00896,PROD00483,11,0.05,2022-10-15
ORD003133,CUST99163,PROD00176,11,0.1,2023-05-11
ORD006747,CUST00245,PROD00048,4,0.0,2023-12-19
ORD002253,CUST01040,PROD00135,7,0.05,2023-07-19
ORD006002,CUST00634,PROD00091,5,0.2,2023-11-19
ORD008559,CUST00758,PROD00241,4,0.0,2023-01-01
ORD006426,CUST00361,PROD00498,11,0.1,2022-05-04
ORD000448,CUST00993,PROD00371,10,0.0,2024-08-30
ORD006560,CUST00695,PROD00241,10,0.05,2022-02-20
ORD004257,CUST00298,PROD00504,,0.3,2022-08-21
ORD009795,CUST00651,PROD00453,5,0.0,2023-10-04
ORD005490,CUST00373,PROD00264,6,0.25,2022-09-20
ORD004897,CUST00494,PROD00229,7,0.1,2024-08-30
ORD008641,CUST00466,PROD00236,12,0.15,2022-04-02
ORD004032,CUST00659,PROD00429,1,0.05,2023-02-06
ORD005004,CUST00504,PROD00376,13,0.15,2024-10-04
ORD003004,CUST00444,PROD00233,7,0.15,2023-04-22
ORD005229,CUST00755,PROD00198,6,0.1,2023-06-10
ORD000462,CUST01002,PROD00164,1,0.1,2022-12-23
ORD003571,CUST00831,PROD00338,14,0.05,2024-04-18
ORD005703,CUST00234,PROD00284,4,0.25,2024-12-27
ORD005584,CUST00018,PROD00160,13,0.2,2024-01-10
ORD007047,CUST00107,PROD00273,8,0.1,2022-09-30
ORD002738,CUST00467,PROD00364,3,0.1,2023-06-18
ORD004808,CUST00107,PROD00489,5,0.3,2023-02-10
ORD006432,CUST00052,PROD00017,2,0.1,2023-11-03
ORD000751,CUST00201,PROD00289,13,0.1,2022-09-28
ORD001176,CUST00370,PROD99583,1,,2024-07-19
ORD008474,CUST00673,PROD00504,8,0.1,2024-07-05
ORD000377,CUST00130,PROD00011,11,0.25,2022-09-01
ORD000411,CUST00166,PROD00353,7,0.0,2024-05-22
ORD006878,CUST00886,PROD00425,10,0.15,2022-02-27
ORD004970,CUST00681,PROD00221,9,0.15,2023-09-29
ORD002120,CUST00219,PROD00210,5,0.05,2023-07-02
ORD007289,CUST00485,PROD00291,11,0.05,2022-02-27
ORD003288,CUST99033,PROD00403,7,0.0,2023-02-05
ORD006795,CUST00172,PROD00513,6,0.0,2022-02-03
ORD007744,CUST00023,PROD00442,13,0.1,2024-01-07
ORD006583,CUST00610,PROD00260,12,0.2,2024-03-31
ORD004348,CUST00765,PROD00252,13,0.0,2024-05-01
ORD005913,CUST00550,PROD00357,9,0.05,2024-10-14
ORD005732,CUST00766,PROD00441,10,0.25,2023-04-22
ORD009835,CUST00175,PROD00108,9,0.2,2022-09-21
ORD006066,CUST01036,PROD00252,1,0.0,2024-02-14
ORD009109,CUST00833,PROD00036,13,0.25,2024-06-09
ORD000275,CUST00604,PROD00086,1,0.2,2022-03-31
ORD001497,CUST00071,PROD00188,6,0.1,2024-08-18
ORD004481,CUST00045,PROD00240,10,0.0,2023-12-26
ORD002358,CUST00825,PROD00155,7,0.2,2023-10-29
ORD007050,CUST00931,PROD00077,9,0.1,2022-03-21
ORD006650,CUST00806,PROD00023,12,0.0,2024-10-01
ORD010260,CUST00650,PROD00252,14,0.2,2022-05-18
ORD006201,CUST00698,PROD00511,3,0.0,2024-12-20
ORD004166,CUST00049,PROD00209,4,0.0,2022-03-14
ORD001808,CUST00889,PROD00116,2,0.15,2022-10-22
ORD009993,CUST00209,PROD00181,9,0.15,2024-11-19
ORD005129,CUST00056,PROD00296,8,0.0,2024-03-26
ORD004221,CUST00560,PROD00370,14,0.0,2023-01-31
ORD003785,CUST00370,PROD00183,1,0.0,2023-10-31
ORD004416,CUST01018,PROD00359,14,0.0,2023-05-19
ORD000228,CUST00649,PROD00382,3,0.1,2023-04-15
ORD010053,CUST00095,PROD00349,13,0.25,2023-11-23
ORD003080,CUST00409,PROD00353,9,0.15,2023-12-26
ORD010499,CUST01029,PROD00363,2,,2022-11-30
ORD000468,CUST00306,PROD00070,14,0.2,2024-08-29
ORD007586,CUST01026,PROD00135,9,0.15,2022-03-22
ORD004225,CUST00062,PROD00355,2,0.05,2023-01-02
ORD008840,CUST00337,PROD00098,2,0.05,2024-10-16
ORD001509,CUST00130,PROD00005,10,0.0,2022-09-06
ORD004790,CUST00632,PROD00146,3,0.25,2024-08-01
ORD003380,CUST00374,PROD00115,6,0.25,2024-09-08
ORD001685,CUST00669,PROD00384,13,,2023-04-13
ORD000500,CUST00138,PROD00159,2,,2024-10-09
ORD006389,CUST01030,PROD00362,11,0.1,2022-10-14
ORD003025,CUST00438,PROD00289,5,0.0,2022-12-21
ORD001796,CUST00865,PROD00032,4,0.2,2022-10-01
ORD002665,CUST00094,PROD00031,10,0.1,2023-01-23
ORD000514,CUST00938,PROD00471,5,0.25,2023-12-29
ORD007969,CUST00524,PROD00060,1,0.1,2023-01-19
ORD007560,CUST00158,PROD00098,2,0.15,2022-11-04
ORD002123,CUST00414,PROD00067,9,0.2,2024-10-27
ORD006919,CUST01019,PROD00064,11,0.05,2024-06-23
ORD006386,CUST00895,PROD00312,12,0.0,2022-07-02
ORD000922,CUST00192,PROD00206,10,0.05,2024-04-13
ORD003942,CUST00731,PROD00005,1,0.15,2022-08-17
ORD005752,CUST00182,PROD00238,6,0.0,2023-05-23
ORD004380,CUST01044,PROD00178,8,0.05,2023-07-21
ORD008655,CUST00861,PROD00305,5,0.15,2022-04-01
ORD002524,CUST00288,PROD00077,2,0.1,2022-01-10
ORD000475,CUST00493,PROD00175,12,0.0,2022-03-06
ORD004902,CUST00090,PROD00464,13,0.0,2023-05-28
ORD005390,CUST00460,PROD99014,2,0.0,2023-04-13
ORD000466,CUST00506,PROD00069,1,0.0,2024-04-13
ORD001731,CUST00400,PROD00230,4,0.0,2023-02-06
ORD005653,CUST00359,PROD00201,8,0.1,2022-02-13
ORD004853,CUST00299,PROD00412,,0.05,2023-10-05
ORD003370,CUST00399,PROD00344,8,0.0,2023-02-20
ORD010119,CUST00034,PROD00088,1,0.3,2022-07-05
ORD007186,CUST00088,PROD00503,12,0.05,2022-11-17
ORD000481,CUST99685,PROD00506,7,0.0,2022-11-10
ORD003438,CUST00288,PROD00509,11,0.2,2023-01-25
ORD010057,CUST00569,PROD00370,9,0.0,2023-07-04
ORD004344,CUST00282,PROD00320,1,0.1,2023-01-21
ORD004949,CUST00323,PROD00328,3,0.05,2024-10-24
ORD006518,CUST99685,PROD00110,6,0.1,2023-01-04
ORD004732,CUST00043,PROD00520,5,0.0,2023-04-03
ORD004415,CUST00691,PROD00273,9,0.2,2023-09-19
ORD009543,CUST00530,PROD99995,9,0.0,2024-07-23
ORD008065,CUST00352,PROD00346,3,0.15,2024-12-03
ORD006876,CUST00128,PROD00415,11,0.1,2022-11-13
ORD008635,CUST00091,PROD00172,13,0.1,2023-07-28
ORD002184,CUST00409,PROD00084,2,0.2,2022-01-14
ORD004703,CUST00595,PROD00002,11,0.0,2022-09-03
ORD006493,CUST00537,PROD00035,11,0.05,2023-08-07
ORD003707,CUST00608,PROD00422,5,0.25,2022-07-13
ORD006018,CUST00461,PROD00189,10,0.0,2023-02-19
ORD010497,CUST00866,PROD00128,6,0.05,2024-01-19
ORD001350,CUST00431,PROD00264,13,0.1,2023-12-25
ORD005475,CUST00949,PROD00304,11,0.1,2023-07-14
ORD009986,CUST00920,PROD00017,7,0.1,2023-02-28
ORD008043,CUST00620,PROD00385,6,,2023-02-13
ORD003280,CUST00064,PROD00223,5,0.05,2024-02-16
ORD007799,CUST00464,PROD00434,11,0.2,2023-12-26
ORD008431,CUST00616,PROD00350,14,0.0,2022-04-18
ORD001693,CUST00782,PROD00145,10,0.0,2022-12-11
ORD009515,CUST99929,PROD00199,12,,2023-03-04
ORD006076,CUST00571,PROD00319,9,0.25,2024-11-17
ORD002686,CUST00473,PROD00334,6,0.0,2022-10-14
ORD001607,CUST00933,PROD00459,8,0.05,2022-09-07
ORD003195,CUST00939,PROD00406,13,0.2,2024-06-10
ORD006005,CUST00407,PROD00010,4,0.0,2023-02-22
ORD005647,CUST00505,PROD00058,14,0.05,2024-10-22
ORD000715,CUST00065,PROD00104,1,0.0,2024-07-30
ORD006235,CUST00848,PROD00227,7,,2024-07-17
ORD010155,CUST01042,PROD00120,7,0.2,2024-05-15
ORD008813,CUST00495,PROD00393,12,0.1,2022-08-16
ORD007708,CUST00326,PROD00371,8,0.0,2023-10-16
ORD010255,CUST00047,PROD00507,2,0.1,2022-06-24
ORD003972,CUST00171,PROD00355,2,0.0,2024-08-04
ORD004839,CUST00512,PROD00336,11,0.0,2023-08-27
ORD007709,CUST00158,PROD00206,7,0.1,2023-04-09
ORD005467,CUST00390,PROD00211,7,0.2,2023-06-13
ORD003722,CUST01040,PROD00457,4,0.05,2024-02-21
ORD006084,CUST00493,PROD00426,8,0.0,2023-11-16
ORD009634,CUST00213,PROD00139,6,0.0,2022-01-19
ORD001617,CUST00784,PROD00301,8,0.1,2023-11-18
ORD007898,CUST00504,PROD00428,8,0.0,2023-05-25
ORD008720,CUST00295,PROD00492,3,0.05,2023-03-06
ORD001447,CUST00423,PROD00306,1,0.05,2022-09-26
ORD008386,CUST00675,PROD00308,11,0.1,2024-08-09
ORD001021,CUST00855,PROD00491,12,0.05,2023-07-14
ORD000706,CUST01021,PROD00291,8,0.05,2022-05-26
ORD008606,CUST00435,PROD00009,7,0.3,2022-03-13
ORD010195,CUST00677,PROD00218,1,0.05,2024-07-04
ORD006516,CUST01008,PROD00082,1,0.0,2024-03-30
ORD002320,CUST00422,PROD00379,,0.0,2024-03-12
ORD009970,CUST00119,PROD00290,13,0.05,2023-01-08
ORD007817,CUST00275,PROD99533,5,0.0,2022-12-05
ORD002345,CUST00864,PROD00130,2,0.15,2024-09-19
ORD005184,CUST00284,PROD00041,5,0.2,2022-04-27
ORD008715,CUST99411,PROD00016,13,0.05,2023-10-13
ORD001922,CUST00105,PROD00296,13,0.0,2024-01-30
ORD001567,CUST00362,PROD00514,6,0.05,2022-06-10
ORD000909,CUST00647,PROD00311,10,0.0,2022-05-24
ORD004915,CUST00494,PROD00174,1,0.2,2023-05-08
ORD007137,CUST00164,PROD00082,7,0.15,2022-09-28
ORD009025,CUST00164,PROD00303,11,,2023-06-25
ORD007602,CUST00291,PROD00252,14,0.15,2022-07-02
ORD008465,CUST00387,PROD00315,10,0.1,2022-11-23
ORD005134,CUST00729,PROD00263,14,0.15,2023-03-17
ORD004784,CUST00615,PROD00349,11,0.0,2022-02-08
ORD003820,CUST00366,PROD00285,2,0.05,2022-10-02
ORD008571,CUST00787,PROD00112,11,0.1,2022-04-19
ORD002692,CUST00070,PROD00191,10,0.0,2024-07-22
ORD002499,CUST00555,PROD00404,7,0.0,2024-03-13
ORD005652,CUST00409,PROD00373,,0.05,2023-12-06
ORD009122,CUST00063,PROD00139,9,0.0,2024-07-10
ORD000595,CUST00619,PROD00063,11,0.1,2023-11-25
ORD001559,CUST01007,PROD00030,13,0.25,2024-05-06
ORD009655,CUST00700,PROD00139,13,0.0,2022-09-11
ORD000441,CUST00668,PROD00425,14,0.15,2023-03-18
ORD005361,CUST00702,PROD00257,9,0.2,2022-01-06
ORD010341,CUST00161,PROD00056,7,0.1,2024-03-13
ORD006480,CUST00941,PROD00190,5,0.05,2023-12-12
ORD006126,CUST00311,PROD00088,13,0.2,2024-06-29
ORD004863,CUST00363,PROD00260,10,0.05,2022-01-22
ORD002920,CUST00254,PROD00023,2,0.1,2024-05-05
ORD006728,CUST01015,PROD00009,11,0.1,2024-06-12
ORD000011,CUST00561,PROD00163,14,0.1,2023-02-03
ORD007372,CUST00841,PROD00061,11,0.05,2022-12-24
ORD009267,CUST00011,PROD00361,11,0.2,2023-03-13
ORD005740,CUST00614,PROD00297,8,0.15,2022-06-30
ORD002255,CUST00850,PROD00227,2,0.1,2022-09-29
ORD009425,CUST00273,PROD00266,9,0.15,2022-02-06
ORD000094,CUST00133,PROD00170,2,0.05,2023-07-18
ORD002520,CUST00876,PROD00001,3,0.0,2024-06-01
ORD001195,CUST00652,PROD00050,1,0.05,2022-09-07
ORD002288,CUST00370,PROD00408,3,0.0,2023-07-11
ORD009604,CUST00571,PROD00388,8,0.1,2022-07-23
ORD006200,CUST00499,PROD00377,5,0.0,2024-07-29
ORD005685,CUST00353,PROD00374,10,0.0,2023-04-21
ORD005606,CUST00866,PROD00403,13,0.1,2024-09-12
ORD003938,CUST00134,PROD00497,1,0.05,2024-03-11
ORD008491,CUST00823,PROD00429,1,0.05,2023-06-03
ORD000293,CUST00068,PROD00253,3,0.1,2024-02-03
ORD000789,CUST00636,PROD00391,14,0.1,2022-01-11
ORD006743,CUST00385,PROD00379,9,0.25,2023-05-09
ORD003170,CUST00923,PROD00103,13,0.0,2024-12-17
ORD007172,CUST00715,PROD00068,5,0.05,2022-02-09
ORD006538,CUST00770,PROD00385,9,0.1,2024-10-14
ORD003854,CUST00245,PROD00280,4,0.2,2022-10-15
ORD004538,CUST00237,PROD00237,1,0.05,2022-08-14
ORD005258,CUST00651,PROD00492,4,0.0,2023-09-23
ORD007056,CUST00945,PROD00064,11,0.15,2022-07-12
ORD002099,CUST00356,PROD00453,6,0.0,2023-10-24
ORD001905,CUST00017,PROD00327,9,0.0,2023-10-27
ORD010078,CUST00632,PROD00135,2,0.15,2024-10-23
ORD008184,CUST00819,PROD00404,8,0.1,2024-04-23
ORD001319,CUST00401,PROD00076,4,0.15,2023-09-23
ORD008700,CUST01049,PROD00164,12,0.05,2024-06-06
ORD009911,CUST00748,PROD00409,10,0.05,2023-09-04
ORD010188,CUST00470,PROD00152,8,,2023-04-20
ORD005690,CUST01010,PROD00027,2,0.05,2023-04-02
ORD010350,CUST00707,PROD00154,6,0.05,2023-09-01
ORD007782,CUST00212,PROD00208,1,0.2,2022-01-04
ORD005305,CUST00716,PROD00290,11,0.3,2023-02-07
ORD005557,CUST00170,PROD00506,4,0.05,2022-09-22
ORD008995,CUST00726,PROD00359,12,0.0,2022-06-01
ORD004395,CUST00702,PROD00027,10,0.1,2023-08-19
ORD008862,CUST00427,PROD00231,8,0.0,2023-07-01
ORD007094,CUST00881,PROD00283,14,,2024-07-29
ORD010477,CUST00116,PROD00031,4,0.0,2022-11-06
ORD003466,CUST00696,PROD00286,1,0.0,2023-11-08
ORD008680,CUST00056,PROD00132,11,0.1,2022-02-14
ORD002518,CUST01032,PROD00077,11,0.05,2023-02-08
ORD010323,CUST00535,PROD00054,3,0.05,2024-04-12
ORD007323,CUST00553,PROD00357,8,0.05,2022-06-14
ORD003545,CUST00002,PROD00339,10,0.0,2022-08-26
ORD006424,CUST00429,PROD00288,10,0.1,2024-07-07
ORD002302,CUST00011,PROD00354,6,0.1,2024-11-11
ORD003814,CUST00356,PROD00455,13,0.05,2024-03-10
ORD004078,CUST00593,PROD00459,8,0.05,2022-08-30
ORD008308,CUST00960,PROD00392,9,0.2,2022-04-03
ORD010382,CUST00641,PROD00180,9,0.0,2023-03-23
ORD008432,CUST00829,PROD00483,9,0.0,2023-09-06
ORD006085,CUST00860,PROD00062,9,0.0,2023-11-20
ORD005225,CUST00836,PROD00415,11,0.0,2023-05-03
ORD009346,CUST00147,PROD00341,6,0.1,2023-10-30
ORD001403,CUST00710,PROD00156,14,0.05,2022-01-11
ORD000838,CUST01007,PROD00400,12,0.1,2023-06-24
ORD006587,CUST00712,PROD00016,13,0.05,2023-02-13
ORD002612,CUST00737,PROD00299,5,0.0,2022-08-29
ORD003308,CUST00152,PROD00020,2,0.0,2024-04-12
ORD004882,CUST00501,PROD00318,8,0.0,2024-10-06
ORD003782,CUST00247,PROD00206,4,0.05,2023-06-06
ORD002408,CUST00867,PROD00125,11,0.0,2024-06-26
ORD008861,CUST00686,PROD00429,2,0.15,2022-10-11
ORD002378,CUST00089,PROD00506,8,0.05,2022-06-02
ORD002933,CUST00966,PROD00049,9,0.1,2023-04-18
ORD005854,CUST00637,PROD00029,12,0.1,2023-06-08
ORD000158,CUST00272,PROD00328,9,0.1,2024-03-07
ORD006760,CUST00225,PROD00297,6,0.05,2022-10-11
ORD004329,CUST00458,PROD00411,5,0.0,2024-12-28
ORD001442,CUST00352,PROD00005,12,0.0,2024-06-19
ORD006501,CUST01042,PROD99910,3,0.1,2024-08-05
ORD008361,CUST00879,PROD00444,6,0.05,2022-11-16
ORD005665,CUST00895,PROD00394,6,0.05,2024-06-23
ORD004162,CUST00282,PROD00125,5,0.1,2023-08-03
ORD001964,CUST00390,PROD00416,10,0.15,2024-05-27
ORD003567,CUST00488,PROD00321,13,0.2,2024-12-01
ORD005453,CUST00374,PROD00286,8,0.05,2022-11-21
ORD009341,CUST00779,PROD00137,4,,2022-07-23
ORD007406,CUST00175,PROD00431,6,0.15,2022-06-14
ORD010031,CUST00316,PROD00071,14,0.1,2024-01-11
ORD008591,CUST00533,PROD99196,3,0.15,2024-10-26
ORD006387,CUST00968,PROD00108,6,0.15,2022-09-14
ORD001544,CUST00488,PROD00468,4,0.1,2023-07-27
ORD010104,CUST00145,PROD00267,14,0.0,2022-04-10
ORD008192,CUST00506,PROD00402,4,0.05,2024-04-17
ORD004476,CUST00596,PROD00293,11,0.1,2022-05-07
ORD002305,CUST00048,PROD00411,5,0.05,2024-12-20
ORD008547,CUST00615,PROD00466,7,0.05,2022-03-17
ORD009420,CUST00176,PROD00478,7,0.0,2024-02-04
ORD000604,CUST00568,PROD00356,5,0.05,2023-06-23
ORD003743,CUST00296,PROD00299,12,0.0,2023-06-14
ORD007734,CUST00029,PROD00115,14,0.05,2022-09-25
ORD000394,CUST00200,PROD00455,1,0.05,2023-08-19
ORD009853,CUST00319,PROD00238,2,0.1,2024-12-16
ORD010436,CUST00540,PROD00485,7,0.0,2023-10-25
ORD004939,CUST00130,PROD00471,12,0.15,2022-12-02
ORD004585,CUST00397,PROD00465,8,0.1,2022-12-21
ORD002200,CUST00925,PROD00001,6,0.0,2024-06-12
ORD002424,CUST00388,PROD00310,11,0.0,2023-12-18
ORD004265,CUST00522,PROD00168,6,0.1,2023-04-24
ORD010270,CUST00704,PROD00270,7,0.15,2022-09-23
ORD007909,CUST00380,PROD00306,9,0.05,2022-08-04
ORD004986,CUST00390,PROD00098,6,0.05,2023-04-12
ORD002859,CUST00017,PROD00171,1,0.25,2024-11-13
ORD006744,CUST00157,PROD00231,5,0.05,2023-03-03
ORD009611,CUST00856,PROD00205,8,0.0,2024-03-17
ORD002352,CUST00670,PROD00032,12,0.1,2023-06-30
ORD004013,CUST00678,PROD00045,13,0.1,2023-09-04
ORD010122,CUST00305,PROD00201,3,0.05,2022-02-10
ORD001632,CUST00923,PROD00167,4,0.15,2023-07-31
ORD007145,CUST00426,PROD00038,1,0.05,2022-02-24
ORD008433,CUST00880,PROD00145,7,0.0,2024-09-24
ORD006623,CUST99777,PROD00482,5,,2024-02-08
ORD006215,CUST00768,PROD00513,8,0.0,2024-06-11
ORD003414,CUST00765,PROD00490,3,0.0,2022-03-27
ORD005497,CUST00354,PROD00087,3,0.25,2022-09-01
ORD006570,CUST00256,PROD00464,6,0.15,2022-08-03
ORD005994,CUST00191,PROD00277,13,0.25,2024-05-09
ORD005552,CUST00190,PROD00507,1,0.15,2024-10-24
ORD004831,CUST00523,PROD00515,6,0.15,2022-05-17
ORD003657,CUST00864,PROD00399,2,0.2,2024-11-09
ORD002068,CUST01009,PROD00270,2,0.2,2023-07-27
ORD005602,CUST00056,PROD00031,13,,2024-08-27
ORD001600,CUST00755,PROD00339,14,0.0,2023-06-09
ORD004193,CUST00517,PROD99005,,0.05,2023-12-10
ORD007906,CUST00702,PROD99889,6,0.0,2022-05-07
ORD008225,CUST00270,PROD00126,3,0.0,2024-09-20
ORD008805,CUST00983,PROD00242,9,0.0,2022-06-06
ORD007329,CUST00770,PROD00100,12,0.05,2024-12-22
ORD000810,CUST00484,PROD00419,13,0.0,2023-06-11
ORD002030,CUST00548,PROD00133,11,0.0,2022-06-30
ORD003458,CUST00231,PROD00042,4,0.0,2022-10-09
ORD006335,CUST00806,PROD00220,5,0.05,2022-01-23
ORD003465,CUST00150,PROD00034,14,0.0,2024-01-13
ORD008404,CUST00063,PROD00439,7,0.0,2024-09-15
ORD001703,CUST00389,PROD00023,8,0.0,2023-08-02
ORD003911,CUST00723,PROD00422,4,0.05,2022-01-16
ORD007546,CUST00493,PROD00370,4,0.0,2023-10-02
ORD005145,CUST00702,PROD00152,10,0.0,2023-08-01
ORD003843,CUST00022,PROD00178,12,0.05,2023-10-09
ORD003845,CUST00920,PROD00177,1,0.1,2024-03-09
ORD006153,CUST00205,PROD00119,10,0.15,2022-05-16
ORD003583,CUST00259,PROD00212,13,0.15,2024-05-26
ORD001881,CUST00464,PROD00020,13,0.0,2024-09-23
ORD002311,CUST00987,PROD00457,1,0.05,2022-11-10
ORD002593,CUST00485,PROD00384,2,0.05,2022-06-09
ORD009318,CUST00504,PROD00231,3,0.0,2022-05-05
ORD008226,CUST00175,PROD00468,2,0.05,2022-09-17
ORD005504,CUST00342,PROD00232,13,0.1,2023-06-25
ORD007880,CUST00353,PROD00439,3,0.15,2024-05-21
ORD009448,CUST00445,PROD00124,1,0.25,2023-11-05
ORD005959,CUST00791,PROD00373,2,0.3,2022-08-01
ORD004542,CUST00033,PROD00441,10,0.2,2024-09-23
ORD003070,CUST00042,PROD00028,,0.0,2023-06-03
ORD001047,CUST00248,PROD99727,2,0.1,2023-08-27
ORD007266,CUST00989,PROD00262,10,0.15,2024-09-06
ORD004195,CUST00444,PROD00386,10,0.0,2023-01-11
ORD006254,CUST00259,PROD00299,2,0.0,2023-09-11
ORD001569,CUST00919,PROD00037,3,0.0,2023-09-23
ORD000463,CUST00444,PROD00004,12,0.1,2022-06-09
ORD000744,CUST00041,PROD00214,9,0.0,2022-04-16
ORD000223,CUST00285,PROD00151,1,0.2,2024-03-17
ORD006072,CUST00818,PROD00390,3,0.1,2022-09-29
ORD007326,CUST00625,PROD00138,7,0.1,2024-05-01
ORD007839,CUST00872,PROD00067,1,0.05,2024-10-05
ORD000626,CUST00577,PROD00092,8,0.05,2024-12-17
ORD001069,CUST01035,PROD00484,8,0.1,2023-02-09
ORD009708,CUST00753,PROD00109,11,0.15,2024-07-06
ORD007190,CUST00325,PROD00361,7,0.0,2023-05-28
ORD006158,CUST00605,PROD00008,13,0.2,2024-06-24
ORD007915,CUST00412,PROD00039,12,0.25,2023-03-20
ORD007489,CUST00906,PROD00480,13,0.3,2023-10-31
ORD005341,CUST00131,PROD99752,9,0.15,2023-03-09
ORD000354,CUST00800,PROD00288,7,0.0,2022-03-07
ORD000457,CUST00940,PROD99080,11,0.15,2024-03-06
ORD010200,CUST00147,PROD00436,7,0.0,2023-09-23
ORD000240,CUST00482,PROD00440,10,0.0,2024-06-13
ORD002883,CUST00952,PROD00140,4,0.1,2022-12-21
ORD002620,CUST00771,PROD00344,6,,2023-01-03
ORD009881,CUST00869,PROD00083,-5,0.0,2024-11-18
ORD008481,CUST00806,PROD00018,12,0.1,2024-07-11
ORD003680,CUST00641,PROD00013,10,0.1,2023-01-04
ORD003007,CUST00663,PROD00343,7,0.05,2024-06-06
ORD001019,CUST00865,PROD00398,6,0.0,2023-12-26
ORD008355,CUST00107,PROD00001,12,0.05,2024-10-16
ORD007845,CUST00217,PROD00301,12,0.1,2023-11-15
ORD001761,CUST01044,PROD00441,,0.1,2022-03-07
ORD002575,CUST00721,PROD00266,10,0.0,2024-09-20
ORD009459,CUST00948,PROD00454,6,,2022-04-12
ORD009138,CUST00863,PROD00072,14,2.0,2024-01-24
ORD001104,CUST00123,PROD00433,13,0.0,2024-11-02
ORD008847,CUST00505,PROD00252,4,0.05,2023-09-25
ORD007686,CUST00284,PROD00360,8,0.0,2022-08-25
ORD002565,CUST00798,PROD00200,4,0.05,2023-02-04
ORD004066,CUST00377,PROD00341,12,0.2,2024-08-25
ORD002743,CUST00717,PROD00082,2,0.0,2023-11-02
ORD009872,CUST00114,PROD00035,6,0.2,2023-05-31
ORD009960,CUST00474,PROD00339,7,0.0,2024-09-29
ORD010142,CUST00765,PROD00398,8,0.05,2023-04-05
ORD002318,CUST00211,PROD00423,4,0.05,2023-09-25
ORD008684,CUST00559,PROD00014,4,0.15,2024-01-31
ORD009061,CUST00068,PROD00291,8,0.1,2023-12-04
ORD004355,CUST99061,PROD00176,2,0.0,2022-01-21
ORD001035,CUST00177,PROD00502,1,0.0,2022-02-16
ORD008953,CUST00970,PROD00229,10,0.05,2022-03-28
ORD003167,CUST00112,PROD00361,4,0.05,2024-01-23
ORD005419,CUST00969,PROD00177,3,0.2,2022-12-21
ORD000907,CUST00541,PROD00468,5,0.1,2024-06-08
ORD007268,CUST00296,PROD00343,8,0.0,2022-03-10
ORD007792,CUST00507,PROD00360,8,0.15,2022-07-23
ORD003795,CUST00828,PROD99565,8,0.25,2024-04-19
ORD006751,CUST00103,PROD00462,5,0.05,2022-04-06
ORD003708,CUST00043,PROD00019,13,0.05,2023-03-18
ORD004735,CUST00852,PROD00287,11,0.05,2022-12-03
ORD002376,CUST00011,PROD00308,5,0.05,2022-06-15
ORD007107,CUST00610,PROD00396,5,0.15,2023-04-05
ORD003016,CUST00439,PROD00401,11,,2023-03-22
ORD003356,CUST00131,PROD00380,11,0.0,2024-02-19
ORD009788,CUST00065,PROD00070,,,2023-01-23
ORD005933,CUST00086,PROD00170,8,0.25,2023-09-14
ORD009567,CUST01035,PROD00077,3,0.0,2023-02-23
ORD006843,CUST00265,PROD00083,5,0.05,2022-12-03
ORD004404,CUST00843,PROD99430,6,0.2,2023-09-08
ORD001902,CUST01025,PROD00458,4,0.1,2023-11-03
ORD005093,CUST00773,PROD00162,5,0.0,2022-12-26
ORD001570,CUST00413,PROD00046,10,0.05,2022-06-27
ORD009002,CUST00778,PROD00001,8,,2022-10-18
ORD000348,CUST00531,PROD00431,8,0.0,2023-03-18
ORD001243,CUST99287,PROD00514,11,0.1,2024-05-11
ORD003896,CUST00793,PROD00039,12,,2022-10-25
ORD008102,CUST00065,PROD00247,4,,2023-12-05
ORD002589,CUST00326,PROD00028,4,0.05,2023-10-10
ORD002228,CUST00256,PROD00226,2,0.1,2024-06-10
ORD003772,CUST00768,PROD00485,9,0.05,2024-12-07
ORD007387,CUST00185,PROD00001,2,0.0,2022-01-28
ORD009390,CUST00707,PROD00186,8,0.0,2022-09-03
ORD001032,CUST00738,PROD00305,5,0.0,2023-02-18
ORD005696,CUST00305,PROD00450,14,0.2,2023-02-18
ORD003709,CUST00990,PROD99060,11,0.1,2022-08-21
ORD005637,CUST00566,PROD00040,1,0.0,2023-07-29
ORD003376,CUST00614,PROD00478,8,0.05,2024-06-06
ORD002770,CUST00904,PROD00505,8,0.0,2024-08-14
ORD000764,CUST00560,PROD00368,13,0.1,2022-03-25
ORD009307,CUST00877,PROD00345,5,0.0,2024-06-28
ORD002808,CUST00838,PROD00192,8,0.0,2023-09-08
ORD009534,CUST00545,PROD00042,4,0.0,2024-09-08
ORD001223,CUST00702,PROD00056,11,0.15,2022-06-21
ORD008419,CUST00524,PROD00220,7,0.05,2023-03-19
ORD002135,CUST01032,PROD00366,10,0.0,2023-08-25
ORD004383,CUST00154,PROD00122,10,0.0,2022-05-06
ORD006264,CUST00750,PROD00347,11,0.2,2022-12-29
ORD006058,CUST00978,PROD00434,7,0.2,2023-12-07
ORD001576,CUST00988,PROD00213,13,0.0,2023-06-24
ORD000510,CUST00252,PROD00217,4,0.2,2023-02-27
ORD009784,CUST00977,PROD00509,9,0.0,2022-02-23
ORD006503,CUST00599,PROD00423,4,0.0,2022-11-01
ORD008676,CUST00943,PROD00510,6,0.05,2022-06-05
ORD001260,CUST00518,PROD00300,12,0.1,2022-03-15
ORD010242,CUST00543,PROD00147,6,0.25,2023-02-17
ORD005708,CUST00286,PROD00126,13,0.0,2023-07-12
ORD007076,CUST00129,PROD00311,3,0.0,2024-02-17
ORD000712,CUST01020,PROD00428,10,0.05,2023-05-24
ORD007558,CUST00674,PROD00461,13,0.05,2024-05-22
ORD009833,CUST00050,PROD00376,3,0.15,2024-04-28
ORD003871,CUST00718,PROD00404,3,0.15,2023-11-26
ORD004412,CUST00356,PROD00503,4,0.0,2022-03-29
ORD005482,CUST00744,PROD00075,2,0.05,2022-03-10
ORD001373,CUST01014,PROD00397,3,0.1,2022-06-17
ORD000713,CUST00536,PROD00071,7,,2024-09-19
ORD002626,CUST00515,PROD00495,9,0.05,2023-07-20
ORD009962,CUST00997,PROD00400,6,0.0,2023-07-10
ORD003886,CUST00659,PROD00371,11,0.3,2024-05-05
ORD007572,CUST01049,PROD00154,6,0.1,2024-01-23
ORD008114,CUST00957,PROD00411,12,0.15,2022-09-26
ORD001483,CUST00514,PROD00168,13,0.15,2022-05-09
ORD006707,CUST00980,PROD00252,12,0.2,2024-11-25
ORD003044,CUST00060,PROD00356,7,0.15,2023-02-23
ORD005118,CUST00692,PROD00048,12,0.0,2024-11-18
ORD001795,CUST00569,PROD00222,13,0.0,2023-07-02
ORD004478,CUST00962,PROD00134,1,0.0,2022-10-15
ORD001822,CUST00715,PROD00281,3,0.1,2023-07-20
ORD010393,CUST00215,PROD00424,12,0.1,2024-08-25
ORD005095,CUST00581,PROD00047,6,0.2,2024-10-18
ORD005851,CUST00841,PROD00132,3,0.2,2023-11-12
ORD001742,CUST00209,PROD00072,3,0.0,2024-11-14
ORD001659,CUST00252,PROD00461,12,0.05,2022-05-18
ORD000213,CUST00484,PROD00519,10,0.15,2024-11-24
ORD007564,CUST00341,PROD00432,6,0.0,2022-06-22
ORD002819,CUST01011,PROD00082,12,0.05,2023-07-09
ORD000324,CUST00581,PROD00505,6,,2022-09-03
ORD010145,CUST00875,PROD00145,14,0.2,2023-03-28
ORD001098,CUST01048,PROD00210,6,0.25,2024-02-21
ORD009509,CUST00238,PROD00236,7,0.1,2024-12-12
ORD001360,CUST00388,PROD00089,2,0.25,2022-02-17
ORD000335,CUST00567,PROD00329,9,0.05,2023-11-27
ORD004140,CUST00071,PROD00258,10,0.0,2022-11-09
ORD001614,CUST00340,PROD00229,3,0.0,2023-07-18
ORD010391,CUST00169,PROD00417,,0.0,2023-04-05
ORD000793,CUST00530,PROD00289,7,0.2,2024-11-27
ORD000234,CUST00262,PROD00392,7,0.2,2023-08-25
ORD004563,CUST01038,PROD00210,2,0.05,2022-01-30
ORD006940,CUST00008,PROD00122,3,0.15,2023-08-16
ORD008405,CUST00607,PROD00380,,0.1,2023-07-15
ORD006593,CUST00791,PROD00218,6,0.0,2023-08-01
ORD008254,CUST00919,PROD00422,9,0.0,2024-11-28
ORD006599,CUST00422,PROD00364,6,0.15,2023-04-16
ORD007803,CUST00584,PROD00392,13,0.1,2022-05-04
ORD003786,CUST00343,PROD00143,3,0.05,2024-01-28
ORD007869,CUST00734,PROD00022,14,0.0,2022-11-19
ORD010153,CUST99780,PROD00504,13,0.2,2023-09-15
ORD004606,CUST00829,PROD00007,11,0.1,2023-12-09
ORD004394,CUST00187,PROD00202,4,0.05,2024-05-21
ORD004050,CUST00984,PROD00144,14,0.05,2024-03-23
ORD000872,CUST00546,PROD00253,10,0.1,2023-02-27
ORD001264,CUST00662,PROD00463,12,0.2,2022-09-21
ORD001619,CUST00183,PROD00071,8,0.2,2023-01-11
ORD007071,CUST00140,PROD00517,4,0.0,2023-06-12
ORD005641,CUST00751,PROD00017,2,0.05,2022-08-14
ORD010458,CUST00397,PROD00298,6,0.1,2023-11-20
ORD009434,CUST00680,PROD00477,3,0.0,2023-02-17
ORD002681,CUST00548,PROD00463,10,0.0,2024-11-28
ORD001221,CUST00432,PROD00215,12,0.05,2023-12-15
ORD007585,CUST00954,PROD00276,12,,2024-04-17
ORD001766,CUST00257,PROD00158,5,0.0,2023-05-14
ORD009464,CUST00798,PROD00197,8,0.0,2024-10-15
ORD008251,CUST00611,PROD00066,7,,2024-09-30
ORD008329,CUST00326,PROD00300,1,0.0,2023-10-05
ORD001514,CUST00661,PROD00465,3,0.0,2023-02-18
ORD003321,CUST00317,PROD00225,13,,2023-08-26
ORD007087,CUST00982,PROD00101,3,0.25,2023-12-04
ORD005520,CUST00144,PROD00518,5,0.0,2022-02-23
ORD006902,CUST00041,PROD00063,12,0.05,2022-10-25
ORD008276,CUST00196,PROD99715,2,0.0,2022-12-06
ORD009481,CUST00327,PROD00484,-5,0.05,2023-09-03
ORD008726,CUST00091,PROD00437,11,0.2,2022-10-15
ORD002754,CUST00603,PROD00334,2,,2023-01-24
ORD009271,CUST00322,PROD00421,8,0.0,2023-11-21
ORD002111,CUST00159,PROD00094,7,0.25,2024-11-12
ORD008218,CUST00993,PROD00429,1,0.2,2024-02-15
ORD005065,CUST00597,PROD00281,1,0.0,2024-01-31
ORD008923,CUST00289,PROD00166,2,0.0,2022-12-15
ORD003906,CUST00043,PROD00352,,0.05,2023-03-25
ORD004900,CUST00212,PROD00058,1,0.05,2024-06-03
ORD006226,CUST00377,PROD00361,12,0.05,2023-06-09
ORD005995,CUST00482,PROD99174,4,0.1,2022-01-03
ORD000618,CUST00158,PROD00384,5,0.0,2024-12-21
ORD008678,CUST00244,PROD00330,3,0.15,2022-09-15
ORD008148,CUST00273,PROD00238,12,0.1,2022-05-26
ORD009460,CUST00211,PROD00275,8,0.0,2022-12-29
ORD007366,CUST00668,PROD00430,9,0.1,2022-10-13
ORD000746,CUST00866,PROD00470,10,0.2,2024-08-04
ORD009367,CUST00590,PROD00486,7,0.1,2022-03-20
ORD003161,CUST00829,PROD00033,8,0.05,2022-02-23
ORD008410,CUST00748,PROD00328,13,0.25,2023-12-15
ORD003950,CUST00328,PROD00375,2,0.05,2024-02-19
ORD009547,CUST00863,PROD00281,3,0.15,2024-07-31
ORD001337,CUST00236,PROD00149,9,0.0,2022-07-18
ORD004920,CUST00678,PROD00415,1,0.1,2024-12-31
ORD002630,CUST00495,PROD00269,12,0.1,2023-09-04
ORD004251,CUST00885,PROD99265,1,0.05,2024-04-13
ORD005237,CUST00281,PROD00262,3,0.25,2022-06-25
ORD010239,CUST00642,PROD00065,3,0.15,2023-08-25
ORD007865,CUST00783,PROD00416,5,0.0,2022-12-15
ORD007204,CUST00765,PROD00286,13,0.15,2022-11-26
ORD003502,CUST00431,PROD00280,10,,2023-01-09
ORD001314,CUST00597,PROD00058,4,0.1,2023-08-19
ORD003211,CUST00969,PROD00235,14,0.1,2023-02-22
ORD010443,CUST00532,PROD00065,13,,2022-03-03
ORD005808,CUST00992,PROD00477,4,0.15,2022-02-05
ORD009312,CUST00055,PROD00400,8,0.05,2023-02-13
ORD004695,CUST00764,PROD00154,8,0.0,2023-09-06
ORD006917,CUST00506,PROD00237,,0.15,2023-12-30
ORD007581,CUST00218,PROD00393,5,0.15,2023-05-03
ORD000654,CUST00720,PROD00420,8,0.3,2022-05-26
ORD008722,CUST01048,PROD00366,8,0.15,2023-02-04
ORD002270,CUST00803,PROD00223,4,0.2,2024-01-06
ORD008901,CUST00833,PROD00081,9,0.15,2022-08-06
ORD010238,CUST00804,PROD00043,8,0.3,2024-02-25
ORD006943,CUST00721,PROD00215,10,0.0,2022-08-03
ORD007029,CUST99255,PROD00031,1,0.1,2023-02-26
ORD010062,CUST00191,PROD00189,14,0.3,2024-11-30
ORD006046,CUST00740,PROD00078,6,0.05,2024-08-01
ORD009142,CUST00008,PROD00278,8,0.15,2024-08-08
ORD000612,CUST00300,PROD00214,10,0.0,2023-08-22
ORD008299,CUST00026,PROD00509,10,0.05,2024-12-17
ORD002115,CUST00761,PROD00227,9,0.05,2023-07-03
ORD004439,CUST00123,PROD99487,9,0.25,2022-08-10
ORD009476,CUST00865,PROD00068,4,0.0,2022-07-23
ORD002466,CUST00841,PROD00203,4,,2024-03-11
ORD000512,CUST00754,PROD00169,6,0.05,2023-11-24
ORD007519,CUST00589,PROD00221,7,0.15,2022-08-03
ORD002908,CUST00407,PROD00377,9,0.0,2023-03-13
ORD007048,CUST00097,PROD00516,4,0.15,2024-09-12
ORD006796,CUST00275,PROD00113,4,0.2,2022-01-29
ORD007900,CUST00359,PROD00199,6,0.05,2022-04-26
ORD003126,CUST00944,PROD00252,5,0.15,2023-08-21
ORD009150,CUST00331,PROD00056,4,0.3,2022-07-24
ORD006930,CUST00458,PROD00249,7,0.0,2023-03-10
ORD005688,CUST01018,PROD00133,3,0.15,2023-03-25
ORD005596,CUST00200,PROD00212,10,0.05,2022-12-31
ORD008137,CUST00039,PROD00285,2,0.25,2023-05-30
ORD009251,CUST00660,PROD00173,11,0.0,2024-10-03
ORD009253,CUST00464,PROD00108,14,0.15,2024-02-05
ORD004611,CUST00510,PROD00375,14,0.0,2022-02-24
ORD005230,CUST00574,PROD00233,8,0.0,2022-06-30
ORD005454,CUST00582,PROD00486,5,0.3,2023-11-29
ORD006396,CUST00700,PROD00215,9,0.15,2022-06-11
ORD007108,CUST00938,PROD00498,14,0.0,2022-02-03
ORD001110,CUST00479,PROD00259,6,0.15,2023-10-03
ORD010481,CUST00524,PROD00374,1,0.15,2022-09-15
ORD007457,CUST00184,PROD00096,1,0.1,2023-04-25
ORD001039,CUST01012,PROD00324,14,0.15,2022-09-05
ORD000021,CUST00794,PROD00505,5,0.05,2023-05-13
ORD005171,CUST00290,PROD00376,1,0.15,2023-05-29
ORD009989,CUST00255,PROD00228,4,0.05,2023-06-03
ORD009918,CUST00623,PROD00254,6,0.1,2024-03-23
ORD003405,CUST00646,PROD00133,8,0.3,2022-07-12
ORD000935,CUST00943,PROD00403,2,0.0,2024-10-25
ORD003920,CUST00745,PROD00443,12,0.1,2023-09-15
ORD002456,CUST00301,PROD00143,7,0.1,2022-08-15
ORD000395,CUST00350,PROD00088,2,0.0,2024-01-08
ORD008873,CUST00988,PROD00501,9,0.15,2023-03-17
ORD001738,CUST00597,PROD00370,2,0.15,2023-04-10
ORD002166,CUST00588,PROD00170,8,0.0,2024-06-13
ORD000562,CUST00823,PROD00068,2,0.0,2024-09-21
ORD001163,CUST00254,PROD00186,5,0.15,2023-11-25
ORD007079,CUST00436,PROD00217,5,0.05,2023-07-13
ORD008181,CUST00317,PROD00463,7,0.0,2023-07-24
ORD003681,CUST00382,PROD00002,6,0.05,2024-08-06
ORD001528,CUST00352,PROD00246,14,0.0,2023-10-08
ORD002168,CUST01050,PROD00238,,0.15,2022-03-21
ORD003870,CUST00514,PROD00258,8,0.05,2024-01-11
ORD000059,CUST00787,PROD00158,4,0.05,2022-05-21
ORD008421,CUST00669,PROD00179,14,0.0,2023-09-11
ORD009053,CUST00187,PROD00494,13,0.05,2023-11-26
ORD002292,CUST00848,PROD00146,3,0.1,2024-05-26
ORD006157,CUST00040,PROD00214,7,0.1,2022-11-28
ORD009051,CUST00444,PROD00305,8,1.5,2023-03-21
ORD005333,CUST00074,PROD00464,2,0.2,2022-02-22
ORD003275,CUST00396,PROD00321,5,0.0,2022-06-05
ORD002923,CUST00553,PROD00325,2,0.15,2022-10-07
ORD009877,CUST00422,PROD00386,6,0.05,2024-08-05
ORD009211,CUST00796,PROD00204,3,0.0,2024-08-10
ORD000415,CUST00423,PROD00093,4,0.05,2022-08-07
ORD010229,CUST00760,PROD00501,12,0.15,2022-06-19
ORD009527,CUST00748,PROD00174,2,0.0,2024-07-06
ORD008935,CUST00207,PROD00041,7,0.1,2023-12-06
ORD008884,CUST00398,PROD00402,11,,2022-01-22
ORD004773,CUST00694,PROD00336,12,0.2,2022-04-25
ORD005269,CUST00194,PROD00057,14,0.2,2023-01-03
ORD003124,CUST00290,PROD00245,3,0.15,2023-09-11
ORD006131,CUST00449,PROD00178,1,0.1,2023-03-03
ORD007378,CUST00736,PROD00437,9,0.1,2024-08-30
ORD009444,CUST00697,PROD00299,9,0.1,2022-04-19
ORD002134,CUST00200,PROD00203,3,0.2,2024-02-21
ORD001898,CUST00819,PROD00134,13,0.0,2024-10-02
ORD006171,CUST00122,PROD00088,8,0.05,2023-05-18
ORD009438,CUST01044,PROD00417,1,0.0,2022-08-18
ORD007740,CUST00040,PROD00288,11,0.0,2024-12-12
ORD004295,CUST00065,PROD00128,2,,2023-09-24
ORD008362,CUST00017,PROD00402,2,0.1,2023-03-05
ORD006425,CUST00573,PROD00170,11,0.15,2023-08-16
ORD001818,CUST00216,PROD00034,10,0.1,2024-03-14
ORD001938,CUST00229,PROD00480,10,0.0,2023-04-21
ORD007309,CUST00520,PROD00233,12,0.1,2024-06-01
ORD002336,CUST00762,PROD00154,11,0.05,2022-03-01
ORD002073,CUST00417,PROD00480,13,0.0,2023-12-19
ORD001727,CUST00804,PROD00132,10,0.15,2024-10-02
ORD001048,CUST00997,PROD00152,1,0.0,2023-03-29
ORD008237,CUST00149,PROD00275,13,0.25,2024-04-10
ORD008654,CUST00567,PROD00059,6,0.0,2024-04-09
ORD002321,CUST01000,PROD00510,13,0.0,2022-08-10
ORD004302,CUST00779,PROD00409,9,0.15,2022-11-12
ORD008573,CUST00661,PROD00474,2,0.1,2022-09-22
ORD000767,CUST00619,PROD00336,,0.1,2022-05-08
ORD001145,CUST01002,PROD00446,7,0.15,2022-08-13
ORD003594,CUST00725,PROD00485,9,0.0,2023-08-26
ORD002274,CUST00053,PROD00014,2,0.0,2022-04-17
ORD004422,CUST00772,PROD99260,6,0.0,2022-10-11
ORD009383,CUST00150,PROD00483,7,0.05,2022-12-12
ORD006504,CUST00316,PROD00368,14,,2024-10-26
ORD004278,CUST00148,PROD00184,5,0.1,2024-06-13
ORD003795,CUST00828,PROD99565,8,0.25,2024-04-19
ORD001990,CUST00118,PROD00356,1,0.1,2024-07-05
ORD002930,CUST00048,PROD00421,10,0.1,2022-09-17
ORD005266,CUST00662,PROD00062,9,0.0,2023-06-21
ORD000829,CUST00485,PROD00462,5,0.15,2023-11-01
ORD007568,CUST00116,PROD99031,4,0.0,2024-03-09
ORD001673,CUST00602,PROD00308,2,0.15,2024-12-01
ORD006837,CUST00984,PROD00479,6,0.05,2023-03-15
ORD003054,CUST00347,PROD00364,4,0.1,2024-10-24
ORD006701,CUST00139,PROD00411,,0.0,2024-11-08
ORD009045,CUST00421,PROD00031,1,0.1,2023-04-22
ORD004098,CUST00511,PROD00147,12,0.05,2024-02-05
ORD002276,CUST00162,PROD00078,2,0.0,2022-08-07
ORD003207,CUST00393,PROD00256,13,0.0,2024-06-19
ORD008511,CUST00881,PROD00267,11,0.0,2023-09-05
ORD002046,CUST00686,PROD00202,1,0.0,2024-06-15
ORD008626,CUST01044,PROD00070,6,0.05,2024-12-29
ORD007441,CUST00680,PROD00419,10,0.0,2023-11-13
ORD008679,CUST01030,PROD00151,13,0.0,2024-02-14
ORD001296,CUST00022,PROD00141,2,0.25,2023-04-18
ORD004561,CUST00982,PROD00114,12,0.05,2022-07-23
ORD000592,CUST00281,PROD00291,8,0.0,2024-12-23
ORD000222,CUST00126,PROD00501,4,0.0,2024-12-29
ORD006448,CUST00365,PROD00217,3,0.1,2022-11-28
ORD007950,CUST00427,PROD00499,12,0.05,2024-06-09
ORD005156,CUST00033,PROD00452,6,0.0,2024-09-26
ORD000859,CUST00460,PROD00038,9,0.0,2023-10-19
ORD005034,CUST00135,PROD00241,11,0.0,2022-01-31
ORD003527,CUST00372,PROD00165,2,0.15,2024-11-01
ORD008782,CUST00465,PROD00058,6,0.0,2023-10-02
ORD000842,CUST00535,PROD00056,2,0.1,2024-08-13
ORD002577,CUST00287,PROD00081,1,0.05,2024-02-28
ORD006283,CUST00197,PROD00329,12,0.05,2024-06-21
ORD008328,CUST00932,PROD00019,3,0.0,2022-07-18
ORD000995,CUST00809,PROD00234,4,0.05,2022-01-02
ORD008058,CUST00316,PROD00487,4,0.15,2023-12-25
ORD001555,CUST00456,PROD00340,2,0.1,2024-02-04
ORD003423,CUST00095,PROD00047,10,0.0,2023-01-12
ORD003023,CUST00749,PROD00055,,0.2,2024-03-07
ORD009452,CUST00025,PROD00403,5,0.0,2023-06-11
ORD002910,CUST00470,PROD00364,2,0.1,2022-11-29
ORD005516,CUST00239,PROD00233,12,0.15,2022-08-01
ORD009874,CUST00927,PROD00191,10,0.05,2024-07-13
ORD006217,CUST99502,PROD00427,8,0.1,2024-08-05
ORD007179,CUST00505,PROD00264,7,0.25,2022-02-17
ORD002514,CUST00945,PROD00014,6,0.1,2024-01-09
ORD007884,CUST00444,PROD00078,8,0.0,2023-03-08
ORD006019,CUST00004,PROD00217,13,,2022-09-29
ORD004353,CUST00616,PROD00352,9,0.0,2024-01-04
ORD007174,CUST00429,PROD00259,8,0.05,2023-05-10
ORD005494,CUST00445,PROD00236,14,0.0,2023-04-21
ORD002234,CUST00765,PROD00054,5,0.0,2024-04-22
ORD009336,CUST00504,PROD00111,5,0.2,2023-04-28
ORD000401,CUST00282,PROD00168,3,0.1,2023-12-30
ORD003596,CUST00097,PROD00281,3,0.0,2022-03-19
ORD003860,CUST00378,PROD00389,8,0.2,2022-02-06
ORD008242,CUST00403,PROD00425,11,0.2,2022-05-14
ORD009716,CUST00879,PROD00382,10,0.0,2022-04-24
ORD005408,CUST00975,PROD00077,11,0.1,2023-07-13
ORD007439,CUST00194,PROD00222,9,0.05,2024-01-12
ORD009189,CUST00455,PROD00380,,,2023-09-10
ORD000060,CUST01048,PROD00042,12,0.0,2023-01-29
ORD004280,CUST00832,PROD00068,2,0.05,2022-04-19
ORD005573,CUST00439,PROD99271,3,0.3,2022-09-25
ORD003913,CUST00856,PROD00217,,0.0,2023-05-22
ORD008655,CUST00861,PROD00305,5,0.15,2022-04-01
ORD001329,CUST00008,PROD00044,8,0.15,2023-08-19
ORD007982,CUST00691,PROD00054,14,0.05,2022-06-05
ORD008424,CUST00749,PROD00403,13,0.0,2023-11-09
ORD009670,CUST00719,PROD00315,4,0.05,2022-12-16
ORD005152,CUST00037,PROD99221,13,0.0,2024-07-19
ORD001551,CUST00470,PROD00500,13,0.15,2022-05-16
ORD001010,CUST00413,PROD00446,10,0.1,2022-08-24
ORD001613,CUST00387,PROD00421,8,0.15,2023-03-23
ORD004378,CUST00461,PROD00397,2,0.1,2024-03-14
ORD006692,CUST00274,PROD00249,5,0.1,2023-01-17
ORD006825,CUST00315,PROD00147,4,0.25,2022-12-07
ORD000649,CUST00519,PROD00322,3,0.15,2023-04-01
ORD000880,CUST00537,PROD00318,7,0.0,2024-05-21
ORD004640,CUST00732,PROD00410,1,0.2,2024-02-24
ORD002304,CUST00395,PROD00293,12,0.05,2023-09-19
ORD008843,CUST00739,PROD00270,8,0.1,2024-11-28
ORD006536,CUST00557,PROD00412,9,0.25,2024-08-01
ORD000551,CUST00829,PROD00268,3,0.1,2022-04-18
ORD008013,CUST00084,PROD00088,1,0.0,2024-09-16
ORD007299,CUST00945,PROD00434,10,0.15,2022-04-06
ORD003026,CUST00392,PROD00270,2,0.2,2023-04-26
ORD004958,CUST00260,PROD00346,5,0.1,2022-09-02
ORD000212,CUST00701,PROD00070,2,0.0,2023-09-26
ORD003296,CUST00816,PROD00319,14,0.3,2022-10-05
ORD004096,CUST00469,PROD00080,12,0.25,2024-07-18
ORD008650,CUST01026,PROD00500,7,0.1,2024-11-19
ORD005318,CUST00592,PROD00057,14,0.0,2023-02-23
ORD004569,CUST00943,PROD00072,,,2022-10-04
ORD001439,CUST00478,PROD00459,6,0.0,2022-03-07
ORD002516,CUST00895,PROD00118,6,0.0,2023-02-13
ORD010469,CUST00346,PROD00383,12,0.0,2024-08-09
ORD005304,CUST00351,PROD00429,4,0.15,2023-06-28
ORD000697,CUST00560,PROD00198,4,0.0,2023-11-03
ORD007535,CUST99968,PROD00046,1,0.0,2023-08-08
ORD009339,CUST00532,PROD00359,4,0.1,2022-03-01
ORD006479,CUST00188,PROD00458,7,0.05,2022-02-08
ORD009621,CUST00181,PROD00470,5,0.15,2023-04-17
ORD001315,CUST00017,PROD00214,10,0.05,2024-11-12
ORD005468,CUST00259,PROD00353,10,0.2,2024-08-11
ORD005957,CUST00935,PROD00364,10,0.1,2022-01-29
ORD004095,CUST00261,PROD00484,13,0.1,2023-12-11
ORD000013,CUST00379,PROD00469,1,0.05,2024-05-16
ORD007743,CUST00081,PROD00291,2,0.0,2023-03-18
ORD009389,CUST00013,PROD00442,12,0.0,2023-08-19
ORD001347,CUST00043,PROD00427,4,0.25,2022-03-23
ORD009320,CUST00905,PROD00353,10,0.05,2023-06-20
ORD000454,CUST00261,PROD00188,4,0.0,2024-01-20
ORD005071,CUST00210,PROD00016,8,0.1,2024-06-07
ORD003800,CUST00657,PROD00186,6,0.0,2022-06-02
ORD005462,CUST00344,PROD00168,11,,2023-07-28
ORD009406,CUST00874,PROD00408,12,0.05,2022-10-07
ORD008373,CUST00958,PROD00396,12,0.0,2023-09-06
ORD000038,CUST00504,PROD00159,11,,2022-07-12
ORD001044,CUST01032,PROD00491,11,0.15,2022-05-08
ORD007121,CUST00926,PROD00267,5,0.05,2023-05-10
ORD000941,CUST00265,PROD00237,8,0.2,2022-10-27
ORD004519,CUST00496,PROD00254,10,0.2,2023-11-07
ORD008348,CUST00028,PROD00172,8,0.15,2023-09-27
ORD004130,CUST00221,PROD00150,9,0.1,2022-03-01
ORD000539,CUST00585,PROD00232,1,0.2,2022-10-20
ORD008162,CUST00820,PROD00168,9,0.2,2024-01-11
ORD004861,CUST00227,PROD00206,10,0.0,2024-06-07
ORD001401,CUST00535,PROD00382,10,0.3,2022-04-13
ORD010157,CUST00584,PROD00353,1,0.1,2024-09-22
ORD007305,CUST01044,PROD00366,10,0.0,2023-08-21
ORD002268,CUST00896,PROD00168,5,0.05,2022-06-03
ORD009331,CUST00586,PROD00073,4,0.0,2023-01-05
ORD006131,CUST00449,PROD00178,1,0.1,2023-03-03
ORD002471,CUST00774,PROD00411,11,0.05,2023-11-13
ORD004979,CUST00566,PROD00288,9,0.05,2024-12-18
ORD004227,CUST00845,PROD00221,5,0.05,2024-09-23
ORD008091,CUST00234,PROD00446,4,0.0,2023-01-17
ORD009134,CUST00088,PROD00444,9,0.0,2024-05-31
ORD004708,CUST00855,PROD00131,14,0.1,2022-01-18
ORD002914,CUST00074,PROD00442,7,,2023-03-06
ORD007760,CUST00324,PROD00378,14,0.05,2022-01-16
ORD001109,CUST00484,PROD00261,7,0.05,2022-10-03
ORD007279,CUST00205,PROD00112,13,0.0,2022-09-25
ORD009751,CUST00010,PROD00132,6,0.25,2022-04-06
ORD009172,CUST00952,PROD00489,9,0.05,2022-01-27
ORD004220,CUST00481,PROD00462,12,0.0,2022-02-07
ORD005472,CUST00017,PROD00019,14,0.1,2024-05-18
ORD001740,CUST00401,PROD00111,1,0.15,2023-12-07
ORD003674,CUST00714,PROD00235,12,,2024-03-20
ORD007431,CUST00666,PROD00164,6,0.0,2022-05-22
ORD000899,CUST00959,PROD00240,13,0.0,2024-05-04
ORD004819,CUST01044,PROD00199,3,0.2,2024-04-05
ORD003060,CUST00909,PROD00402,2,0.15,2022-05-23
ORD006557,CUST00380,PROD00006,8,0.05,2024-01-27
ORD007212,CUST00555,PROD00484,8,0.15,2023-08-03
ORD007230,CUST00871,PROD00185,4,0.1,2024-07-09
ORD001564,CUST00161,PROD00324,6,0.1,2023-08-24
ORD006303,CUST00899,PROD00085,6,0.0,2024-06-22
ORD007334,CUST00964,PROD00324,11,0.0,2024-10-10
ORD007483,CUST00794,PROD00375,12,0.15,2024-06-15
ORD008122,CUST00274,PROD00054,8,0.2,2022-09-16
ORD003687,CUST99194,PROD00352,1,0.0,2022-07-03
ORD008549,CUST00945,PROD99023,13,0.0,2023-09-30
ORD009640,CUST00484,PROD00395,11,,2024-10-22
ORD009988,CUST00277,PROD00037,3,0.0,2022-03-04
ORD009533,CUST00481,PROD00518,1,0.05,2024-09-23
ORD004396,CUST00129,PROD00094,7,0.0,2024-04-10
ORD009071,CUST00197,PROD00374,10,0.1,2023-05-07
ORD006444,CUST00129,PROD00236,12,0.1,2023-11-12
ORD004574,CUST00075,PROD00433,1,0.2,2023-12-18
ORD009351,CUST00724,PROD00226,9,0.2,2024-12-04
ORD009193,CUST00237,PROD00130,5,0.0,2023-09-01
ORD000034,CUST00808,PROD00063,2,0.2,2023-10-30
ORD002214,CUST99918,PROD00365,7,0.05,2024-07-04
ORD000834,CUST00329,PROD00516,5,0.25,2022-06-21
ORD007583,CUST00588,PROD00211,2,0.0,2024-05-15
ORD008608,CUST00093,PROD00124,,0.25,2023-02-23
ORD002928,CUST00640,PROD00513,1,0.05,2022-07-22
ORD005642,CUST00304,PROD00404,11,0.3,2024-02-04
ORD008797,CUST00906,PROD00329,9,0.05,2023-02-11
ORD009382,CUST00552,PROD00305,11,0.1,2022-05-01
ORD006958,CUST00670,PROD00486,2,0.1,2023-06-21
ORD009917,CUST00165,PROD00319,10,0.15,2023-08-02
ORD008576,CUST00569,PROD00241,14,0.15,2022-02-07
ORD008294,CUST00082,PROD00018,11,0.1,2022-08-15
ORD003083,CUST01004,PROD00051,11,0.25,2022-05-16
ORD007347,CUST00829,PROD00113,10,,2023-11-20
ORD009741,CUST00066,PROD00297,7,0.1,2023-04-21
ORD005697,CUST00588,PROD00510,7,0.0,2023-06-29
ORD009528,CUST00890,PROD00213,12,0.15,2023-12-16
ORD000931,CUST00674,PROD00125,9,0.0,2023-02-09
ORD005146,CUST00977,PROD99108,9,0.05,2023-04-06
ORD001198,CUST00479,PROD00362,11,0.1,2023-02-27
ORD010236,CUST00847,PROD00234,2,0.0,2024-06-17
ORD004000,CUST00174,PROD00131,2,0.0,2024-11-23
ORD007390,CUST00190,PROD00208,2,0.0,2022-09-29
ORD001430,CUST00386,PROD00086,11,,2024-12-10
ORD007106,CUST00799,PROD00302,13,0.0,2022-12-26
ORD007959,CUST00387,PROD00424,9,0.05,2022-06-27
ORD001154,CUST00306,PROD99777,12,0.0,2023-12-11
ORD006378,CUST00547,PROD00296,12,0.1,2023-03-12
ORD005782,CUST00810,PROD00117,13,0.05,2023-06-10
ORD008107,CUST00607,PROD00072,3,0.25,2024-04-10
ORD003653,CUST00221,PROD00105,6,0.3,2024-01-30
ORD004337,CUST00755,PROD00356,14,0.2,2023-05-21
ORD000965,CUST00172,PROD00053,7,0.05,2023-04-24
ORD005425,CUST00877,PROD00123,12,0.25,2022-11-26
ORD004794,CUST00206,PROD00292,4,0.05,2022-08-13
ORD006533,CUST00877,PROD00235,11,0.0,2023-04-24
ORD003520,CUST00963,PROD00062,8,0.2,2022-02-17
ORD003018,CUST00896,PROD00427,3,0.0,2022-08-10
ORD001484,CUST00280,PROD00496,,0.0,2022-07-10
ORD008981,CUST00694,PROD00034,1,0.1,2024-03-02
ORD009327,CUST00776,PROD00064,3,0.0,2024-02-17
ORD005583,CUST00288,PROD00128,4,0.0,2022-10-06
ORD009867,CUST00364,PROD00407,9,0.15,2023-11-13
ORD001427,CUST00801,PROD00393,7,0.1,2023-11-12
ORD002545,CUST00248,PROD00373,7,0.0,2022-12-15
ORD005749,CUST00103,PROD00325,13,0.0,2022-08-09
ORD006948,CUST00231,PROD00003,3,0.05,2022-11-11
ORD002179,CUST00947,PROD00307,9,0.0,2022-05-25
ORD006559,CUST00058,PROD00262,9,0.05,2023-12-14
ORD008376,CUST00383,PROD00048,14,0.15,2022-03-13
ORD001058,CUST00421,PROD00150,10,0.0,2023-11-19
ORD004903,CUST00845,PROD00140,8,0.05,2023-10-12
ORD009586,CUST00050,PROD00508,11,0.0,2022-04-09
ORD003799,CUST00187,PROD00146,8,0.0,2022-02-22
ORD008607,CUST00843,PROD00027,10,0.05,2023-12-19
ORD009328,CUST00583,PROD00232,7,0.15,2023-12-24
ORD010151,CUST00256,PROD00464,10,0.0,2023-06-17
ORD001545,CUST00909,PROD00361,3,,2022-03-23
ORD003778,CUST00363,PROD00265,13,0.15,2024-03-16
ORD009765,CUST00678,PROD00315,5,0.0,2023-05-24
ORD009280,CUST00998,PROD00480,10,0.05,2022-07-19
ORD004769,CUST00086,PROD00361,3,0.1,2023-09-10
ORD000725,CUST01005,PROD00355,4,0.2,2024-09-01
ORD007074,CUST00585,PROD00328,3,0.1,2022-03-22
ORD005029,CUST00510,PROD00246,14,,2023-08-20
ORD009817,CUST00470,PROD00361,12,0.0,2023-08-11
ORD001128,CUST00993,PROD00167,4,0.1,2024-07-27
ORD004029,CUST00540,PROD00221,2,0.15,2024-08-30
ORD007061,CUST00474,PROD00467,3,0.25,2023-07-21
ORD007832,CUST00263,PROD00016,14,0.1,2024-04-22
ORD008834,CUST00034,PROD00184,11,0.05,2022-01-15
ORD004375,CUST00657,PROD00418,3,0.1,2022-10-22
ORD005906,CUST00718,PROD00309,10,0.25,2022-05-06
ORD008415,CUST00193,PROD00495,5,0.3,2023-06-18
ORD001562,CUST00258,PROD00391,12,0.05,2024-10-01
ORD007466,CUST00859,PROD00083,12,0.0,2024-04-30
ORD005415,CUST00179,PROD00163,3,,2022-07-04
ORD010061,CUST00386,PROD00416,5,0.15,2022-10-29
ORD005633,CUST00252,PROD00243,6,0.05,2022-04-04
ORD006415,CUST00846,PROD00365,13,,2024-06-17
ORD009054,CUST00022,PROD00021,10,0.0,2022-06-16
ORD004919,CUST00444,PROD00477,10,0.25,2023-12-18
ORD009273,CUST00734,PROD00230,8,0.05,2022-02-13
ORD003234,CUST00708,PROD00013,13,0.05,2023-10-25
ORD003903,CUST00358,PROD00270,4,,2022-01-07
ORD008860,CUST99183,PROD00037,7,0.05,2023-08-21
ORD007224,CUST00486,PROD00266,5,0.05,2024-07-22
ORD008452,CUST00082,PROD00415,8,0.15,2024-09-21
ORD009187,CUST01045,PROD00518,13,0.0,2023-01-07
ORD007655,CUST00734,PROD00095,5,0.0,2023-12-27
ORD008476,CUST00797,PROD00383,12,0.1,2023-06-24
ORD002606,CUST00586,PROD00264,3,0.1,2024-05-22
ORD004713,CUST00521,PROD00235,14,0.1,2023-03-10
ORD001393,CUST01028,PROD00002,9,0.15,2023-02-05
ORD007225,CUST00674,PROD00132,1,0.25,2023-10-01
ORD000753,CUST00422,PROD00061,10,0.0,2024-03-26
ORD006121,CUST00826,PROD00336,11,0.1,2023-09-17
ORD004657,CUST00694,PROD00424,1,0.0,2024-03-14
ORD003528,CUST00225,PROD00023,14,0.2,2024-06-18
ORD009199,CUST00680,PROD00517,2,0.1,2024-10-02
ORD001778,CUST00180,PROD00211,12,0.0,2022-09-11
ORD000018,CUST00977,PROD00161,4,0.2,2024-11-14
ORD001771,CUST00255,PROD00510,4,0.15,2023-02-23
ORD001889,CUST00407,PROD00344,7,0.05,2024-02-14
ORD001643,CUST00207,PROD00088,12,0.15,2024-12-13
ORD009347,CUST00699,PROD00036,,0.05,2022-07-10
ORD002317,CUST00576,PROD00410,2,,2022-01-14
ORD004792,CUST00584,PROD00193,9,0.15,2022-07-21
ORD000133,CUST00039,PROD00500,9,0.1,2024-01-24
ORD006909,CUST00206,PROD00510,4,0.25,2024-07-20
ORD003704,CUST00449,PROD00465,9,0.1,2023-01-14
ORD004672,CUST00892,PROD00520,11,0.1,2022-09-06
ORD009574,CUST00300,PROD00201,5,0.0,2024-10-28
ORD001096,CUST00259,PROD00282,9,0.0,2024-02-10
ORD006394,CUST00017,PROD00191,11,0.2,2022-07-25
ORD004615,CUST00679,PROD00355,4,0.25,2022-09-05
ORD000528,CUST00703,PROD00265,11,0.2,2024-09-13
ORD004788,CUST00844,PROD00355,3,0.1,2024-10-17
ORD002003,CUST00889,PROD00136,8,0.0,2024-09-09
ORD004430,CUST01003,PROD00303,14,0.05,2023-12-26
ORD000169,CUST00241,PROD00393,3,0.05,2023-06-09
ORD006884,CUST00790,PROD00173,13,0.0,2023-06-05
ORD004314,CUST00911,PROD00167,11,0.1,2022-11-22
ORD009194,CUST00200,PROD00428,2,0.1,2022-05-29
ORD001920,CUST00300,PROD00309,6,0.05,2023-12-10
ORD000702,CUST00514,PROD00228,6,0.0,2022-11-11
ORD005313,CUST00357,PROD00190,10,0.1,2022-11-11
ORD002814,CUST00758,PROD00365,6,0.0,2024-09-15
ORD008760,CUST01050,PROD00474,3,0.0,2022-05-20
ORD009427,CUST00574,PROD00435,6,0.15,2024-05-29
ORD005816,CUST00848,PROD00012,5,0.25,2024-05-31
ORD002927,CUST00802,PROD00191,8,0.05,2023-06-16
ORD005822,CUST00811,PROD00028,6,0.1,2024-02-09
ORD002767,CUST00857,PROD00458,1,0.1,2022-02-22
ORD000773,CUST00383,PROD00463,8,0.0,2022-09-29
ORD001299,CUST00054,PROD00421,3,0.2,2023-10-29
ORD010331,CUST00732,PROD00373,9,0.2,2023-02-13
ORD001353,CUST00889,PROD00477,1,,2024-02-17
ORD004056,CUST00946,PROD00317,9,0.0,2022-03-28
ORD010261,CUST00426,PROD00315,11,0.0,2023-09-16
ORD001288,CUST00134,PROD00380,13,0.0,2024-11-26
ORD004783,CUST00219,PROD00448,10,0.05,2022-04-08
ORD007429,CUST00710,PROD00336,2,0.1,2023-03-22
ORD008835,CUST00927,PROD00508,7,0.2,2024-09-11
ORD004871,CUST00274,PROD00186,1,0.0,2022-06-28
ORD004727,CUST00797,PROD00031,12,0.2,2023-01-26
ORD002014,CUST00825,PROD00265,12,,2024-04-07
ORD009430,CUST00757,PROD00463,4,0.1,2024-08-30
ORD004194,CUST00049,PROD00082,12,0.05,2022-10-23
ORD006530,CUST00515,PROD00496,11,0.0,2023-06-06
ORD003071,CUST00022,PROD00226,10,0.0,2024-08-03
ORD009737,CUST00691,PROD00447,6,0.2,2024-05-29
ORD002148,CUST00738,PROD00240,5,,2023-09-22
ORD004772,CUST99680,PROD00397,1,0.15,2023-08-08
ORD003430,CUST00228,PROD00137,2,0.05,2023-09-21
ORD007812,CUST00552,PROD00314,11,0.2,2024-06-06
ORD004849,CUST00666,PROD00519,6,0.15,2024-03-05
ORD005021,CUST00125,PROD00015,6,0.05,2023-02-27
ORD000450,CUST00932,PROD00116,13,0.15,2023-07-08
ORD003027,CUST00367,PROD00460,8,0.0,2022-06-20
ORD005891,CUST00262,PROD00117,7,0.0,2024-05-07
ORD006337,CUST00807,PROD00440,5,0.1,2022-03-17
ORD010134,CUST00742,PROD00243,4,0.0,2022-10-07
ORD007636,CUST00251,PROD00500,7,0.0,2022-07-04
ORD000811,CUST00447,PROD99087,13,0.1,2022-10-04
ORD009469,CUST00328,PROD00072,9,0.2,2023-02-14
ORD007574,CUST00317,PROD00400,6,0.25,2024-07-11
ORD005720,CUST00911,PROD00267,14,,2024-12-04
ORD005015,CUST00081,PROD00080,13,0.05,2024-11-26
ORD008171,CUST00357,PROD00424,8,0.15,2024-06-26
ORD006868,CUST00387,PROD00056,6,0.05,2022-06-15
ORD007423,CUST00188,PROD00341,2,0.2,2022-08-17
ORD007169,CUST01017,PROD00109,4,0.05,2024-09-10
ORD001478,CUST01037,PROD00429,5,0.0,2023-12-03
ORD001791,CUST00092,PROD00508,3,0.05,2022-08-01
ORD002334,CUST00381,PROD00111,13,0.1,2022-04-24
ORD002009,CUST00044,PROD00262,11,0.2,2024-12-06
ORD000683,CUST00877,PROD00485,4,0.15,2022-05-14
ORD003834,CUST00291,PROD00384,10,0.1,2022-11-22
ORD004873,CUST00788,PROD00038,3,0.0,2024-09-11
ORD006903,CUST00988,PROD00183,14,0.05,2022-04-14
ORD000058,CUST00175,PROD00017,7,0.1,2024-11-15
ORD002459,CUST00719,PROD00131,8,0.05,2022-03-14
ORD004830,CUST00256,PROD00052,13,0.15,2022-03-19
ORD007073,CUST00974,PROD00425,5,0.0,2024-09-09
ORD004054,CUST00350,PROD00379,9,0.3,2023-01-01
ORD004282,CUST00198,PROD00487,3,0.1,2024-10-09
ORD000047,CUST00292,PROD00282,4,0.0,2022-07-21
ORD000031,CUST00876,PROD00052,6,0.05,2023-04-18
ORD004030,CUST00388,PROD00298,3,0.05,2024-12-27
ORD008992,CUST00964,PROD00311,6,,2023-10-21
ORD005423,CUST00714,PROD00379,7,0.05,2023-08-08
ORD001469,CUST00598,PROD00170,6,0.05,2023-05-19
ORD001666,CUST99368,PROD00352,7,0.2,2022-02-12
ORD001417,CUST00263,PROD00013,2,0.1,2022-06-16
ORD007823,CUST00031,PROD00420,1,0.0,2024-07-31
ORD002359,CUST00081,PROD00312,5,0.0,2022-11-09
ORD009297,CUST00960,PROD00518,13,0.05,2023-12-16
ORD004748,CUST00570,PROD00338,12,0.15,2024-04-09
ORD003246,CUST00448,PROD00119,12,0.05,2024-06-30
ORD006694,CUST00479,PROD00333,1,0.05,2022-12-20
ORD009129,CUST00177,PROD00197,7,0.15,2023-03-28
ORD006872,CUST00482,PROD00477,11,0.0,2023-09-11
ORD000430,CUST00972,PROD00374,10,0.15,2023-04-01
ORD006129,CUST00892,PROD00466,10,0.15,2023-12-07
ORD007729,CUST00360,PROD00174,1,0.25,2024-12-17
ORD000386,CUST00478,PROD00488,10,0.3,2022-10-28
ORD001946,CUST00247,PROD00517,13,0.15,2023-06-03
ORD006438,CUST00833,PROD00096,,0.05,2022-02-07
ORD004105,CUST00545,PROD00137,9,0.0,2022-05-31
ORD005664,CUST00896,PROD00187,10,0.05,2022-10-05
ORD000474,CUST00201,PROD00459,5,0.1,2024-12-03
ORD006052,CUST00789,PROD00227,2,0.0,2023-04-30
ORD008769,CUST01022,PROD00450,13,0.1,2022-01-15
ORD009234,CUST99032,PROD99649,1,0.0,2023-02-27
ORD007072,CUST00357,PROD00433,3,0.0,2024-03-15
ORD010013,CUST00713,PROD00182,6,0.15,2022-10-26
ORD008150,CUST00727,PROD00305,10,0.0,2024-03-02
ORD001056,CUST00086,PROD00044,1,0.0,2022-01-29
ORD002282,CUST00775,PROD00414,3,0.25,2023-12-26
ORD006428,CUST00532,PROD00381,3,0.25,2022-01-15
ORD004247,CUST00712,PROD00288,10,0.05,2022-05-23
ORD009660,CUST00385,PROD00062,8,0.05,2022-05-21
ORD004449,CUST00036,PROD00516,9,0.05,2024-09-02
ORD006791,CUST00350,PROD00174,3,0.1,2023-05-26
ORD005961,CUST00318,PROD00518,5,0.1,2024-09-11
ORD000812,CUST00359,PROD00466,1,0.15,2023-11-06
ORD010279,CUST00060,PROD00465,12,0.15,2022-11-19
ORD004182,CUST00913,PROD00182,11,0.0,2023-01-03
ORD003248,CUST00366,PROD00164,1,0.1,2022-05-18
ORD005248,CUST00644,PROD00421,4,,2024-04-21
ORD005651,CUST00565,PROD00210,13,0.0,2022-09-15
ORD007256,CUST00730,PROD00518,8,0.0,2022-06-07
ORD000112,CUST00850,PROD00003,9,0.05,2022-12-16
ORD005994,CUST00191,PROD00277,13,0.25,2024-05-09
ORD009599,CUST00909,PROD00410,4,0.0,2023-06-19
ORD005507,CUST00417,PROD00505,2,0.2,2022-09-05
ORD001746,CUST00197,PROD00442,3,0.0,2023-05-17
ORD003754,CUST00827,PROD00396,5,0.2,2024-03-10
ORD001453,CUST00016,PROD00176,7,0.2,2023-04-06
ORD002150,CUST00794,PROD00334,11,0.05,2022-06-23
ORD000320,CUST00022,PROD00494,9,0.1,2022-09-08
ORD003873,CUST00314,PROD00513,12,0.3,2023-12-08
ORD003695,CUST00725,PROD00215,13,0.15,2022-04-04
ORD002674,CUST00158,PROD00444,7,0.0,2022-06-09
ORD001923,CUST00628,PROD00252,9,0.1,2022-02-09
ORD008508,CUST00877,PROD00511,6,0.3,2023-07-11
ORD009572,CUST01014,PROD99394,13,0.2,2022-06-02
ORD005791,CUST00222,PROD00138,13,0.0,2022-05-23
ORD004985,CUST00167,PROD00257,9,0.1,2022-07-04
ORD005035,CUST00820,PROD00442,12,,2024-11-12
ORD002130,CUST99365,PROD00213,10,0.0,2023-04-08
ORD007536,CUST00292,PROD00313,14,0.0,2024-09-03
ORD006324,CUST00447,PROD00027,10,0.0,2024-11-10
ORD007291,CUST00144,PROD00370,,0.2,2022-12-10
ORD005567,CUST00266,PROD00501,1,0.0,2024-10-02
ORD008442,CUST00182,PROD00014,14,0.0,2022-06-21
ORD007504,CUST00227,PROD00177,5,0.0,2023-11-18
ORD004484,CUST00913,PROD00251,9,0.2,2024-07-03
ORD006138,CUST00283,PROD00345,7,0.0,2022-09-22
ORD001053,CUST00897,PROD00299,14,0.0,2024-09-26
ORD004437,CUST00197,PROD00277,12,0.1,2023-10-27
ORD004844,CUST00227,PROD00479,6,0.2,2023-04-23
ORD006348,CUST00620,PROD00104,6,0.1,2024-10-25
ORD000100,CUST00180,PROD00488,10,0.15,2022-07-15
ORD007460,CUST99753,PROD00056,13,0.0,2022-06-17
ORD001457,CUST01006,PROD00448,5,0.05,2024-04-06
ORD000362,CUST00736,PROD00466,4,0.05,2023-03-30
ORD000813,CUST00563,PROD00095,11,0.0,2024-11-04
ORD001093,CUST00829,PROD00237,9,0.1,2022-10-02
ORD003350,CUST00508,PROD00073,11,0.05,2022-08-24
ORD006933,CUST00611,PROD00025,3,0.0,2023-01-13
ORD009944,CUST00420,PROD00033,8,,2022-08-22
ORD004994,CUST00175,PROD00163,10,0.0,2022-01-17
ORD008205,CUST00583,PROD00136,14,,2024-12-25
ORD007530,CUST00572,PROD00007,14,0.0,2024-11-08
ORD007119,CUST00613,PROD00278,5,0.0,2024-09-24
ORD001415,CUST00922,PROD00236,7,0.1,2022-10-25
ORD000541,CUST00315,PROD00129,,0.0,2022-12-16
ORD008771,CUST00728,PROD00426,2,0.0,2022-04-12
ORD004644,CUST00169,PROD00401,10,0.2,2022-02-01
ORD001147,CUST00092,PROD00182,8,0.2,2024-07-01
ORD003574,CUST00242,PROD00158,2,0.2,2023-03-13
ORD000755,CUST00696,PROD00321,11,0.0,2022-05-27
ORD009797,CUST00342,PROD00439,5,0.0,2024-06-29
ORD010466,CUST00249,PROD00037,5,0.0,2024-10-23
ORD009453,CUST00826,PROD00078,8,0.05,2022-12-18
ORD005278,CUST00154,PROD00124,6,0.05,2023-06-16
ORD004598,CUST00529,PROD00394,6,0.1,2024-02-15
ORD010250,CUST00057,PROD00057,2,0.05,2022-07-13
ORD005329,CUST01049,PROD00076,9,0.0,2023-04-28
ORD002997,CUST00444,PROD99885,13,0.05,2022-01-14
ORD008412,CUST00009,PROD00086,12,0.1,2023-02-15
ORD004008,CUST00155,PROD00484,2,0.0,2024-08-02
ORD008014,CUST00789,PROD00520,5,0.0,2024-08-16
ORD002609,CUST00050,PROD00236,11,0.1,2022-04-09
ORD007465,CUST00296,PROD00299,4,0.1,2023-01-23
ORD003652,CUST00784,PROD00133,8,0.05,2023-01-27
ORD003095,CUST00237,PROD00363,4,0.0,2023-01-23
ORD009174,CUST00036,PROD00422,3,0.15,2024-10-02
ORD006502,CUST99108,PROD00024,5,0.05,2022-11-22
ORD006921,CUST00309,PROD00425,4,0.05,2022-07-11
ORD005130,CUST00934,PROD00238,2,0.05,2023-03-23
ORD005398,CUST00684,PROD00116,7,,2024-02-04
ORD000602,CUST01008,PROD00218,11,0.15,2023-06-19
ORD006051,CUST00283,PROD00213,3,0.15,2023-06-14
ORD009609,CUST00909,PROD00147,1,0.05,2024-06-30
ORD005063,CUST00697,PROD00441,11,0.2,2023-08-31
ORD003781,CUST00080,PROD00300,14,,2023-07-30
ORD004614,CUST00819,PROD00482,7,0.0,2022-06-08
ORD005787,CUST00232,PROD00284,9,0.0,2023-07-13
ORD005509,CUST00251,PROD00259,13,0.0,2024-07-11
ORD001045,CUST00131,PROD00401,3,0.2,2022-03-04
ORD008367,CUST00486,PROD00454,8,0.05,2022-08-11
ORD001558,CUST00013,PROD00304,6,0.0,2023-10-24
ORD007034,CUST00949,PROD00004,3,0.0,2022-08-12
ORD001488,CUST00897,PROD00262,14,0.15,2024-06-14
ORD004343,CUST01039,PROD00232,13,0.0,2022-05-20
ORD000181,CUST00111,PROD00499,11,0.1,2023-07-24
ORD009899,CUST00981,PROD00059,12,0.2,2022-03-10
ORD004962,CUST00277,PROD00276,11,0.15,2022-03-31
ORD002116,CUST00399,PROD00172,13,0.0,2023-10-04
ORD001700,CUST00261,PROD99719,5,0.25,2023-03-19
ORD001380,CUST00767,PROD00148,4,0.15,2023-03-05
ORD005401,CUST00431,PROD00443,3,0.15,2024-06-03
ORD002405,CUST00790,PROD00303,8,0.25,2023-02-06
ORD001396,CUST00147,PROD00041,13,0.0,2023-08-04
ORD010167,CUST00166,PROD00429,8,0.0,2023-07-11
ORD000619,CUST00376,PROD00470,6,0.2,2022-12-10
ORD003539,CUST00031,PROD00487,4,0.05,2023-07-11
ORD008234,CUST00630,PROD00337,7,0.1,2023-12-20
ORD001601,CUST00790,PROD00366,11,0.1,2023-09-30
ORD009386,CUST00382,PROD00007,2,0.0,2023-12-12
ORD009928,CUST00290,PROD00085,12,0.05,2023-11-14
ORD001616,CUST01026,PROD00470,5,0.0,2023-05-18
ORD009753,CUST00283,PROD00496,4,0.0,2023-01-02
ORD000439,CUST00238,PROD00096,7,0.05,2022-03-10
ORD007376,CUST01007,PROD00056,14,0.0,2022-11-17
ORD002084,CUST00054,PROD00415,2,,2022-02-13
ORD005951,CUST00974,PROD00238,4,0.0,2024-09-22
ORD007963,CUST00547,PROD00091,7,0.25,2022-09-25
ORD010159,CUST00889,PROD00343,8,0.0,2022-12-30
ORD005355,CUST00739,PROD00192,,0.0,2022-12-12
ORD005724,CUST00145,PROD00394,11,0.1,2022-08-23
ORD007938,CUST99959,PROD00417,12,0.0,2022-11-15
ORD003081,CUST00605,PROD00473,13,1.5,2024-06-17
ORD002546,CUST00507,PROD00455,14,0.0,2023-12-11
ORD007521,CUST00133,PROD00328,6,0.0,2024-07-01
ORD008973,CUST00807,PROD00471,3,0.05,2024-09-08
ORD010224,CUST00529,PROD00258,7,0.0,2022-06-23
ORD001919,CUST00561,PROD00278,5,0.0,2022-12-21
ORD008969,CUST00829,PROD00233,1,0.1,2023-06-15
ORD006658,CUST00612,PROD00146,11,0.0,2023-10-27
ORD009914,CUST00444,PROD00174,2,,2022-05-11
ORD004443,CUST00547,PROD00174,9,0.0,2023-04-16
ORD007384,CUST00826,PROD00474,13,0.25,2023-10-07
ORD002055,CUST00301,PROD00432,5,0.0,2024-09-22
ORD003149,CUST00472,PROD00450,8,0.0,2023-10-18
ORD009921,CUST00810,PROD00305,5,0.0,2024-09-23
ORD002363,CUST00563,PROD00223,9,0.15,2022-09-13
ORD002226,CUST00746,PROD00104,7,0.0,2022-01-28
ORD004697,CUST01027,PROD00357,2,0.15,2024-05-01
ORD001127,CUST00296,PROD00200,11,0.0,2023-11-15
ORD010437,CUST00818,PROD00330,8,0.1,2024-12-03
ORD005370,CUST00456,PROD00276,7,0.3,2022-12-15
ORD010358,CUST00134,PROD00437,2,0.0,2024-05-02
ORD007136,CUST01007,PROD00320,8,0.15,2024-06-18
ORD002445,CUST00972,PROD99461,1,0.2,2024-11-30
ORD004706,CUST99603,PROD00164,11,0.05,2024-10-31
ORD001323,CUST00958,PROD00162,10,0.0,2024-08-08
ORD001604,CUST00741,PROD00226,9,0.0,2023-05-31
ORD003413,CUST00525,PROD00066,6,0.1,2024-05-01
ORD008413,CUST00472,PROD00022,12,0.2,2024-11-17
ORD009278,CUST00434,PROD00064,14,0.15,2024-12-17
ORD008202,CUST00138,PROD00305,10,0.05,2022-10-01
ORD007718,CUST00218,PROD00125,,0.15,2022-03-03
ORD005919,CUST00397,PROD00169,1,0.05,2023-12-18
ORD005147,CUST00280,PROD00198,13,0.0,2023-09-20
ORD005832,CUST00505,PROD00070,14,0.05,2023-10-30
ORD002291,CUST01006,PROD00042,9,0.0,2023-05-11
ORD010063,CUST01041,PROD00388,5,0.05,2022-05-18
ORD005704,CUST00914,PROD00329,13,0.1,2024-06-07
ORD001508,CUST00394,PROD00071,13,0.0,2023-08-12
ORD006108,CUST00960,PROD00401,5,0.05,2024-02-11
ORD001560,CUST00395,PROD00181,10,0.1,2024-05-28
ORD008337,CUST00403,PROD00055,10,0.0,2023-01-22
ORD006811,CUST00531,PROD00269,5,0.0,2023-01-06
ORD010128,CUST00472,PROD00298,6,0.2,2024-08-10
ORD007481,CUST00008,PROD00007,14,0.1,2023-01-28
ORD003922,CUST00629,PROD00209,3,0.0,2023-11-26
ORD001837,CUST01029,PROD00320,3,0.05,2024-07-07
ORD004575,CUST01037,PROD99450,11,0.1,2022-03-12
ORD007896,CUST00027,PROD00320,1,0.05,2024-01-15
ORD000982,CUST00932,PROD00125,5,0.0,2024-05-04
ORD009022,CUST00616,PROD00328,13,0.05,2024-11-05
ORD001355,CUST00268,PROD00268,8,0.2,2022-04-25
ORD002871,CUST00539,PROD00335,8,0.0,2023-02-15
ORD000046,CUST00112,PROD00519,8,0.1,2024-08-10
ORD002543,CUST00412,PROD00274,3,0.0,2024-04-14
ORD009295,CUST00480,PROD00021,6,0.1,2024-02-19
ORD000749,CUST00649,PROD00220,13,0.1,2024-11-17
ORD005649,CUST00098,PROD00057,5,0.2,2023-05-24
ORD004951,CUST00871,PROD00307,1,0.1,2022-07-02
ORD006685,CUST00468,PROD00444,11,0.0,2024-06-12
ORD006915,CUST00722,PROD00295,3,0.1,2024-01-15
ORD006606,CUST00644,PROD00289,13,0.05,2023-10-06
ORD005435,CUST00650,PROD00395,5,0.05,2024-06-02
ORD007984,CUST00549,PROD00031,8,0.0,2023-01-07
ORD000536,CUST00583,PROD00315,3,0.2,2023-12-30
ORD007090,CUST00134,PROD00172,8,0.0,2024-06-20
ORD006045,CUST00150,PROD00192,4,0.05,2022-12-30
ORD006755,CUST00074,PROD00456,5,0.3,2024-11-17
ORD002252,CUST99383,PROD00125,11,0.0,2022-05-22
ORD001026,CUST00962,PROD00400,12,0.0,2024-08-05
ORD003486,CUST00478,PROD00109,11,0.1,2023-05-09
ORD005757,CUST00460,PROD00355,2,0.0,2023-04-27
ORD004421,CUST00148,PROD00046,10,0.15,2022-10-21
ORD007020,CUST00457,PROD00165,12,0.05,2023-02-06
ORD004272,CUST00720,PROD00162,9,0.05,2024-05-30
ORD006867,CUST00397,PROD00288,1,0.05,2023-01-01
ORD003935,CUST00268,PROD00403,13,0.15,2024-08-02
ORD008027,CUST00376,PROD00333,5,0.05,2024-03-06
ORD004632,CUST00169,PROD99499,6,0.15,2024-01-06
ORD010380,CUST00835,PROD00438,12,0.05,2023-03-23
ORD008798,CUST99013,PROD00097,3,0.0,2024-04-08
ORD000665,CUST00203,PROD00395,12,0.0,2024-01-24
ORD007244,CUST00018,PROD00300,10,,2022-06-24
ORD002890,CUST00838,PROD00424,6,0.05,2024-02-17
ORD004092,CUST00976,PROD00148,4,0.1,2022-10-19
ORD002971,CUST00603,PROD00207,14,0.15,2024-04-28
ORD009832,CUST00679,PROD00131,2,0.15,2022-02-13
ORD004276,CUST01034,PROD00075,3,0.2,2022-08-10
ORD004689,CUST00288,PROD00515,,0.15,2023-07-18
ORD010339,CUST00401,PROD00175,4,0.1,2023-01-15
ORD009381,CUST00442,PROD00001,2,0.1,2024-08-24
ORD004338,CUST00218,PROD00246,8,0.15,2023-08-18
ORD000676,CUST00591,PROD00052,10,0.05,2023-01-06
ORD007689,CUST00974,PROD00192,1,0.3,2023-08-25
ORD004386,CUST00299,PROD00268,1,0.0,2022-02-27
ORD009764,CUST01007,PROD00483,2,0.1,2022-10-07
ORD008621,CUST00027,PROD00210,8,0.1,2024-02-21
ORD008253,CUST00636,PROD00288,9,0.0,2022-02-09
ORD003036,CUST00816,PROD00384,9,0.0,2024-10-09
ORD001963,CUST00125,PROD00062,5,0.0,2024-12-17
ORD001841,CUST00833,PROD00315,9,0.1,2022-09-09
ORD009782,CUST00166,PROD00212,13,0.25,2024-01-10
ORD004171,CUST99718,PROD00029,7,0.05,2023-08-09
ORD007524,CUST00830,PROD00241,1,0.0,2024-08-30
ORD004897,CUST00494,PROD00229,7,0.1,2024-08-30
ORD006761,CUST00354,PROD00424,14,0.0,2023-09-13
ORD005681,CUST00140,PROD00177,2,,2024-08-15
ORD003998,CUST00547,PROD00109,9,,2024-02-29
ORD008741,CUST00574,PROD00007,12,0.1,2024-10-17
ORD006070,CUST00037,PROD00013,10,0.05,2022-04-07
ORD007239,CUST00736,PROD00272,10,0.0,2024-12-25
ORD009003,CUST00341,PROD00341,13,0.0,2023-05-04
ORD009388,CUST01011,PROD00365,9,0.0,2023-01-27
ORD000412,CUST99183,PROD00196,10,0.1,2024-04-10
ORD000614,CUST00109,PROD00104,13,0.0,2022-04-29
ORD003816,CUST00097,PROD00029,9,0.05,2024-12-15
ORD006081,CUST99091,PROD00437,3,0.0,2024-11-14
ORD001431,CUST00674,PROD00116,6,0.05,2022-06-01
ORD005764,CUST00771,PROD00328,7,0.0,2024-11-18
ORD010177,CUST00788,PROD00216,3,0.15,2022-05-25
ORD006462,CUST00055,PROD00138,8,0.1,2023-11-04
ORD008502,CUST00610,PROD00086,14,0.0,2023-12-04
ORD006855,CUST00915,PROD00135,2,0.15,2022-04-03
ORD007531,CUST00382,PROD00229,11,0.0,2023-10-24
ORD001418,CUST00020,PROD00177,6,0.0,2022-07-14
ORD004823,CUST00488,PROD00250,9,0.0,2022-04-05
ORD000605,CUST00137,PROD00481,4,0.05,2024-07-07
ORD001273,CUST00463,PROD00114,1,0.0,2023-08-08
ORD010410,CUST00177,PROD00105,2,0.15,2022-10-24
ORD007421,CUST00283,PROD00451,7,0.05,2022-10-06
ORD007882,CUST00988,PROD00221,11,0.2,2023-09-15
ORD004603,CUST00046,PROD00301,12,0.0,2023-07-02
ORD000248,CUST00258,PROD00062,13,0.05,2024-09-20
ORD005054,CUST00843,PROD00389,13,0.1,2022-11-20
ORD002901,CUST00676,PROD00362,11,0.05,2023-10-20
ORD001983,CUST00510,PROD00036,14,0.0,2024-03-27
ORD009991,CUST00856,PROD00115,14,0.15,2022-03-27
ORD006232,CUST00864,PROD00397,4,0.0,2023-12-03
ORD000200,CUST00579,PROD00275,12,0.2,2022-01-04
ORD004709,CUST00473,PROD00179,7,0.0,2022-02-05
ORD000486,CUST00759,PROD00344,12,0.25,2022-03-17
ORD002880,CUST00589,PROD00125,8,0.2,2023-12-01
ORD008725,CUST00497,PROD00369,3,0.1,2022-10-20
ORD010311,CUST00647,PROD00046,14,0.15,2024-04-05
ORD002824,CUST00086,PROD00229,1,0.15,2024-01-21
ORD000456,CUST00228,PROD99004,10,0.0,2022-06-02
ORD001079,CUST00021,PROD00336,8,0.3,2022-06-12
ORD009512,CUST00985,PROD00320,4,0.05,2024-09-05
ORD007604,CUST00833,PROD00369,7,0.3,2023-05-25
ORD001722,CUST00461,PROD00220,13,0.25,2024-03-26
ORD008812,CUST00592,PROD00080,7,0.15,2024-10-31
ORD004336,CUST00881,PROD00403,12,0.05,2024-09-22
ORD008808,CUST00417,PROD00379,6,0.1,2024-05-11
ORD002795,CUST00963,PROD00157,4,0.0,2022-03-28
ORD006726,CUST00209,PROD00293,13,0.25,2024-03-27
ORD009402,CUST00809,PROD00051,8,0.1,2023-01-22
ORD005492,CUST00360,PROD00100,1,0.0,2023-09-05
ORD000863,CUST00346,PROD00232,10,0.1,2024-10-16
ORD002095,CUST00691,PROD00151,7,0.05,2024-09-01
ORD000948,CUST00427,PROD00057,12,0.3,2024-12-30
ORD003316,CUST00760,PROD00213,11,0.0,2022-12-28
ORD001445,CUST00857,PROD00469,8,0.05,2022-09-16
ORD001281,CUST00489,PROD00158,7,0.25,2023-10-13
ORD010121,CUST00626,PROD00301,5,0.0,2023-04-16
ORD000123,CUST00693,PROD00235,6,0.1,2024-04-16
ORD000004,CUST00298,PROD00334,10,0.0,2024-02-25
ORD008377,CUST00086,PROD00505,6,0.0,2022-06-17
ORD006238,CUST00182,PROD00326,10,0.0,2022-06-06
ORD009400,CUST00320,PROD00306,14,0.1,2022-10-04
ORD004101,CUST00196,PROD00195,14,0.1,2022-04-23
ORD002303,CUST00522,PROD00099,3,0.15,2024-07-25
ORD008036,CUST00421,PROD00421,12,0.15,2023-10-19
ORD002005,CUST00372,PROD00184,14,,2023-04-22
ORD007380,CUST00447,PROD00497,14,0.05,2024-02-03
ORD009377,CUST00856,PROD00437,3,0.1,2023-06-18
ORD001006,CUST00341,PROD00265,2,0.0,2022-01-17
ORD003182,CUST00757,PROD00154,,,2023-09-21
ORD007365,CUST00262,PROD00312,12,0.0,2022-12-04
ORD003746,CUST00734,PROD00348,8,0.15,2022-07-02
ORD003056,CUST00826,PROD00378,14,0.0,2024-12-27
ORD002886,CUST00991,PROD00213,7,0.25,2022-05-10
ORD004609,CUST00304,PROD00160,5,0.0,2023-01-22
ORD002133,CUST00729,PROD00459,6,0.25,2023-04-26
ORD007008,CUST00281,PROD00228,12,0.0,2022-01-04
ORD008219,CUST00877,PROD00040,1,0.05,2022-01-12
ORD010326,CUST00538,PROD00176,5,0.0,2022-12-10
ORD002058,CUST00232,PROD00366,10,0.1,2024-05-19
ORD003992,CUST00688,PROD00366,13,,2022-11-30
ORD000230,CUST00891,PROD00325,6,0.0,2023-05-28
ORD003932,CUST00320,PROD00314,10,0.0,2023-10-28
ORD004025,CUST00382,PROD00334,14,0.2,2023-08-23
ORD009839,CUST00174,PROD00414,12,0.0,2022-05-03
ORD009888,CUST00124,PROD00147,1,0.0,2022-12-04
ORD004872,CUST99240,PROD00460,12,0.0,2022-02-05
ORD003008,CUST00107,PROD00339,10,0.15,2024-11-08
ORD005748,CUST00978,PROD00420,8,0.15,2022-08-28
ORD009020,CUST00392,PROD00333,8,0.05,2023-02-18
ORD000210,CUST00883,PROD00483,7,0.0,2024-01-14
ORD005280,CUST01007,PROD00407,2,0.1,2022-02-10
ORD002751,CUST00738,PROD99725,13,0.1,2023-12-06
ORD007349,CUST00848,PROD00122,2,0.2,2023-06-22
ORD008676,CUST00943,PROD00510,6,0.05,2022-06-05
ORD005066,CUST00443,PROD00217,2,0.3,2024-07-10
ORD000281,CUST00598,PROD00499,10,0.2,2023-03-20
ORD002945,CUST00172,PROD00022,11,0.0,2022-03-16
ORD008728,CUST00848,PROD00513,8,0.1,2023-03-08
ORD007394,CUST00942,PROD00125,8,0.0,2024-08-19
ORD005560,CUST00100,PROD00139,9,0.1,2022-08-24
ORD004514,CUST00352,PROD00328,1,0.0,2024-09-04
ORD001729,CUST00802,PROD00170,8,0.2,2022-11-08
ORD008142,CUST00830,PROD00242,12,0.15,2022-06-11
ORD000338,CUST00128,PROD00465,12,0.0,2023-02-05
ORD005818,CUST00669,PROD00300,13,0.1,2022-02-12
ORD002651,CUST00114,PROD00224,6,0.0,2022-08-16
ORD009930,CUST00821,PROD00272,5,0.0,2022-05-24
ORD009179,CUST00259,PROD00506,6,0.1,2022-10-07
ORD008311,CUST00885,PROD00354,13,0.0,2022-01-26
ORD006963,CUST00594,PROD00026,6,0.1,2022-08-26
ORD004768,CUST00756,PROD00087,4,0.0,2023-02-27
ORD008879,CUST00275,PROD99689,2,0.0,2022-05-15
ORD001227,CUST00673,PROD00509,14,0.0,2022-12-23
ORD005260,CUST00707,PROD00330,4,0.05,2024-03-29
ORD008871,CUST00740,PROD00044,5,0.0,2022-03-30
ORD002145,CUST01028,PROD00429,9,0.05,2022-11-26
ORD009455,CUST00917,PROD00186,11,0.05,2023-03-21
ORD004864,CUST00029,PROD00180,9,,2024-01-07
ORD002112,CUST00960,PROD99149,7,0.0,2024-05-28
ORD010479,CUST00259,PROD00434,3,0.05,2023-01-31
ORD006537,CUST99955,PROD00167,12,0.0,2022-11-28
ORD004191,CUST00112,PROD00328,12,0.1,2022-07-06
ORD006276,CUST00981,PROD00219,4,0.25,2023-03-26
ORD003111,CUST00692,PROD00342,9,0.1,2024-06-06
ORD008920,CUST00291,PROD00242,10,0.05,2022-09-14
ORD001018,CUST00125,PROD00058,10,0.0,2022-05-22
ORD005966,CUST00921,PROD00435,11,0.05,2022-05-15
ORD007705,CUST01025,PROD00245,12,0.1,2023-02-24
ORD005853,CUST00030,PROD00249,8,0.05,2023-05-19
ORD001929,CUST00719,PROD00128,2,0.15,2024-03-16
ORD007808,CUST00335,PROD00339,5,0.0,2023-09-06
ORD000351,CUST00039,PROD00271,5,0.0,2022-10-31
ORD003750,CUST00368,PROD00277,12,0.0,2023-03-16
ORD002202,CUST00532,PROD00347,2,0.05,2023-01-10
ORD004886,CUST00860,PROD00200,7,0.0,2024-02-12
ORD001935,CUST00207,PROD00085,13,0.1,2023-10-08
ORD006031,CUST00994,PROD00458,9,0.0,2024-07-17
ORD010200,CUST00147,PROD00436,7,0.0,2023-09-23
ORD006426,CUST00361,PROD00498,11,0.1,2022-05-04
ORD007857,CUST00315,PROD00387,10,0.0,2024-12-03
ORD007068,CUST00077,PROD00139,12,0.1,2022-05-11
ORD000565,CUST00400,PROD00068,10,0.15,2022-08-11
ORD001583,CUST00581,PROD00148,14,0.05,2024-07-01
ORD004462,CUST00910,PROD00445,7,0.1,2024-08-08
ORD002176,CUST00216,PROD00339,6,0.15,2022-08-28
ORD005693,CUST00850,PROD00182,14,0.0,2022-08-23
ORD002541,CUST00637,PROD00397,12,0.0,2024-02-18
ORD004721,CUST99889,PROD00069,6,0.05,2022-07-19
ORD002708,CUST00795,PROD00062,10,,2022-04-08
ORD006428,CUST00532,PROD00381,3,0.25,2022-01-15
ORD002229,CUST00934,PROD00144,8,0.0,2024-01-27
ORD001116,CUST00301,PROD00340,9,0.0,2024-08-29
ORD004686,CUST00514,PROD00400,14,0.1,2022-05-05
ORD007201,CUST00420,PROD00253,,0.0,2023-02-12
ORD009325,CUST00729,PROD00509,8,0.2,2022-02-28
ORD005894,CUST00028,PROD00311,2,0.3,2022-07-15
ORD009615,CUST00879,PROD00085,13,0.1,2024-09-30
ORD009859,CUST00056,PROD00061,2,0.0,2022-07-25
ORD008445,CUST00336,PROD00377,5,0.0,2023-03-24
ORD000822,CUST00044,PROD00203,8,0.2,2022-02-10
ORD006496,CUST00907,PROD99073,4,,2023-12-24
ORD002273,CUST00418,PROD00106,4,0.25,2024-02-25
ORD009085,CUST00245,PROD00236,3,0.2,2022-05-02
ORD000082,CUST00715,PROD00380,2,0.0,2022-08-17
ORD001324,CUST00679,PROD00387,9,0.2,2023-08-22
ORD009749,CUST00645,PROD00049,8,0.05,2024-04-02
ORD004717,CUST00005,PROD00004,3,0.1,2024-07-05
ORD001615,CUST00518,PROD00461,6,0.2,2022-03-14
ORD002698,CUST00777,PROD00039,3,0.0,2023-11-29
ORD000832,CUST00524,PROD00396,9,0.05,2023-07-19
ORD001331,CUST00437,PROD00239,4,0.1,2023-08-25
ORD008954,CUST00497,PROD00085,12,0.0,2023-09-27
ORD002421,CUST00559,PROD00479,1,0.1,2022-03-06
ORD005212,CUST00890,PROD00122,7,0.2,2022-06-11
ORD003285,CUST00679,PROD00013,9,0.05,2024-04-01
ORD002834,CUST00571,PROD00166,13,0.1,2024-05-26
ORD006209,CUST00978,PROD00256,2,0.15,2023-09-22
ORD010464,CUST00032,PROD00192,14,0.1,2022-02-23
ORD001650,CUST00880,PROD00230,9,0.0,2024-08-10
ORD004759,CUST00886,PROD00164,1,0.1,2022-06-26
ORD003858,CUST00224,PROD00273,6,0.25,2022-08-03
ORD008292,CUST00784,PROD00131,9,0.05,2023-06-06
ORD007249,CUST00811,PROD00127,7,0.05,2024-10-05
ORD007838,CUST00291,PROD00412,13,0.2,2024-11-23
ORD008256,CUST01011,PROD00310,6,0.05,2022-12-09
ORD008031,CUST00926,PROD00491,8,0.0,2023-03-25
ORD003400,CUST00552,PROD00098,13,0.05,2022-09-05
ORD002690,CUST00930,PROD00324,12,0.05,2022-02-17
ORD004550,CUST00761,PROD00424,2,0.05,2023-08-29
ORD005460,CUST00307,PROD00425,13,0.25,2024-12-03
ORD000750,CUST00800,PROD99817,3,0.0,2023-03-18
ORD006162,CUST00049,PROD00213,3,0.1,2024-05-13
ORD002374,CUST00181,PROD00356,14,0.25,2023-04-12
ORD002443,CUST00681,PROD00042,1,0.0,2023-08-01
ORD008850,CUST00731,PROD00328,8,0.0,2022-01-13
ORD009503,CUST00016,PROD00201,,0.15,2022-11-03
ORD002759,CUST01047,PROD00423,10,0.0,2023-12-12
ORD003334,CUST00994,PROD00377,12,0.0,2023-06-20
ORD004217,CUST00063,PROD00078,10,0.0,2023-02-08
ORD009009,CUST00564,PROD00421,1,0.05,2022-02-18
ORD006027,CUST00830,PROD00445,6,,2024-03-28
ORD005265,CUST00346,PROD00496,3,0.0,2023-08-27
ORD004402,CUST00628,PROD00073,8,0.15,2023-07-03
ORD009188,CUST00458,PROD00360,2,0.0,2022-08-15
ORD009439,CUST00074,PROD00414,13,0.0,2023-01-06
ORD006193,CUST00878,PROD00425,13,0.05,2022-02-12
ORD007258,CUST99776,PROD00467,5,0.1,2022-06-18
ORD008672,CUST00741,PROD00506,6,0.2,2023-03-05
ORD009883,CUST00499,PROD00183,3,0.05,2022-03-04
ORD005911,CUST00477,PROD00316,1,0.05,2024-04-22
ORD001140,CUST00996,PROD00204,5,0.15,2022-01-20
ORD008524,CUST00569,PROD00042,8,0.0,2024-06-28
ORD002232,CUST00688,PROD00139,7,0.0,2024-06-02
ORD002165,CUST01000,PROD00400,13,0.05,2024-08-21
ORD002887,CUST01002,PROD00277,4,0.0,2024-09-30
ORD009711,CUST01010,PROD00344,3,0.2,2022-12-10
ORD009013,CUST00610,PROD00520,10,0.0,2023-09-28
ORD002778,CUST00840,PROD00292,14,0.0,2024-03-03
ORD006786,CUST00373,PROD00336,7,0.25,2024-03-31
ORD008048,CUST00823,PROD00004,4,0.0,2022-08-23
ORD001571,CUST00986,PROD00226,5,0.0,2022-12-05
ORD000173,CUST00718,PROD00321,4,0.0,2022-09-29
ORD000640,CUST00292,PROD00256,7,0.1,2024-12-21
ORD002088,CUST00324,PROD00483,2,0.0,2024-08-25
ORD003129,CUST00165,PROD00403,6,0.0,2022-05-03
ORD010071,CUST00370,PROD00429,8,0.1,2024-07-12
ORD005326,CUST00598,PROD00285,2,0.05,2022-12-21
ORD001144,CUST00442,PROD00333,1,0.05,2022-08-31
ORD007385,CUST00228,PROD00013,4,0.0,2022-01-25
ORD010262,CUST00426,PROD00425,8,0.05,2024-02-19
ORD009024,CUST00538,PROD00418,8,0.1,2022-03-15
ORD009876,CUST00098,PROD00478,6,0.05,2023-04-16
ORD001833,CUST00511,PROD99105,3,0.1,2023-03-15
ORD005965,CUST00215,PROD00508,6,0.0,2023-12-12
ORD007826,CUST00701,PROD00037,,0.15,2023-12-13
ORD009834,CUST00530,PROD00167,12,0.0,2022-08-21
ORD008471,CUST00019,PROD00191,5,0.2,2024-03-11
ORD008790,CUST00788,PROD00138,5,0.05,2022-02-09
ORD008389,CUST00248,PROD00390,1,0.1,2023-12-31
ORD005903,CUST00881,PROD00365,2,0.0,2024-08-17
ORD000835,CUST00650,PROD00218,,0.05,2024-11-27
ORD002487,CUST00334,PROD00020,6,0.0,2023-04-23
ORD007952,CUST00093,PROD00251,14,0.05,2023-10-01
ORD008601,CUST00927,PROD00015,5,0.05,2022-06-14
ORD005295,CUST00878,PROD00139,7,0.05,2023-07-19
ORD008761,CUST00844,PROD00083,4,0.0,2023-04-25
ORD004429,CUST00105,PROD00082,1,0.1,2024-11-05
ORD008487,CUST00957,PROD00228,8,0.0,2024-12-25
ORD000820,CUST00297,PROD00047,13,0.0,2022-05-09
ORD000066,CUST00106,PROD00212,10,0.0,2023-01-06
ORD004036,CUST00447,PROD00170,9,0.3,2023-03-18
ORD007912,CUST00154,PROD00444,3,0.15,2022-02-10
ORD002025,CUST00175,PROD00215,5,0.2,2022-11-12
ORD004990,CUST00724,PROD00245,3,0.0,2022-08-29
ORD000355,CUST00676,PROD00045,13,0.05,2022-02-20
ORD004780,CUST00067,PROD00420,1,0.05,2023-12-13
ORD006033,CUST00760,PROD00155,3,0.15,2024-02-02
ORD005194,CUST00784,PROD00482,10,0.0,2022-05-10
ORD001809,CUST00507,PROD00118,6,0.1,2023-07-15
ORD008709,CUST00205,PROD00428,10,0.2,2023-05-30
ORD005610,CUST00126,PROD00093,7,,2022-08-05
ORD004813,CUST00219,PROD00385,5,0.15,2023-09-03
ORD008743,CUST01043,PROD00319,14,,2022-07-09
ORD004801,CUST00164,PROD00144,14,0.05,2023-07-30
ORD003885,CUST00348,PROD00442,5,0.05,2024-11-22
ORD000473,CUST00808,PROD00365,10,0.0,2022-10-13
ORD002349,CUST01022,PROD00232,4,0.0,2022-07-17
ORD003128,CUST00353,PROD00041,3,0.05,2024-01-04
ORD009723,CUST00879,PROD00315,3,,2022-04-09
ORD010067,CUST00980,PROD00005,8,0.2,2023-03-12
ORD006932,CUST00019,PROD99500,14,0.2,2022-03-18
ORD003394,CUST00317,PROD00516,7,0.0,2022-07-13
ORD008387,CUST00186,PROD00259,13,0.2,2024-07-23
ORD000869,CUST00930,PROD00388,3,0.2,2022-02-04
ORD003725,CUST00459,PROD99958,9,0.1,2023-08-31
ORD008188,CUST00889,PROD00186,14,0.05,2024-02-27
ORD010218,CUST00100,PROD00370,13,0.1,2024-03-30
ORD001507,CUST00030,PROD00463,6,0.0,2023-02-04
ORD006024,CUST00399,PROD00420,1,0.05,2023-04-02
ORD004254,CUST00956,PROD00458,2,0.0,2024-12-24
ORD006998,CUST00517,PROD00121,5,0.15,2024-10-03
ORD009695,CUST00033,PROD00377,14,0.1,2022-12-26
ORD002771,CUST00400,PROD00185,13,0.15,2023-06-07
ORD010178,CUST00600,PROD00438,14,0.1,2024-03-07
ORD006588,CUST00070,PROD00364,8,0.05,2024-07-23
ORD009762,CUST00951,PROD00077,12,0.15,2024-11-13
ORD004588,CUST00432,PROD00336,6,0.05,2022-11-29
ORD001076,CUST00940,PROD00441,9,0.1,2022-06-29
ORD003558,CUST00947,PROD00317,3,,2023-08-02
ORD005141,CUST00083,PROD00006,13,0.0,2022-09-18
ORD008710,CUST00793,PROD00472,8,0.0,2024-04-27
ORD003210,CUST00101,PROD00253,9,0.0,2023-12-19
ORD005904,CUST00791,PROD00043,12,0.0,2024-06-09
ORD007873,CUST00564,PROD00088,12,0.1,2023-04-25
ORD010140,CUST00045,PROD00465,12,0.25,2024-07-08
ORD010189,CUST00637,PROD00277,2,0.05,2022-01-31
ORD005650,CUST00590,PROD00514,7,,2024-08-23
ORD003782,CUST00247,PROD00206,4,0.05,2023-06-06
ORD008347,CUST00745,PROD00507,5,0.1,2023-03-27
ORD008179,CUST00836,PROD00178,14,0.05,2022-02-13
ORD009927,CUST01027,PROD00376,12,0.0,2022-08-12
ORD001603,CUST00071,PROD00129,14,0.05,2022-03-10
ORD000074,CUST00012,PROD00366,13,0.0,2022-08-18
ORD004739,CUST00141,PROD00285,8,0.3,2023-07-05
ORD004310,CUST00925,PROD00157,13,0.15,2023-05-04
ORD007251,CUST00081,PROD00104,9,0.05,2024-10-08
ORD007811,CUST00473,PROD00080,14,0.0,2023-11-10
ORD005121,CUST00197,PROD00279,2,0.15,2024-11-06
ORD001102,CUST00623,PROD00115,4,0.05,2024-11-02
ORD004084,CUST00266,PROD00131,4,0.0,2022-11-30
ORD010269,CUST00595,PROD00261,12,0.0,2023-04-13
ORD006799,CUST00586,PROD00164,11,0.0,2022-01-18
ORD000314,CUST00547,PROD00354,12,0.05,2024-12-07
ORD006555,CUST00338,PROD00307,13,,2023-06-22
ORD009924,CUST01021,PROD00390,5,0.05,2023-10-11
ORD000119,CUST00234,PROD00053,6,0.05,2023-12-13
ORD002023,CUST00218,PROD00026,9,0.0,2024-08-07
ORD008911,CUST00687,PROD00150,2,0.0,2024-06-03
ORD007066,CUST00491,PROD00326,13,0.15,2022-03-24
ORD007388,CUST00244,PROD00072,6,0.1,2024-07-16
ORD002035,CUST00460,PROD00181,3,0.0,2024-07-24
ORD005101,CUST00146,PROD00253,1,0.05,2024-07-03
ORD002857,CUST00651,PROD00031,10,0.0,2023-09-10
ORD009333,CUST00083,PROD00258,13,0.0,2024-01-22
ORD009738,CUST00065,PROD00314,12,0.25,2024-04-19
ORD001220,CUST00573,PROD00266,2,0.0,2023-03-18
ORD007362,CUST00616,PROD00002,1,0.15,2022-12-24
ORD006452,CUST00055,PROD00380,6,0.25,2023-02-11
ORD007285,CUST99559,PROD00410,12,0.1,2023-01-11
ORD003881,CUST00294,PROD00514,14,0.05,2023-12-13
ORD002511,CUST00853,PROD00305,4,0.05,2023-02-28
ORD006753,CUST00102,PROD00239,4,0.05,2022-02-11
ORD008002,CUST00958,PROD00193,14,,2022-10-28
ORD005404,CUST00672,PROD00071,13,0.0,2022-10-09
ORD009633,CUST00730,PROD00112,8,0.05,2023-06-10
ORD007787,CUST00488,PROD00355,,0.1,2022-02-15
ORD003670,CUST00098,PROD00431,10,0.0,2022-06-17
ORD004817,CUST00035,PROD00334,9,0.0,2023-04-08
ORD000178,CUST00104,PROD00435,1,,2023-06-10
ORD001644,CUST99272,PROD00049,6,0.15,2024-11-14
ORD010006,CUST01039,PROD00108,11,0.05,2023-07-16
ORD006700,CUST00837,PROD00210,12,0.0,2022-01-18
ORD010333,CUST01018,PROD00318,12,0.05,2023-04-01
ORD001375,CUST00075,PROD00011,12,0.1,2024-05-11
ORD001721,CUST00432,PROD00485,12,0.0,2024-06-28
ORD005427,CUST01038,PROD00099,14,0.05,2024-03-30
ORD009396,CUST00275,PROD99797,1,0.05,2022-08-15
ORD002265,CUST00800,PROD00415,5,0.0,2022-04-26
ORD000088,CUST00364,PROD00103,2,0.15,2022-01-31
ORD006225,CUST00941,PROD00326,10,0.2,2022-07-24
ORD003383,CUST00335,PROD00315,1,0.1,2024-11-18
ORD003828,CUST00239,PROD00391,10,0.1,2023-09-17
ORD010387,CUST00377,PROD00367,2,0.1,2023-08-05
ORD000404,CUST00248,PROD00236,1,,2022-06-24
ORD004163,CUST00662,PROD00196,10,0.0,2022-11-16
ORD003351,CUST00375,PROD00012,12,0.15,2023-06-02
ORD008977,CUST00695,PROD00458,10,0.0,2024-06-20
ORD008159,CUST00926,PROD00155,1,0.1,2023-10-17
ORD007083,CUST00220,PROD00130,12,0.05,2023-12-20
ORD009815,CUST00205,PROD00219,6,0.25,2023-01-28
ORD007629,CUST00186,PROD00075,11,0.15,2022-03-22
ORD009352,CUST00877,PROD00464,2,0.05,2022-12-27
ORD002457,CUST00205,PROD00159,14,0.05,2024-07-19
ORD003895,CUST00791,PROD00443,11,0.05,2023-07-28
ORD002215,CUST00303,PROD00098,12,0.1,2024-04-03
ORD001028,CUST00695,PROD00423,7,0.05,2023-11-23
ORD010447,CUST00276,PROD00099,1,0.0,2024-07-31
ORD001422,CUST00614,PROD00342,2,0.0,2024-12-30
ORD002437,CUST00712,PROD00503,13,0.0,2022-08-07
ORD008022,CUST00902,PROD00197,12,0.2,2022-10-20
ORD006483,CUST00248,PROD00379,7,0.0,2023-04-11
ORD009786,CUST00733,PROD00024,3,0.0,2022-08-05
ORD001279,CUST00685,PROD00333,12,0.25,2023-10-18
ORD010247,CUST00726,PROD00096,9,,2022-03-13
ORD005825,CUST00640,PROD00152,2,0.1,2022-04-28
ORD002761,CUST00705,PROD00361,12,0.05,2023-08-30
ORD005729,CUST00730,PROD00419,9,0.0,2022-08-29
ORD009470,CUST00976,PROD00453,12,0.25,2024-03-21
ORD007699,CUST00671,PROD00454,7,0.25,2023-10-25
ORD001979,CUST00304,PROD00427,13,0.05,2024-07-02
ORD001062,CUST00204,PROD00176,9,0.0,2024-07-03
ORD001426,CUST00677,PROD00172,7,0.2,2024-04-26
ORD008831,CUST00428,PROD00214,9,0.3,2022-03-21
ORD008145,CUST00920,PROD00401,10,0.0,2024-03-20
ORD005345,CUST00894,PROD00383,10,,2024-03-11
ORD001503,CUST00773,PROD00466,10,0.05,2024-04-26
ORD010485,CUST00306,PROD00321,5,0.1,2024-01-31
ORD009227,CUST01022,PROD00506,3,0.0,2024-11-23
ORD003686,CUST00662,PROD00392,5,,2024-07-30
ORD004490,CUST00401,PROD00331,6,0.0,2023-12-04
ORD009244,CUST99284,PROD00406,7,0.2,2022-01-16
ORD005741,CUST00188,PROD99930,4,0.0,2023-03-23
ORD000679,CUST00581,PROD00213,11,0.1,2024-02-10
ORD002578,CUST00621,PROD00245,8,0.0,2022-09-13
ORD008306,CUST00856,PROD00339,4,0.0,2022-06-18
ORD003099,CUST00070,PROD00179,11,0.0,2023-02-22
ORD005492,CUST00360,PROD00100,1,0.0,2023-09-05
ORD008493,CUST00908,PROD00353,7,0.25,2022-08-23
ORD007318,CUST00618,PROD00510,12,0.1,2023-06-30
ORD004510,CUST00756,PROD99573,14,0.25,2023-02-05
ORD000103,CUST00725,PROD00038,14,0.2,2024-10-05
ORD000958,CUST00867,PROD00084,3,0.0,2022-05-01
ORD008529,CUST00426,PROD00192,6,0.05,2022-06-17
ORD005191,CUST00735,PROD00395,3,0.0,2024-05-18
ORD006642,CUST00570,PROD00490,6,0.05,2023-09-29
ORD001071,CUST00850,PROD00024,7,0.1,2024-03-17
ORD007503,CUST00775,PROD00170,10,0.1,2024-01-08
ORD002689,CUST00482,PROD00043,3,0.05,2023-02-05
ORD009736,CUST00882,PROD00360,1,,2022-06-09
ORD006993,CUST00072,PROD00200,6,0.15,2022-03-28
ORD008962,CUST00136,PROD00307,5,0.05,2022-03-30
ORD003393,CUST00431,PROD00108,2,0.1,2022-10-04
ORD006865,CUST99958,PROD00201,6,0.0,2024-07-02
ORD003849,CUST00671,PROD00025,13,0.05,2023-11-18
ORD003283,CUST00363,PROD00242,5,0.2,2022-06-30
ORD005226,CUST00402,PROD00300,11,0.2,2023-08-28
ORD007713,CUST00825,PROD00306,14,0.1,2022-12-21
ORD000419,CUST00078,PROD00272,7,0.0,2024-02-02
ORD010127,CUST00615,PROD00229,13,0.0,2024-03-04
ORD004824,CUST00433,PROD00258,13,0.1,2022-05-15
ORD010026,CUST00700,PROD00193,11,0.0,2023-02-06
ORD001948,CUST00913,PROD00311,12,0.1,2024-06-16
ORD002319,CUST00639,PROD00048,12,0.05,2023-07-12
ORD007625,CUST00795,PROD00178,11,0.05,2022-02-13
ORD002300,CUST00703,PROD00295,13,0.0,2024-02-03
ORD005287,CUST00873,PROD00334,3,0.0,2022-07-22
ORD005290,CUST00363,PROD00470,6,0.0,2022-05-13
ORD005112,CUST00158,PROD00365,3,0.0,2022-10-05
ORD000209,CUST00698,PROD00426,14,0.0,2024-05-11
ORD005478,CUST00179,PROD00294,9,,2022-01-08
ORD004270,CUST00809,PROD00242,9,0.05,2022-04-07
ORD005008,CUST00252,PROD00216,8,2.0,2023-05-27
ORD000529,CUST00669,PROD00314,3,0.0,2024-03-09
ORD001234,CUST00159,PROD00101,12,0.0,2023-07-29
ORD000780,CUST00615,PROD00013,5,0.15,2022-07-16
ORD000723,CUST00797,PROD00151,8,0.05,2024-09-02
ORD003609,CUST00639,PROD00298,9,0.1,2024-12-29
ORD008532,CUST00262,PROD00413,6,0.3,2024-12-08
ORD005442,CUST00088,PROD00424,11,0.05,2022-10-12
ORD001861,CUST00350,PROD00237,5,0.1,2023-01-10
ORD009279,CUST00463,PROD00449,10,0.0,2024-12-28
ORD010293,CUST00871,PROD00492,9,0.25,2024-10-01
ORD006583,CUST00610,PROD00260,12,0.2,2024-03-31
ORD003544,CUST00902,PROD00481,12,0.25,2022-06-22
ORD001993,CUST00573,PROD00405,1,0.0,2022-07-29
ORD002333,CUST00661,PROD00065,2,0.0,2024-06-05
ORD003871,CUST00718,PROD00404,3,0.15,2023-11-26
ORD009770,CUST00379,PROD00113,12,0.05,2022-03-02
ORD007324,CUST00291,PROD00267,14,0.1,2023-03-13
ORD009903,CUST00878,PROD00155,12,0.0,2022-12-23
ORD003460,CUST00960,PROD00497,6,0.15,2023-03-12
ORD005240,CUST00972,PROD99060,1,0.0,2023-02-27
ORD002472,CUST00561,PROD00407,9,0.15,2023-04-27
ORD008366,CUST00121,PROD00226,5,0.2,2024-03-17
ORD004711,CUST00615,PROD00391,14,0.25,2022-01-28
ORD008115,CUST00182,PROD00497,5,0.2,2023-05-22
ORD005480,CUST00717,PROD00219,9,0.1,2024-07-27
ORD001397,CUST00411,PROD00106,3,0.0,2024-11-20
ORD001490,CUST00350,PROD00396,13,0.15,2023-11-23
ORD007133,CUST00700,PROD00412,13,0.05,2024-08-04
ORD002885,CUST00816,PROD00054,11,0.0,2023-12-22
ORD004246,CUST00823,PROD00203,10,0.05,2022-10-23
ORD001043,CUST00325,PROD00088,6,0.15,2022-07-09
ORD004460,CUST00476,PROD00236,14,0.0,2023-05-11
ORD000574,CUST00740,PROD00493,4,0.0,2023-01-15
ORD008983,CUST00857,PROD00494,1,0.1,2022-11-26
ORD000258,CUST00016,PROD00243,10,0.25,2022-08-25
ORD008224,CUST00758,PROD99278,13,0.2,2024-06-07
ORD008335,CUST00117,PROD00520,8,0.05,2024-04-30
ORD009282,CUST99661,PROD00222,8,0.2,2022-06-14
ORD009158,CUST00559,PROD00395,10,0.0,2023-10-03
ORD002836,CUST01042,PROD00195,10,0.0,2024-04-15
ORD005820,CUST00543,PROD00455,8,0.0,2022-08-25
ORD002090,CUST00502,PROD00439,9,0.0,2023-06-26
ORD000703,CUST00473,PROD00410,2,0.2,2024-12-09
ORD008693,CUST00431,PROD00119,7,0.0,2024-12-10
ORD000504,CUST00430,PROD00276,6,0.1,2024-06-04
ORD005077,CUST00276,PROD00445,7,0.15,2024-08-04
ORD009499,CUST00874,PROD00239,14,0.0,2022-12-02
ORD001346,CUST00537,PROD00014,13,0.1,2023-02-08
ORD006578,CUST00103,PROD00443,11,0.15,2024-08-06
ORD008515,CUST00731,PROD00248,10,,2022-09-08
ORD002249,CUST00719,PROD00121,3,,2023-04-15
ORD005815,CUST00164,PROD00334,2,0.0,2022-02-25
ORD009466,CUST00963,PROD00057,14,0.0,2024-09-04
ORD000373,CUST00897,PROD00397,11,0.2,2024-10-26
ORD009851,CUST00171,PROD00473,4,0.1,2024-02-28
ORD004333,CUST00286,PROD00273,8,0.0,2023-11-13
ORD002007,CUST01005,PROD00129,6,0.1,2022-09-30
ORD005786,CUST00152,PROD00069,2,0.2,2023-08-04
ORD009624,CUST00501,PROD00358,13,0.0,2024-08-31
ORD005747,CUST00804,PROD00499,6,0.0,2022-04-29
ORD005517,CUST00916,PROD00195,8,0.0,2024-05-28
ORD001460,CUST00935,PROD00452,,0.3,2022-06-14
ORD007078,CUST00627,PROD00009,12,0.05,2023-06-10
ORD002103,CUST00529,PROD99569,6,0.15,2022-10-14
ORD000998,CUST00033,PROD00412,13,0.0,2023-04-22
ORD009626,CUST00416,PROD00015,7,0.25,2024-04-05
ORD009947,CUST00937,PROD00191,8,0.15,2022-04-10
ORD001177,CUST00650,PROD00366,1,,2024-09-25
ORD010429,CUST00302,PROD00321,11,0.0,2022-01-22
ORD000552,CUST00298,PROD00034,7,0.2,2024-02-08
ORD000745,CUST00077,PROD00508,5,0.2,2022-01-04
ORD003299,CUST00902,PROD00437,4,0.0,2023-10-28
ORD006508,CUST00773,PROD00370,11,0.05,2024-12-25
ORD003498,CUST00430,PROD00024,13,0.25,2023-05-19
ORD004292,CUST00623,PROD00305,12,0.0,2022-12-04
ORD003890,CUST00794,PROD00238,14,,2024-11-23
ORD006819,CUST00172,PROD00045,6,0.05,2023-02-24
ORD004398,CUST00592,PROD00245,2,0.15,2024-10-25
ORD003690,CUST00365,PROD00115,13,0.15,2024-12-25
ORD009492,CUST00947,PROD00091,8,0.0,2023-07-27
ORD008514,CUST00391,PROD00503,2,,2022-09-06
ORD008483,CUST00317,PROD00064,1,0.0,2022-09-26
ORD005045,CUST00598,PROD00082,9,0.0,2024-12-31
ORD005654,CUST00403,PROD00488,6,0.0,2022-08-05
ORD009032,CUST00460,PROD00422,6,0.1,2023-07-27
ORD006370,CUST00118,PROD00329,10,0.2,2024-07-15
ORD005283,CUST00860,PROD00001,13,0.1,2024-05-24
ORD007847,CUST00727,PROD00285,14,0.15,2024-08-04
ORD004041,CUST00129,PROD00520,7,0.05,2023-04-22
ORD000694,CUST00828,PROD00161,1,0.1,2023-03-09
ORD002534,CUST00987,PROD00237,14,0.0,2023-01-28
ORD005282,CUST00397,PROD00492,13,0.0,2024-06-10
ORD003444,CUST00960,PROD00132,5,0.1,2024-10-30
ORD000983,CUST00922,PROD00065,1,0.05,2024-11-20
ORD007426,CUST00592,PROD00222,5,0.2,2023-07-16
ORD009154,CUST00569,PROD00100,2,0.05,2022-02-17
ORD000080,CUST00426,PROD00396,10,0.0,2023-12-25
ORD008949,CUST00396,PROD00160,13,0.0,2022-11-08
ORD000092,CUST00777,PROD00284,7,0.0,2022-12-03
ORD007566,CUST00008,PROD00451,9,0.1,2024-02-24
ORD002267,CUST00652,PROD00368,13,,2022-10-23
ORD006546,CUST00031,PROD00069,8,0.15,2023-08-25
ORD008315,CUST00085,PROD00297,13,0.0,2022-09-30
ORD006509,CUST00692,PROD00289,10,0.2,2024-04-12
ORD000262,CUST00078,PROD00068,13,0.05,2023-02-21
ORD002143,CUST00289,PROD99358,2,,2022-10-19
ORD003338,CUST00461,PROD00196,8,0.05,2022-01-18
ORD008560,CUST00958,PROD00294,10,0.0,2024-03-30
ORD008553,CUST00990,PROD00430,13,0.0,2022-03-16
ORD002269,CUST00259,PROD00145,13,0.0,2024-10-26
ORD000446,CUST00770,PROD00079,7,0.1,2023-10-02
ORD005699,CUST00546,PROD00420,13,0.1,2023-11-25
ORD008049,CUST00907,PROD00515,8,0.05,2022-02-13
ORD004408,CUST00605,PROD00457,11,0.0,2022-10-19
ORD004982,CUST00050,PROD00001,6,0.05,2022-05-08
ORD003556,CUST00514,PROD00034,5,0.0,2023-11-27
ORD007738,CUST00052,PROD00473,12,0.1,2022-03-07
ORD001599,CUST01001,PROD00038,10,0.05,2024-07-19
ORD003686,CUST00662,PROD00392,5,,2024-07-30
ORD001702,CUST00004,PROD00447,7,0.0,2022-12-31
ORD006907,CUST00343,PROD99449,13,0.0,2023-05-20
ORD008691,CUST00159,PROD00039,4,0.15,2023-02-13
ORD008775,CUST00479,PROD00400,5,0.05,2022-06-15
ORD002527,CUST00601,PROD00394,13,0.0,2024-11-03
ORD006256,CUST00706,PROD00150,8,0.05,2024-12-11
ORD008037,CUST00419,PROD00166,6,0.0,2024-12-16
ORD004334,CUST00049,PROD00466,10,0.05,2024-01-08
ORD000069,CUST00371,PROD00157,1,0.2,2023-08-01
ORD001169,CUST00369,PROD00229,2,0.0,2023-12-21
ORD000049,CUST01026,PROD00308,13,0.1,2024-09-29
ORD001054,CUST00228,PROD00165,13,0.0,2023-04-07
ORD000085,CUST00180,PROD99574,3,0.15,2022-10-17
ORD003150,CUST00385,PROD00057,7,0.2,2023-07-01
ORD000881,CUST00924,PROD00207,12,0.2,2024-08-04
ORD002652,CUST00402,PROD00131,13,0.1,2024-02-06
ORD008350,CUST00617,PROD00262,4,0.05,2023-10-08
ORD002440,CUST00977,PROD00165,4,0.05,2024-07-18
ORD009724,CUST00853,PROD00289,5,0.15,2022-10-01
ORD004405,CUST00869,PROD00399,9,0.0,2024-03-07
ORD005495,CUST00382,PROD00253,9,0.1,2023-07-23
ORD001468,CUST00324,PROD00330,6,0.2,2023-08-17
ORD009518,CUST00571,PROD00028,6,0.0,2022-07-08
ORD005803,CUST00879,PROD00501,5,0.05,2024-08-21
ORD002442,CUST00143,PROD00330,7,0.0,2022-08-07
ORD007177,CUST00882,PROD00181,13,0.05,2022-06-24
ORD000231,CUST00706,PROD00079,13,0.0,2023-05-03
ORD001321,CUST00700,PROD00237,3,0.2,2022-03-02
ORD000042,CUST00901,PROD00172,7,0.1,2023-07-19
ORD003040,CUST00965,PROD00506,6,0.0,2023-03-22
ORD000778,CUST00747,PROD00170,12,0.0,2022-03-27
ORD009643,CUST00331,PROD00160,1,0.05,2022-05-16
ORD002373,CUST00893,PROD00290,4,0.0,2023-05-30
ORD001730,CUST00580,PROD00209,12,0.0,2022-08-21
ORD010266,CUST00838,PROD00302,6,0.0,2022-04-27
ORD003579,CUST00702,PROD00188,8,0.0,2024-11-30
ORD000580,CUST00910,PROD00477,6,0.15,2023-06-07
ORD007451,CUST00262,PROD00313,6,0.1,2023-04-04
ORD008822,CUST00774,PROD00077,4,0.05,2022-05-11
ORD003079,CUST00386,PROD00173,6,0.1,2023-11-28
ORD005275,CUST00949,PROD00021,5,0.15,2024-01-20
ORD007702,CUST00644,PROD00096,11,0.2,2023-02-19
ORD004124,CUST00052,PROD00017,5,0.15,2023-01-02
ORD002868,CUST99068,PROD00264,10,0.0,2023-04-19
ORD001492,CUST00255,PROD00467,10,0.0,2024-02-25
ORD008496,CUST00071,PROD00094,12,0.25,2024-10-17
ORD009360,CUST00749,PROD00066,13,0.1,2024-10-15
ORD000062,CUST00780,PROD00274,14,,2022-12-20
ORD008378,CUST00882,PROD00393,7,0.15,2022-07-19
ORD003474,CUST00669,PROD00077,7,0.25,2023-02-08
ORD009595,CUST00184,PROD00210,4,0.05,2022-01-05
ORD007620,CUST00648,PROD00520,6,0.05,2024-10-20
ORD000403,CUST00356,PROD00147,12,0.2,2023-03-08
ORD000333,CUST00957,PROD00260,8,0.0,2023-02-15
ORD002085,CUST00870,PROD00038,6,0.1,2024-03-30
ORD003058,CUST01028,PROD00392,5,0.15,2023-07-05
ORD005938,CUST00470,PROD00216,13,0.0,2024-02-06
ORD008745,CUST00638,PROD00395,8,0.0,2023-04-20
ORD009696,CUST00086,PROD00435,6,0.05,2023-02-09
ORD000165,CUST00640,PROD00080,3,0.0,2022-07-25
ORD004956,CUST00953,PROD00329,2,0.0,2024-07-14
ORD002716,CUST00512,PROD00144,4,0.0,2022-02-28
ORD009614,CUST00281,PROD00483,14,0.15,2024-05-24
ORD009401,CUST00553,PROD00174,1,0.1,2022-10-22
ORD009801,CUST00243,PROD00078,8,0.1,2023-03-28
ORD003318,CUST00325,PROD00445,1,0.15,2024-10-13
ORD006139,CUST00678,PROD00505,8,0.1,2023-04-19
ORD007131,CUST00446,PROD00442,10,0.3,2022-11-21
ORD002756,CUST00596,PROD00296,2,0.05,2024-01-27
ORD009170,CUST00737,PROD00028,7,0.0,2024-08-26
ORD008200,CUST00956,PROD00464,12,0.1,2022-01-18
ORD001335,CUST00014,PROD00332,3,0.15,2024-10-23
ORD008296,CUST00818,PROD00216,1,0.0,2024-09-03
ORD002865,CUST00407,PROD00173,4,0.25,2023-08-14
ORD001660,CUST00573,PROD00472,12,0.0,2022-04-21
ORD005611,CUST00175,PROD00175,12,0.2,2023-12-12
ORD000754,CUST01030,PROD00082,8,0.1,2024-02-20
ORD003065,CUST00955,PROD00132,11,0.15,2022-05-02
ORD007679,CUST00913,PROD00242,12,0.0,2023-03-12
ORD008149,CUST00632,PROD00081,8,0.0,2024-12-11
ORD004399,CUST00467,PROD00394,9,0.2,2024-12-25
ORD007298,CUST00026,PROD00393,13,0.3,2023-01-17
ORD000707,CUST00367,PROD00210,8,0.1,2022-07-07
ORD006663,CUST00420,PROD00019,5,0.05,2022-02-25
ORD002974,CUST00340,PROD00429,12,0.3,2023-01-29
ORD010370,CUST00823,PROD00377,13,0.2,2022-02-24
ORD004099,CUST00963,PROD00206,14,0.05,2022-02-17
ORD009215,CUST00089,PROD00330,7,0.2,2023-01-22
ORD003536,CUST00296,PROD00100,12,0.3,2022-01-21
ORD010418,CUST00949,PROD00392,9,0.0,2024-10-31
ORD008841,CUST00718,PROD00203,11,,2023-09-07
ORD007641,CUST01010,PROD00484,9,2.0,2024-04-11
ORD002184,CUST00409,PROD00084,2,0.2,2022-01-14
ORD007851,CUST00102,PROD00445,12,0.0,2023-09-15
ORD010321,CUST00185,PROD00328,7,0.0,2022-02-25
ORD003152,CUST00696,PROD00507,7,,2023-01-01
ORD004722,CUST00628,PROD00205,11,0.0,2022-02-05
ORD010290,CUST00567,PROD00063,5,,2024-06-03
ORD009678,CUST00371,PROD00014,11,0.0,2023-10-30
ORD006736,CUST00132,PROD00406,4,,2023-04-28
ORD001835,CUST00375,PROD00082,7,0.1,2024-11-13
ORD004077,CUST00663,PROD00235,13,,2024-02-02
ORD007040,CUST00626,PROD99387,10,0.05,2022-08-10
ORD004646,CUST00394,PROD00480,4,0.0,2023-08-09
ORD003439,CUST00140,PROD00465,10,0.05,2022-11-20
ORD008525,CUST00159,PROD00357,13,0.2,2023-09-28
ORD007038,CUST00658,PROD00070,8,0.0,2023-07-09
ORD006499,CUST00313,PROD00264,11,0.1,2024-03-13
ORD008087,CUST01029,PROD00185,2,0.05,2023-12-31
ORD000247,CUST00316,PROD00332,5,0.0,2024-09-25
ORD009428,CUST00107,PROD00395,4,,2023-01-25
ORD003633,CUST00345,PROD00367,2,0.0,2022-07-25
ORD008293,CUST00329,PROD00329,5,0.1,2024-10-04
ORD002263,CUST00806,PROD00108,5,0.0,2023-01-19
ORD002247,CUST00235,PROD00440,14,0.0,2022-02-20
ORD000836,CUST00833,PROD00203,4,0.25,2022-10-18
ORD009034,CUST00068,PROD00374,12,0.1,2023-09-16
ORD007109,CUST00898,PROD00325,9,0.1,2022-09-26
ORD000433,CUST00746,PROD00458,8,0.05,2022-10-09
ORD006312,CUST00473,PROD00157,10,0.0,2024-03-20
ORD001174,CUST00093,PROD00107,3,0.0,2024-03-30
ORD007418,CUST00560,PROD00515,1,0.05,2024-07-29
ORD005643,CUST00222,PROD00149,5,0.0,2022-05-08
ORD004081,CUST00631,PROD00263,11,0.0,2023-03-18
ORD006866,CUST00331,PROD00475,13,0.15,2023-10-14
ORD005198,CUST99493,PROD00113,13,,2022-09-01
ORD001194,CUST00236,PROD00337,13,0.05,2023-12-20
ORD005823,CUST00902,PROD00018,11,0.1,2024-07-05
ORD008345,CUST00670,PROD00266,7,0.0,2023-10-20
ORD002907,CUST00432,PROD00170,8,0.05,2022-03-21
ORD006380,CUST00800,PROD00143,14,0.0,2023-06-20
ORD005471,CUST00190,PROD00138,3,0.0,2024-06-25
ORD002927,CUST00802,PROD00191,8,0.05,2023-06-16
ORD003239,CUST00884,PROD00450,9,0.25,2022-01-16
ORD010125,CUST00385,PROD00206,10,0.15,2023-02-28
ORD004185,CUST00086,PROD00437,10,0.0,2024-07-07
ORD004120,CUST01033,PROD00005,1,0.05,2022-12-02
ORD004731,CUST00503,PROD00312,14,0.05,2023-04-02
ORD008646,CUST00233,PROD00221,10,0.0,2022-08-30
ORD010463,CUST00164,PROD00092,11,0.0,2024-10-25
ORD006827,CUST00823,PROD00518,7,,2022-10-22
ORD002730,CUST00903,PROD00338,5,,2022-05-02
ORD005732,CUST00766,PROD00441,10,0.25,2023-04-22
ORD004377,CUST00766,PROD00178,6,0.0,2023-09-05
ORD000434,CUST00891,PROD00029,13,,2023-11-27
ORD000429,CUST00306,PROD00310,9,0.0,2022-09-16
ORD010004,CUST00625,PROD00088,4,0.05,2024-07-25
ORD004837,CUST00510,PROD00279,1,,2022-04-01
ORD008154,CUST00571,PROD00289,14,0.15,2024-10-10
ORD009792,CUST00410,PROD00500,2,0.1,2023-12-14
ORD000105,CUST01020,PROD00270,4,0.0,2023-03-06
ORD007670,CUST00371,PROD00174,12,0.05,2024-08-08
ORD001657,CUST00823,PROD00203,1,0.0,2023-08-25
ORD007931,CUST00949,PROD00004,6,0.15,2023-08-21
ORD001534,CUST00037,PROD00105,11,0.0,2024-09-27
ORD002987,CUST00960,PROD00003,,0.25,2023-12-27
ORD005459,CUST00600,PROD00201,7,0.2,2022-10-07
ORD001333,CUST00770,PROD00187,11,0.05,2023-12-11
ORD008261,CUST00011,PROD00218,4,0.05,2023-01-15
ORD010419,CUST00548,PROD00138,6,0.05,2022-05-31
ORD004203,CUST00220,PROD00119,6,0.15,2024-09-11
ORD000101,CUST00589,PROD00456,1,0.1,2023-05-04
ORD001444,CUST00227,PROD00091,13,0.0,2022-09-14
ORD005564,CUST00286,PROD00418,-1,0.05,2023-02-05
ORD003945,CUST00744,PROD00321,,0.0,2024-12-04
ORD000215,CUST00997,PROD00107,13,0.1,2023-08-22
ORD003353,CUST00935,PROD00264,4,0.25,2022-02-03
ORD006261,CUST00351,PROD00268,6,,2023-11-04
ORD000848,CUST99204,PROD00110,13,0.0,2022-10-18
ORD002911,CUST00331,PROD00258,13,0.05,2023-01-03
ORD005246,CUST00930,PROD00042,4,0.0,2022-06-28
ORD008523,CUST00993,PROD00173,8,0.05,2022-10-18
ORD001420,CUST00859,PROD00485,4,0.0,2023-03-28
ORD002570,CUST00939,PROD00505,9,0.0,2024-09-24
ORD009120,CUST00579,PROD00463,2,0.25,2022-02-07
ORD000182,CUST00803,PROD00377,5,0.0,2024-06-18
ORD003667,CUST00520,PROD00347,12,0.25,2023-11-21
ORD007964,CUST00160,PROD00077,13,0.25,2024-04-15
ORD009373,CUST00684,PROD00062,6,0.0,2022-07-14
ORD002447,CUST00541,PROD00224,6,0.05,2023-12-13
ORD006221,CUST00150,PROD00271,5,0.0,2023-10-01
ORD006735,CUST00696,PROD00103,10,0.0,2022-09-27
ORD006635,CUST00981,PROD00314,1,0.1,2022-08-21
ORD008917,CUST00838,PROD00459,3,0.05,2024-06-15
ORD007377,CUST00304,PROD00305,6,0.25,2023-01-14
ORD005562,CUST00323,PROD00031,6,0.0,2023-07-15
ORD009607,CUST00472,PROD00148,4,0.1,2022-11-12
ORD003173,CUST00367,PROD00323,10,0.1,2024-07-15
ORD001224,CUST00928,PROD00440,9,0.05,2022-04-26
ORD006190,CUST00243,PROD00191,8,0.05,2024-03-31
ORD008701,CUST00421,PROD00491,13,0.05,2023-10-22
ORD000071,CUST00008,PROD00158,8,0.1,2023-08-25
ORD000545,CUST00378,PROD99067,11,0.2,2023-06-18
ORD001205,CUST00345,PROD00009,11,0.0,2022-09-12
ORD004263,CUST01027,PROD00238,7,0.05,2023-08-24
ORD008865,CUST00818,PROD00380,12,0.0,2024-10-12
ORD009807,CUST00482,PROD00299,7,,2024-04-14
ORD003147,CUST01027,PROD00009,5,0.0,2024-07-15
ORD002638,CUST00676,PROD00485,3,0.0,2024-11-26
ORD010423,CUST00297,PROD00270,11,0.25,2022-09-07
ORD007775,CUST00002,PROD00453,13,,2022-05-25
ORD010272,CUST00866,PROD00249,9,0.0,2024-03-09
ORD006686,CUST00751,PROD00260,4,0.3,2022-07-17
ORD004640,CUST00732,PROD00410,1,0.2,2024-02-24
ORD009387,CUST00402,PROD00168,10,0.2,2024-03-11
ORD005293,CUST00921,PROD00104,8,0.05,2022-11-03
ORD000878,CUST00837,PROD00228,4,0.2,2024-04-30
ORD008752,CUST00806,PROD00452,6,0.0,2023-12-12
ORD000197,CUST00062,PROD00231,11,0.0,2024-04-23
ORD010490,CUST00004,PROD00135,3,0.1,2023-11-09
ORD003384,CUST00885,PROD00328,12,0.25,2024-04-16
ORD004631,CUST00170,PROD00306,9,0.1,2023-04-27
ORD006766,CUST00593,PROD00214,2,0.0,2024-11-25
ORD008041,CUST00645,PROD00161,4,0.15,2022-09-17
ORD002998,CUST00539,PROD00289,9,0.0,2023-01-09
ORD002572,CUST01031,PROD00271,3,0.25,2024-04-14
ORD003593,CUST00407,PROD00367,3,0.0,2024-09-15
ORD008791,CUST00522,PROD00021,6,0.05,2023-03-23
ORD002401,CUST00639,PROD00195,9,0.1,2023-03-01
ORD009294,CUST00445,PROD00419,11,0.0,2023-09-22
ORD010089,CUST00187,PROD99753,1,0.0,2023-05-08
ORD007175,CUST00124,PROD99150,2,0.15,2022-01-05
ORD005813,CUST00946,PROD00512,3,0.05,2022-01-06
ORD006302,CUST00269,PROD00220,6,0.25,2024-08-17
ORD005119,CUST00810,PROD00021,9,0.05,2024-06-17
ORD006914,CUST01031,PROD00331,2,0.1,2024-09-16
ORD002869,CUST00428,PROD00223,14,,2024-05-20
ORD002719,CUST00562,PROD00057,9,,2024-02-13
ORD009323,CUST00278,PROD00107,11,0.1,2024-09-03
ORD004534,CUST00835,PROD00105,5,0.0,2024-06-16
ORD004202,CUST00509,PROD00505,1,0.0,2024-08-14
ORD003990,CUST00779,PROD00452,12,0.1,2023-10-22
ORD000189,CUST00960,PROD00237,10,0.15,2023-08-15
ORD008026,CUST00278,PROD00134,1,0.05,2023-09-07
ORD003216,CUST00559,PROD00052,10,0.1,2024-12-24
ORD002683,CUST00710,PROD00400,12,0.05,2024-02-23
ORD007140,CUST00342,PROD00375,3,0.05,2024-08-12
ORD002509,CUST00286,PROD00226,12,0.15,2022-05-03
ORD010161,CUST00837,PROD00106,12,0.0,2022-07-19
ORD007751,CUST00571,PROD00393,10,0.05,2022-06-15
ORD000219,CUST00832,PROD00171,6,0.0,2022-10-03
ORD005614,CUST00577,PROD00251,6,0.0,2023-11-03
ORD005484,CUST00777,PROD00245,6,,2023-10-21
ORD005207,CUST00557,PROD00435,1,0.2,2022-06-10
ORD002544,CUST00001,PROD00481,5,,2022-11-25
ORD008615,CUST00975,PROD00159,8,0.0,2023-04-08
ORD001245,CUST00621,PROD00194,,0.05,2024-09-01
ORD008283,CUST99291,PROD00442,8,0.0,2023-01-08
ORD000421,CUST00181,PROD00491,14,0.1,2023-08-31
ORD008055,CUST01043,PROD00044,11,0.1,2022-06-10
ORD007261,CUST00558,PROD00380,14,0.05,2023-03-21
ORD008060,CUST00418,PROD00153,11,0.1,2022-07-18
ORD002059,CUST00571,PROD00148,5,0.0,2022-11-20
ORD009652,CUST00002,PROD00240,3,0.15,2024-09-16
ORD007496,CUST00223,PROD00414,5,0.15,2022-08-01
ORD004368,CUST00140,PROD00296,13,0.05,2024-05-24
ORD006030,CUST00243,PROD00300,11,0.2,2022-02-04
ORD009958,CUST00990,PROD00253,11,0.05,2024-07-08
ORD005072,CUST00932,PROD00176,3,0.05,2024-09-14
ORD001167,CUST01030,PROD00091,3,0.05,2022-09-19
ORD000255,CUST00931,PROD00048,7,0.1,2022-11-07
ORD010292,CUST00628,PROD00247,10,0.1,2024-07-06
ORD000416,CUST00555,PROD00352,4,0.2,2024-12-31
ORD006115,CUST00290,PROD00173,8,0.0,2022-07-29
ORD009882,CUST00198,PROD00217,8,0.0,2022-01-07
ORD008904,CUST00406,PROD00158,4,0.0,2022-11-19
ORD003943,CUST00309,PROD00507,1,0.1,2024-11-23
ORD000760,CUST00098,PROD00423,11,0.05,2024-12-14
ORD001386,CUST00958,PROD00277,5,0.1,2022-08-08
ORD000655,CUST00299,PROD00441,6,0.0,2022-11-13
ORD001202,CUST00834,PROD00265,6,0.3,2022-10-18
ORD002414,CUST00059,PROD00210,7,0.1,2024-04-06
ORD010297,CUST00946,PROD00367,11,0.1,2024-10-04
ORD007728,CUST00477,PROD00022,1,0.0,2024-02-27
ORD006099,CUST00068,PROD00043,13,0.2,2024-08-18
ORD003892,CUST00073,PROD00283,4,0.2,2022-01-21
ORD003402,CUST00622,PROD00428,9,0.0,2022-05-25
ORD009864,CUST00403,PROD00344,11,0.1,2023-11-20
ORD006189,CUST00025,PROD00029,2,0.05,2024-12-31
ORD001421,CUST00827,PROD00472,9,2.0,2022-08-05
ORD003045,CUST00314,PROD00086,9,0.0,2023-02-20
ORD002831,CUST00347,PROD00202,12,0.0,2024-06-11
ORD004044,CUST00914,PROD00109,8,0.1,2022-01-24
ORD000329,CUST00246,PROD00311,14,0.2,2022-01-05
ORD007693,CUST00479,PROD00123,13,0.2,2023-03-29
ORD006985,CUST00733,PROD00211,4,0.1,2022-08-18
ORD005124,CUST00396,PROD00323,7,0.05,2022-12-03
ORD009004,CUST00009,PROD00378,7,0.15,2023-03-16
ORD002064,CUST00848,PROD00149,11,0.2,2022-04-24
ORD010414,CUST00272,PROD00179,7,0.15,2023-07-27
ORD004719,CUST00561,PROD00338,11,0.1,2023-07-10
ORD003034,CUST00560,PROD00230,10,0.1,2023-11-21
ORD009033,CUST00452,PROD00031,-3,0.2,2023-03-27
ORD005701,CUST00895,PROD00318,4,0.1,2024-02-03
ORD004238,CUST01001,PROD00263,7,0.0,2023-11-08
ORD006293,CUST00433,PROD00481,7,0.05,2024-01-22
ORD001282,CUST00112,PROD00154,7,0.0,2023-10-02
ORD003020,CUST00514,PROD99493,6,0.15,2023-08-18
ORD003030,CUST00012,PROD99989,10,0.1,2022-10-18
ORD004627,CUST00831,PROD00508,13,0.1,2023-04-28
ORD002637,CUST00122,PROD00381,10,0.2,2024-05-21
ORD006968,CUST00002,PROD00383,1,0.15,2022-04-22
ORD007498,CUST00990,PROD00138,13,0.0,2024-05-13
ORD009865,CUST00562,PROD00260,,0.05,2023-01-27
ORD003019,CUST01004,PROD00244,2,0.25,2022-09-10
ORD002946,CUST00347,PROD00136,6,0.0,2023-07-01
ORD008177,CUST99426,PROD00109,5,0.0,2023-04-29
ORD010076,CUST00504,PROD00149,,0.2,2023-12-29
ORD005684,CUST00135,PROD00088,7,0.25,2022-04-07
ORD005550,CUST00343,PROD00053,8,0.1,2024-10-25
ORD009971,CUST00457,PROD00206,1,0.0,2024-02-26
ORD002664,CUST00466,PROD00373,,0.25,2024-12-25
ORD008918,CUST00212,PROD00176,7,,2023-01-18
ORD001283,CUST00485,PROD00243,7,0.2,2022-02-28
ORD007960,CUST00375,PROD00257,8,0.2,2023-03-07
ORD001363,CUST00574,PROD00159,4,0.0,2024-05-25
ORD004599,CUST00678,PROD00342,10,0.0,2023-10-03
ORD006022,CUST00962,PROD00482,6,0.2,2022-12-07
ORD001438,CUST00791,PROD00405,2,0.05,2024-11-13
ORD003482,CUST00671,PROD00424,6,0.0,2024-01-06
ORD010369,CUST00179,PROD00356,2,0.0,2023-05-20
ORD010449,CUST01046,PROD00003,6,0.15,2024-03-03
ORD000057,CUST00921,PROD00280,9,0.05,2022-03-25
ORD005366,CUST00603,PROD00343,7,0.0,2024-12-25
ORD009123,CUST00698,PROD00190,4,0.05,2024-06-29
ORD004047,CUST00741,PROD00015,5,0.1,2023-10-15
ORD001845,CUST00118,PROD00023,2,0.2,2022-06-26
ORD004138,CUST00890,PROD00198,1,0.1,2022-01-10
ORD009232,CUST00357,PROD00092,6,0.05,2023-05-05
ORD009714,CUST00449,PROD00372,9,0.0,2023-10-08
ORD002881,CUST00916,PROD00187,3,0.05,2023-05-25
ORD001744,CUST00875,PROD00212,11,0.05,2023-09-15
ORD003382,CUST01044,PROD00236,10,0.1,2024-03-02
ORD009038,CUST00506,PROD00412,12,0.0,2023-09-22
ORD001303,CUST00397,PROD00146,10,0.0,2024-05-25
ORD004880,CUST00220,PROD00328,8,0.1,2023-05-02
ORD006716,CUST00444,PROD00264,8,0.0,2023-07-17
ORD004468,CUST01023,PROD00315,9,0.0,2024-08-15
ORD000741,CUST00640,PROD00351,9,0.3,2024-06-25
ORD009238,CUST00816,PROD00415,9,0.25,2022-10-20
ORD006453,CUST00465,PROD00047,8,0.1,2024-06-03
ORD005763,CUST00580,PROD00446,4,0.0,2022-06-14
ORD006554,CUST00972,PROD00273,7,0.1,2022-04-07
ORD001625,CUST99071,PROD00011,9,0.15,2022-04-19
ORD009241,CUST00059,PROD00363,5,0.0,2022-02-11
ORD000525,CUST00129,PROD00242,7,0.05,2022-09-15
ORD010453,CUST00108,PROD00464,1,0.05,2024-05-08
ORD007727,CUST00828,PROD00109,4,0.05,2024-04-16
ORD003236,CUST00646,PROD00069,14,0.2,2023-05-07
ORD010450,CUST00781,PROD00330,2,0.0,2023-12-13
ORD003258,CUST00921,PROD00006,14,0.05,2023-08-19
ORD006342,CUST00522,PROD00509,5,0.0,2022-07-12
ORD007800,CUST00581,PROD00363,11,0.2,2022-10-23
ORD000177,CUST00694,PROD00243,5,0.2,2024-11-07
ORD000436,CUST00108,PROD00134,12,0.2,2024-01-24
ORD004033,CUST00467,PROD00259,7,0.05,2024-01-03
ORD005858,CUST00632,PROD00175,3,0.0,2022-10-30
ORD000309,CUST00783,PROD99370,2,0.2,2024-12-16
ORD003756,CUST00781,PROD00207,3,0.0,2024-09-03
ORD001566,CUST00405,PROD00318,1,0.05,2024-10-04
ORD003965,CUST00705,PROD00015,,0.05,2024-04-21
ORD002632,CUST00117,PROD00481,7,0.05,2023-12-20
ORD006540,CUST00924,PROD00285,-1,0.0,2022-10-13
ORD003838,CUST00559,PROD00281,14,0.0,2023-12-11
ORD005177,CUST00856,PROD00261,13,1.5,2023-01-01
ORD000402,CUST00437,PROD00248,1,0.2,2022-10-21
ORD004630,CUST00670,PROD00101,3,0.0,2022-03-29
ORD003069,CUST00177,PROD00021,2,0.05,2023-09-17
ORD000882,CUST00758,PROD00038,2,0.15,2023-07-28
ORD000435,CUST00929,PROD00044,7,0.2,2024-08-23
ORD008829,CUST00451,PROD99665,1,0.0,2022-03-27
ORD000596,CUST00623,PROD00454,9,0.0,2024-12-15
ORD003298,CUST01048,PROD00506,8,0.2,2022-10-13
ORD008686,CUST00575,PROD00114,2,0.05,2023-08-08
ORD010188,CUST00470,PROD00152,8,,2023-04-20
ORD009046,CUST00561,PROD00082,8,0.0,2023-02-06
ORD010398,CUST00272,PROD00340,10,0.0,2023-06-11
ORD006691,CUST00327,PROD00513,7,0.15,2022-04-26
ORD006487,CUST99127,PROD00120,1,0.1,2023-10-27
ORD000289,CUST00310,PROD00146,12,0.1,2024-09-29
ORD006346,CUST00387,PROD00502,14,0.0,2022-09-30
ORD008963,CUST00799,PROD00319,10,0.1,2024-11-02
ORD002624,CUST00678,PROD00091,12,0.0,2024-02-20
ORD008979,CUST00796,PROD00082,12,0.0,2023-11-10
ORD000477,CUST00833,PROD00408,8,0.1,2022-06-27
ORD008182,CUST00508,PROD00490,9,0.1,2022-01-13
ORD009856,CUST00907,PROD00121,10,0.0,2023-10-06
ORD000232,CUST00017,PROD00100,1,0.1,2022-06-18
ORD000180,CUST00104,PROD00203,1,0.05,2023-07-11
ORD004065,CUST00354,PROD00421,13,0.05,2022-04-28
ORD000738,CUST00732,PROD00384,8,0.1,2022-03-30
ORD009471,CUST00658,PROD00350,7,0.05,2024-03-16
ORD000843,CUST00721,PROD00275,14,0.2,2023-12-09
ORD009553,CUST00311,PROD00341,8,0.1,2022-04-13
ORD005962,CUST00125,PROD00463,0,0.05,2024-10-08
ORD007173,CUST00822,PROD00507,9,0.0,2023-10-29
ORD006498,CUST00444,PROD00368,8,0.0,2023-03-04
ORD007741,CUST00165,PROD00401,10,0.2,2023-08-17
ORD003252,CUST00572,PROD00222,4,0.1,2022-07-25
ORD006511,CUST00497,PROD00406,8,0.25,2024-11-01
ORD005975,CUST00212,PROD00513,9,0.05,2024-06-11
ORD009231,CUST00289,PROD00027,13,0.05,2023-03-28
ORD004533,CUST00830,PROD00520,12,0.15,2023-10-30
ORD001322,CUST00975,PROD00075,5,0.05,2022-01-09
ORD001840,CUST00179,PROD00391,3,0.1,2024-08-06
ORD001996,CUST00783,PROD00283,11,0.0,2023-01-05
ORD002400,CUST00642,PROD00400,4,0.05,2022-01-27
ORD004961,CUST00809,PROD00208,6,0.2,2023-08-06
ORD009571,CUST00188,PROD00427,9,0.0,2023-01-15
ORD004803,CUST00610,PROD00220,11,0.0,2023-06-09
ORD004024,CUST01015,PROD00401,6,0.2,2022-02-04
ORD001042,CUST00535,PROD00463,8,,2022-03-20
ORD005219,CUST00053,PROD00148,8,0.2,2023-01-26
ORD000801,CUST00834,PROD00079,4,0.15,2022-06-17
ORD008146,CUST99940,PROD00009,8,0.05,2023-03-06
ORD006628,CUST00448,PROD00162,4,0.1,2024-06-26
ORD001406,CUST01050,PROD00069,8,0.15,2022-01-16
ORD006347,CUST00854,PROD00185,14,,2024-08-01
ORD005754,CUST00875,PROD00452,12,0.0,2023-01-07
ORD000070,CUST00270,PROD00358,13,0.1,2024-11-29
ORD006679,CUST00184,PROD00366,,0.2,2023-09-18
ORD006214,CUST00592,PROD00300,,0.0,2024-04-18
ORD002760,CUST01041,PROD00370,2,0.0,2024-06-08
ORD006187,CUST00805,PROD00187,1,0.0,2024-03-03
ORD004833,CUST99117,PROD00165,14,0.1,2024-05-14
ORD001587,CUST00389,PROD00495,3,,2024-05-13
ORD004964,CUST00475,PROD00387,5,0.1,2022-04-20
ORD005134,CUST00729,PROD00263,14,0.15,2023-03-17
ORD006524,CUST00588,PROD00347,8,0.05,2022-03-07
ORD001075,CUST00847,PROD00165,6,0.05,2022-07-25
ORD001681,CUST00494,PROD00077,10,0.15,2023-01-19
ORD003462,CUST00883,PROD00109,2,0.2,2022-10-12
ORD000378,CUST00631,PROD00265,12,0.15,2022-10-05
ORD001470,CUST00137,PROD00366,3,0.05,2022-08-25
ORD007206,CUST00003,PROD00149,6,0.2,2023-06-13
ORD010041,CUST00832,PROD00313,2,0.05,2022-09-13
ORD002604,CUST00410,PROD00002,14,0.05,2022-01-13
ORD007132,CUST00430,PROD00062,5,0.0,2024-05-05
ORD001580,CUST00313,PROD00493,10,0.05,2024-01-25
ORD003773,CUST00354,PROD00164,14,0.0,2022-05-26
ORD004922,CUST00569,PROD00265,8,0.0,2024-07-31
ORD008128,CUST00448,PROD00136,3,0.25,2023-01-06
ORD009687,CUST01039,PROD00503,12,0.15,2023-12-28
ORD000410,CUST00033,PROD00003,1,0.1,2022-08-07
ORD004218,CUST00976,PROD00143,13,,2024-07-01
ORD002953,CUST00309,PROD00007,3,0.05,2024-10-21
ORD006544,CUST00038,PROD00316,14,,2022-04-19
ORD006113,CUST00847,PROD00460,6,0.1,2024-07-13
ORD009364,CUST00904,PROD00351,4,,2023-02-18
ORD003092,CUST00551,PROD00371,11,0.0,2023-11-09
ORD002727,CUST00447,PROD00498,3,0.05,2023-03-31
ORD000478,CUST00272,PROD00350,2,0.0,2022-04-18
ORD001330,CUST00472,PROD00129,6,0.05,2022-09-06
ORD002284,CUST00295,PROD00341,1,0.2,2024-05-12
ORD007754,CUST00067,PROD00303,2,0.0,2022-09-22
ORD010384,CUST00886,PROD00363,11,0.0,2024-12-19
ORD000752,CUST00205,PROD00226,3,0.0,2024-01-29
ORD004756,CUST00398,PROD00291,4,0.15,2022-03-15
ORD007031,CUST00140,PROD00512,12,0.05,2023-05-26
ORD006061,CUST00751,PROD00375,3,0.05,2023-06-03
ORD006014,CUST00189,PROD00450,11,0.0,2022-01-12
ORD001546,CUST00674,PROD00065,3,0.15,2023-12-21
ORD007355,CUST00639,PROD00080,10,0.1,2023-03-15
ORD009221,CUST00451,PROD00440,6,0.15,2023-07-12
ORD002684,CUST00996,PROD00263,9,0.05,2023-09-29
ORD008282,CUST00969,PROD00412,8,0.0,2023-01-13
ORD007202,CUST00614,PROD00138,10,0.0,2023-04-18
ORD008558,CUST00524,PROD00508,3,0.3,2024-07-26
ORD003519,CUST00319,PROD00263,14,0.0,2022-11-14
ORD004149,CUST00693,PROD00483,8,0.0,2024-05-11
ORD002355,CUST99802,PROD00202,10,0.2,2022-11-08
ORD000774,CUST00437,PROD00105,12,0.05,2022-08-28
ORD004128,CUST00783,PROD00489,3,0.05,2023-02-02
ORD009494,CUST00455,PROD00308,5,0.1,2023-02-07
ORD008540,CUST00696,PROD00340,10,0.05,2023-04-29
ORD000642,CUST00267,PROD00358,10,0.0,2024-04-07
ORD007798,CUST00122,PROD00168,1,0.05,2024-08-23
ORD004607,CUST00616,PROD00075,13,0.15,2024-04-27
ORD004787,CUST00575,PROD00093,3,0.25,2024-01-29
ORD007779,CUST00846,PROD00439,10,0.05,2023-02-24
ORD000866,CUST00754,PROD00452,6,0.15,2022-11-11
ORD005837,CUST00127,PROD00519,10,0.0,2023-03-17
ORD005731,CUST00902,PROD00152,9,0.0,2023-02-25
ORD003777,CUST00317,PROD00151,4,0.2,2024-03-08
ORD005762,CUST00864,PROD00400,3,0.0,2023-10-06
ORD005582,CUST00809,PROD00354,3,0.0,2024-09-08
ORD006423,CUST00576,PROD00140,2,,2024-04-17
ORD000963,CUST00460,PROD00311,9,0.0,2022-07-25
ORD001579,CUST00615,PROD00454,12,0.3,2024-05-18
ORD006954,CUST00058,PROD00120,11,0.05,2022-03-15
ORD004576,CUST00315,PROD00109,7,0.3,2023-01-19
ORD003310,CUST00533,PROD00149,12,0.0,2024-06-16
ORD002167,CUST00265,PROD00228,3,0.15,2023-05-14
ORD000364,CUST00186,PROD00307,13,0.0,2023-08-24
ORD003724,CUST00467,PROD00202,10,0.05,2024-12-26
ORD002826,CUST00570,PROD00249,4,0.0,2022-07-29
ORD003598,CUST00342,PROD00252,7,0.05,2024-09-01
ORD000547,CUST00705,PROD00490,8,0.0,2024-01-21
ORD002941,CUST00051,PROD00084,5,0.1,2023-02-20
ORD000472,CUST01033,PROD00019,12,0.3,2022-07-11
ORD001642,CUST00979,PROD00331,6,0.0,2024-08-14
ORD003339,CUST00460,PROD00320,1,0.1,2024-07-15
ORD005454,CUST00582,PROD00486,5,0.3,2023-11-29
ORD001173,CUST00657,PROD00257,11,0.0,2024-01-27
ORD004158,CUST00050,PROD00307,12,0.05,2023-07-22
ORD009200,CUST00706,PROD00318,7,0.05,2024-08-17
ORD006832,CUST00626,PROD00011,10,,2023-07-03
ORD005322,CUST00070,PROD00005,8,0.05,2022-04-11
ORD005479,CUST00363,PROD00229,4,0.25,2023-12-06
ORD004354,CUST00801,PROD00426,3,0.1,2024-11-16
ORD001411,CUST00945,PROD00181,3,0.0,2023-03-20
ORD004641,CUST00180,PROD00515,3,0.05,2022-05-26
ORD010217,CUST00771,PROD00147,3,0.1,2023-02-14
ORD009259,CUST00322,PROD00423,4,0.05,2023-03-17
ORD007648,CUST00946,PROD00135,1,0.1,2024-09-22
ORD000816,CUST00768,PROD00388,13,0.1,2024-06-05
ORD002132,CUST00645,PROD00312,3,0.0,2023-10-21
ORD001798,CUST00335,PROD00503,5,0.3,2023-11-29
ORD003123,CUST00634,PROD00194,3,0.25,2022-09-12
ORD009963,CUST00467,PROD00415,11,0.05,2022-04-25
ORD007400,CUST00084,PROD00442,12,0.05,2024-09-20
ORD005279,CUST99165,PROD00102,10,0.25,2024-08-02
ORD009125,CUST00824,PROD00314,1,0.0,2024-05-12
ORD005827,CUST00535,PROD00163,10,0.0,2024-06-23
ORD000238,CUST00736,PROD00103,12,0.15,2022-07-20
ORD001533,CUST00988,PROD00324,2,0.0,2024-11-21
ORD010137,CUST00274,PROD00428,9,0.0,2023-09-22
ORD006562,CUST00861,PROD00297,8,0.05,2023-06-28
ORD003411,CUST00562,PROD00482,12,0.1,2024-05-15
ORD007992,CUST01001,PROD00207,13,0.05,2022-09-04
ORD009811,CUST00067,PROD00105,1,0.15,2024-01-30
ORD001536,CUST00477,PROD00461,3,0.25,2022-12-29
ORD003880,CUST00590,PROD00507,9,0.1,2023-01-20
ORD001300,CUST00673,PROD00183,3,0.15,2022-12-18
ORD005946,CUST00572,PROD00099,12,0.0,2022-04-09
ORD008900,CUST00931,PROD00248,12,0.05,2023-02-21
ORD001481,CUST00818,PROD00138,5,0.0,2024-05-16
ORD002794,CUST99123,PROD00127,6,0.15,2022-03-25
ORD009212,CUST00942,PROD00108,4,0.1,2022-01-12
ORD006876,CUST00128,PROD00415,11,0.1,2022-11-13
ORD007045,CUST00173,PROD00049,8,0.0,2022-10-10
ORD004602,CUST00503,PROD00404,11,0.15,2024-04-08
ORD008290,CUST00307,PROD00234,12,0.0,2023-04-17
ORD005372,CUST00212,PROD00386,6,0.15,2024-01-16
ORD009432,CUST00441,PROD00179,9,0.1,2024-04-30
ORD003662,CUST00053,PROD00359,1,0.15,2023-07-09
ORD000556,CUST00594,PROD00061,10,0.0,2022-06-20
ORD001164,CUST00175,PROD00362,2,0.05,2023-05-10
ORD005805,CUST00593,PROD00517,10,0.1,2024-03-08
ORD000398,CUST00452,PROD00430,2,0.0,2024-06-21
ORD006812,CUST00056,PROD00297,10,0.1,2022-12-15
ORD006150,CUST01011,PROD00113,5,0.05,2024-07-13
ORD009477,CUST00308,PROD00342,9,0.0,2024-03-30
ORD006946,CUST00397,PROD00025,1,0.2,2024-12-10
ORD008086,CUST00229,PROD00196,6,0.25,2022-08-28
ORD009742,CUST00552,PROD00390,1,0.1,2022-08-23
ORD000724,CUST00225,PROD99033,9,0.25,2023-04-25
ORD000301,CUST00238,PROD00467,12,0.2,2024-07-31
ORD009049,CUST00128,PROD00297,6,0.2,2023-07-12
ORD004210,CUST00391,PROD00010,10,,2023-08-06
ORD004186,CUST00219,PROD00036,9,0.05,2023-05-11
ORD006519,CUST00625,PROD00394,11,0.1,2024-12-21
ORD004318,CUST00241,PROD00362,6,0.25,2023-03-15
ORD004930,CUST00093,PROD00331,2,0.0,2024-11-04
ORD003143,CUST00147,PROD00141,1,0.0,2023-01-10
ORD003206,CUST00888,PROD00174,8,0.05,2022-08-29
ORD010289,CUST00918,PROD00028,3,0.15,2024-04-21
ORD010304,CUST00768,PROD00018,10,0.1,2023-04-18
ORD005255,CUST00001,PROD00498,7,0.05,2023-04-22
ORD010400,CUST00253,PROD99893,10,0.0,2024-09-15
ORD001153,CUST00922,PROD00520,14,0.0,2022-03-06
ORD001213,CUST00779,PROD00175,12,0.0,2024-10-11
ORD007210,CUST01043,PROD00290,3,0.1,2023-12-18
ORD010446,CUST00726,PROD00434,6,0.0,2023-07-20
ORD010143,CUST00983,PROD00462,,0.05,2022-10-21
ORD008332,CUST00975,PROD00387,13,0.0,2023-02-11
ORD008040,CUST00819,PROD00503,11,,2023-10-01
ORD000666,CUST01033,PROD00368,9,0.0,2024-02-29
ORD000643,CUST00871,PROD00229,6,0.0,2024-06-18
ORD009954,CUST00852,PROD00080,3,0.05,2024-02-25
ORD003768,CUST00122,PROD00517,10,0.1,2024-09-27
ORD000787,CUST00233,PROD00498,-1,0.0,2023-07-05
ORD007446,CUST00815,PROD00077,1,0.15,2023-09-08
ORD003203,CUST00046,PROD99182,3,0.15,2023-12-01
ORD005607,CUST00332,PROD00423,8,0.2,2024-12-29
ORD004188,CUST00612,PROD00019,12,0.0,2024-03-01
ORD006720,CUST00334,PROD00170,4,0.0,2022-05-05
ORD006687,CUST00335,PROD00298,5,0.1,2023-07-16
ORD002906,CUST00130,PROD00425,10,0.0,2022-06-07
ORD004504,CUST00344,PROD00166,2,0.0,2022-11-02
ORD000997,CUST00029,PROD00153,3,0.2,2023-02-18
ORD004925,CUST00337,PROD00464,13,0.15,2023-05-19
ORD007287,CUST00311,PROD00361,5,0.1,2024-10-21
ORD004605,CUST01043,PROD00330,9,0.15,2023-05-06
ORD000157,CUST00202,PROD00128,7,0.0,2023-03-13
ORD006135,CUST00652,PROD00359,7,0.0,2023-01-14
ORD003086,CUST00350,PROD00103,2,0.15,2022-04-23
ORD006875,CUST00351,PROD00170,10,0.05,2022-09-26
ORD009258,CUST00204,PROD00310,12,0.15,2024-05-02
ORD004848,CUST00253,PROD00036,3,0.0,2022-11-16
ORD008792,CUST00251,PROD00502,3,0.0,2023-05-27
ORD003796,CUST00121,PROD00469,11,,2023-02-06
ORD000496,CUST00746,PROD00495,2,0.05,2023-07-31
ORD002322,CUST00914,PROD00303,10,0.1,2024-01-09
ORD010487,CUST00381,PROD00374,7,0.0,2022-05-28
ORD009069,CUST00405,PROD00357,13,0.0,2022-05-10
ORD000152,CUST00989,PROD00456,7,0.25,2024-07-25
ORD004868,CUST00565,PROD00015,2,,2022-06-23
ORD005154,CUST00133,PROD00019,1,0.2,2023-08-08
ORD006648,CUST00236,PROD00399,1,0.0,2024-10-08
ORD001739,CUST00430,PROD00120,11,0.0,2022-09-04
ORD003002,CUST00970,PROD00304,12,0.0,2023-08-06
ORD005800,CUST00571,PROD00161,6,0.05,2023-01-26
ORD000252,CUST00279,PROD99001,1,0.0,2022-09-07
ORD009706,CUST00189,PROD00470,13,0.0,2023-06-06
ORD002884,CUST00233,PROD00503,6,0.0,2022-05-12
ORD003721,CUST00264,PROD00118,4,0.2,2023-09-26
ORD006741,CUST00302,PROD00032,5,0.0,2024-11-07
ORD009186,CUST00359,PROD00192,5,0.0,2023-09-29
ORD009985,CUST00978,PROD99206,3,0.3,2023-04-05
ORD004618,CUST00136,PROD00045,7,0.25,2022-01-11
ORD002277,CUST00052,PROD00512,9,0.2,2022-07-16
ORD000344,CUST00366,PROD00239,1,0.25,2022-09-19
ORD004137,CUST00769,PROD00277,14,0.15,2023-01-14
ORD007417,CUST00513,PROD00458,4,0.05,2022-03-20
ORD004914,CUST00192,PROD00114,10,0.2,2024-12-18
ORD002224,CUST00392,PROD00375,3,0.0,2022-03-27
ORD004197,CUST00796,PROD00179,14,,2024-10-01
ORD006124,CUST00738,PROD00303,2,,2023-07-04
ORD009030,CUST00840,PROD00123,3,0.05,2023-04-06
ORD006833,CUST00002,PROD00080,3,0.15,2022-05-27
ORD005698,CUST00994,PROD00199,4,0.1,2022-01-23
ORD007976,CUST00958,PROD00153,2,0.05,2022-12-24
ORD009845,CUST00958,PROD00053,10,0.0,2022-08-03
ORD009829,CUST00905,PROD00360,13,0.25,2023-08-17
ORD001466,CUST00196,PROD00257,7,0.0,2022-06-20
ORD002235,CUST00334,PROD00219,9,0.2,2022-08-18
ORD005387,CUST00665,PROD00412,13,0.1,2022-10-16
ORD003904,CUST00796,PROD00411,4,0.05,2022-05-13
ORD006672,CUST00852,PROD00121,13,0.15,2022-04-20
ORD007101,CUST00698,PROD00317,11,0.1,2024-10-09
ORD009236,CUST00631,PROD00246,14,0.05,2023-06-23
ORD006712,CUST00161,PROD00275,6,0.0,2024-04-19
ORD005866,CUST00378,PROD00514,6,0.05,2023-05-04
ORD004152,CUST00128,PROD00261,11,0.0,2023-07-09
ORD009201,CUST00763,PROD00216,9,0.0,2023-01-18
ORD002122,CUST00634,PROD00219,11,0.1,2023-09-28
ORD010034,CUST00558,PROD00333,11,0.0,2022-09-30
ORD008316,CUST00241,PROD00031,7,0.0,2022-04-07
ORD003162,CUST00026,PROD00145,11,0.0,2022-06-21
ORD002631,CUST01025,PROD00473,7,0.1,2022-06-06
ORD007018,CUST00591,PROD00512,12,0.1,2023-10-03
ORD009165,CUST00908,PROD00429,4,0.05,2023-12-05
ORD007664,CUST00997,PROD99352,10,0.1,2023-02-20
ORD009347,CUST00699,PROD00036,,0.05,2022-07-10
ORD001204,CUST00292,PROD00249,14,0.3,2022-12-28
ORD008934,CUST00429,PROD00001,7,0.15,2022-11-04
ORD000617,CUST00598,PROD00023,2,0.15,2024-02-27
ORD001927,CUST00106,PROD00484,3,0.05,2022-12-02
ORD003115,CUST00873,PROD00182,5,0.0,2022-01-11
ORD002642,CUST00145,PROD00188,12,0.1,2023-02-17
ORD009665,CUST00903,PROD00391,12,0.0,2022-12-17
ORD002563,CUST00871,PROD00491,13,0.05,2022-02-26
ORD005655,CUST00892,PROD00253,1,0.05,2022-10-26
ORD002729,CUST00644,PROD00154,12,0.2,2023-10-26
ORD007368,CUST01045,PROD00469,5,0.05,2024-08-25
ORD008567,CUST00809,PROD00435,5,0.05,2022-01-17
ORD002127,CUST00991,PROD00310,13,0.2,2024-09-25
ORD007445,CUST00037,PROD00065,13,0.0,2023-07-30
ORD008890,CUST00133,PROD00137,4,0.1,2023-09-28
ORD005382,CUST01034,PROD00454,3,0.25,2022-01-17
ORD007600,CUST00243,PROD00508,2,0.0,2023-04-06
ORD000806,CUST00185,PROD00390,5,0.2,2022-11-07
ORD004890,CUST00871,PROD00459,13,0.15,2022-10-03
ORD007825,CUST00417,PROD00126,9,0.0,2022-02-06
ORD004281,CUST00429,PROD00280,9,0.15,2022-07-29
ORD008092,CUST00107,PROD00387,8,0.15,2022-05-04
ORD006497,CUST00269,PROD00279,12,0.15,2024-12-06
ORD009115,CUST00997,PROD00244,9,0.25,2022-03-25
ORD000548,CUST00919,PROD00295,10,0.0,2023-08-15
ORD000027,CUST00136,PROD00115,2,0.0,2024-11-22
ORD008274,CUST00706,PROD00091,9,0.0,2024-11-09
ORD003919,CUST00392,PROD00407,7,0.0,2022-08-06
ORD006787,CUST00429,PROD00515,2,0.0,2022-02-06
ORD007245,CUST00231,PROD00461,5,0.0,2022-09-26
ORD001222,CUST00652,PROD00338,6,0.0,2024-11-17
ORD005826,CUST00185,PROD00152,3,0.15,2022-08-03
ORD002549,CUST00114,PROD00122,11,0.1,2024-12-06
ORD000438,CUST00060,PROD00493,4,0.1,2022-02-20
ORD005099,CUST00709,PROD00065,13,0.1,2024-07-08
ORD009113,CUST00154,PROD00418,-1,0.0,2022-08-23
ORD001862,CUST00232,PROD00089,13,0.0,2024-06-25
ORD002700,CUST00625,PROD00225,7,0.0,2023-04-29
ORD010150,CUST00092,PROD00455,9,0.25,2024-11-08
ORD009898,CUST00177,PROD00515,5,0.05,2022-01-29
ORD002482,CUST00711,PROD00158,3,0.15,2022-12-12
ORD005236,CUST00844,PROD00127,3,0.15,2023-11-03
ORD009084,CUST00181,PROD00160,6,0.0,2023-11-30
ORD002707,CUST00117,PROD00282,3,0.25,2022-09-12
ORD000327,CUST00445,PROD00421,8,0.1,2023-08-08
ORD002500,CUST00403,PROD00509,3,0.2,2022-07-18
ORD001005,CUST00865,PROD00425,11,0.0,2024-09-13
ORD007525,CUST00038,PROD00149,9,0.0,2023-02-02
ORD005465,CUST00355,PROD00482,2,0.1,2022-01-16
ORD004012,CUST00944,PROD00072,7,0.2,2022-06-15
ORD008314,CUST00088,PROD00235,13,0.1,2023-07-30
ORD000535,CUST00097,PROD00416,9,0.05,2023-07-23
ORD006149,CUST00665,PROD99197,12,,2022-06-23
ORD003961,CUST00350,PROD00160,5,0.0,2024-07-21
ORD000586,CUST00622,PROD00465,2,0.0,2023-03-14
ORD009213,CUST00927,PROD00457,8,0.25,2023-05-30
ORD006859,CUST00408,PROD00121,10,0.1,2024-03-30
ORD006621,CUST00553,PROD00011,1,0.0,2023-07-28
ORD005012,CUST00101,PROD00450,7,0.0,2023-10-23
ORD009305,CUST00214,PROD00043,3,0.1,2024-04-28
ORD000492,CUST00425,PROD00472,3,0.2,2022-11-24
ORD004465,CUST00557,PROD00393,8,0.05,2023-05-07
ORD007300,CUST00946,PROD00476,9,0.15,2022-05-23
ORD004608,CUST00528,PROD00174,3,0.15,2022-10-21
ORD005493,CUST00441,PROD00063,14,0.25,2023-07-05
ORD009979,CUST00042,PROD00023,12,0.15,2024-10-29
ORD003549,CUST00198,PROD00265,6,0.05,2023-05-26
ORD001917,CUST00305,PROD00077,,0.05,2022-09-22
ORD003186,CUST00855,PROD00117,7,0.0,2023-06-16
ORD010112,CUST00868,PROD00137,10,0.0,2024-10-14
ORD001911,CUST00540,PROD00048,1,,2023-08-13
ORD006476,CUST00867,PROD00446,13,0.0,2023-11-08
ORD006850,CUST00583,PROD00372,3,0.0,2024-05-20
ORD001134,CUST00244,PROD00456,4,0.15,2023-08-28
ORD010176,CUST00041,PROD00191,3,0.05,2022-02-07
ORD002519,CUST00733,PROD00109,10,0.15,2023-12-09
ORD001318,CUST00112,PROD00118,1,0.0,2023-07-09
ORD004369,CUST00149,PROD00083,7,0.05,2022-10-18
ORD000122,CUST00398,PROD00474,11,0.25,2023-04-22
ORD008271,CUST00524,PROD00075,,0.1,2024-12-04
ORD002450,CUST00971,PROD00509,13,0.0,2023-07-10
ORD004707,CUST00129,PROD00019,1,0.0,2023-09-17
ORD007404,CUST00501,PROD00397,3,0.2,2024-06-27
ORD002602,CUST00658,PROD00470,14,0.0,2023-09-30
ORD007797,CUST00679,PROD00106,10,0.05,2024-09-20
ORD006358,CUST00310,PROD00140,8,,2022-12-29
ORD002174,CUST00502,PROD00066,13,0.0,2024-02-12
ORD003284,CUST01025,PROD00257,7,0.05,2023-03-01
ORD003606,CUST00959,PROD00509,3,0.0,2023-10-31
ORD006956,CUST99619,PROD00083,1,0.1,2022-11-21
ORD009773,CUST00779,PROD00062,6,0.0,2022-12-05
ORD003769,CUST00196,PROD00242,2,0.0,2022-09-17
ORD006665,CUST00835,PROD00183,13,0.25,2024-12-07
ORD004039,CUST00516,PROD00161,1,0.05,2024-09-13
ORD003503,CUST01039,PROD00444,11,0.0,2022-09-24
ORD001408,CUST00467,PROD00481,10,0.05,2024-09-26
ORD005488,CUST00494,PROD00052,3,0.15,2022-12-28
ORD007416,CUST00659,PROD00442,10,0.1,2022-01-27
ORD006619,CUST00530,PROD00028,13,0.0,2023-05-11
ORD002580,CUST00991,PROD00328,1,0.0,2023-05-13
ORD004475,CUST00562,PROD00141,10,0.0,2022-06-08
ORD003270,CUST00666,PROD00395,13,0.0,2022-03-02
ORD010286,CUST00165,PROD00069,14,0.05,2022-10-17
ORD001868,CUST00446,PROD00129,4,0.2,2023-03-26
ORD002128,CUST00645,PROD00442,2,0.1,2024-02-07
ORD005932,CUST00793,PROD00428,11,0.25,2023-11-17
ORD002522,CUST00055,PROD00423,12,0.25,2022-08-12
ORD008046,CUST00866,PROD00105,9,0.1,2024-08-15
ORD001821,CUST01003,PROD00319,12,0.0,2022-07-08
ORD007310,CUST00573,PROD00055,9,0.25,2024-08-13
ORD000052,CUST00367,PROD00450,11,0.1,2024-05-02
ORD003889,CUST99003,PROD00479,5,0.0,2024-06-01
ORD006385,CUST00739,PROD00486,1,0.0,2022-01-07
ORD003578,CUST00935,PROD00319,8,0.0,2022-04-30
ORD008881,CUST00660,PROD00380,9,0.0,2024-06-18
ORD005621,CUST00744,PROD00389,9,0.1,2024-01-27
ORD001859,CUST00724,PROD00363,11,0.0,2023-09-19
ORD009058,CUST00080,PROD00197,13,0.2,2024-11-17
ORD010264,CUST00096,PROD00298,14,0.2,2024-11-21
ORD005844,CUST00617,PROD00223,2,0.05,2023-02-05
ORD005744,CUST00554,PROD00490,13,0.15,2022-02-17
ORD007360,CUST01005,PROD00241,13,0.2,2024-08-03
ORD009936,CUST00202,PROD00173,8,0.1,2023-04-09
ORD000426,CUST01040,PROD00319,14,0.3,2024-03-09
ORD004285,CUST00425,PROD00361,14,0.1,2023-05-01
ORD006576,CUST00935,PROD00458,5,0.05,2024-11-15
ORD009288,CUST00755,PROD00351,2,0.0,2022-03-01
ORD000229,CUST00624,PROD00186,2,0.0,2022-02-20
ORD008584,CUST00850,PROD00395,5,0.1,2024-12-17
ORD002742,CUST00092,PROD00429,11,0.15,2023-03-08
ORD009418,CUST01044,PROD00273,2,0.0,2024-07-15
ORD009605,CUST00369,PROD00044,13,0.0,2024-03-05
ORD002922,CUST00269,PROD00104,13,0.15,2023-04-05
ORD009081,CUST00034,PROD00124,5,0.1,2023-12-24
ORD003654,CUST00202,PROD00278,10,0.15,2023-05-27
ORD009826,CUST00487,PROD00201,14,0.15,2024-10-21
ORD004776,CUST00197,PROD00270,10,0.1,2024-03-07
ORD001129,CUST00265,PROD00382,9,0.2,2023-01-01
ORD010386,CUST00622,PROD00448,11,0.1,2024-08-04
ORD002332,CUST00235,PROD00317,7,0.1,2024-02-10
ORD002209,CUST00895,PROD00057,5,0.05,2023-07-27
ORD005860,CUST01038,PROD00491,9,0.15,2024-11-25
ORD009591,CUST00406,PROD00290,3,0.1,2023-09-07
ORD009021,CUST00943,PROD00160,7,0.05,2022-12-09
ORD003154,CUST00584,PROD00209,1,0.0,2023-11-29
ORD005182,CUST00452,PROD00461,7,0.05,2022-12-02
ORD008461,CUST00096,PROD00013,2,0.0,2023-04-04
ORD008426,CUST00958,PROD00269,11,0.2,2023-11-17
ORD010338,CUST99363,PROD99193,3,0.0,2022-04-07
ORD002375,CUST00756,PROD00428,3,0.1,2022-12-11
ORD001633,CUST00436,PROD00339,13,0.0,2024-06-11
ORD005640,CUST00027,PROD00411,1,0.25,2024-06-24
ORD002299,CUST00065,PROD00196,7,0.15,2022-04-16
ORD006534,CUST00549,PROD00161,5,0.15,2024-06-30
ORD004253,CUST00682,PROD00423,14,0.05,2022-07-09
ORD004555,CUST00109,PROD00366,14,0.0,2024-05-25
ORD007820,CUST00155,PROD00157,8,0.0,2023-06-30
ORD008244,CUST00717,PROD00315,12,0.15,2023-01-29
ORD004881,CUST00580,PROD00073,5,0.0,2022-02-15
ORD010459,CUST00019,PROD00280,12,0.0,2023-06-23
ORD006439,CUST00959,PROD00341,1,0.3,2022-08-25
ORD007824,CUST00550,PROD00121,9,0.2,2022-07-01
ORD006602,CUST00717,PROD00374,12,0.1,2024-08-22
ORD004705,CUST00682,PROD00037,14,0.05,2022-12-06
ORD006551,CUST00881,PROD00469,8,0.2,2024-08-28
ORD006028,CUST00941,PROD00344,11,0.2,2024-08-22
ORD008893,CUST00213,PROD00019,13,,2022-11-09
ORD006459,CUST00775,PROD00369,11,0.0,2022-05-07
ORD008768,CUST00654,PROD00340,13,0.0,2023-07-02
ORD002551,CUST00377,PROD00099,9,0.1,2023-02-08
ORD005595,CUST01017,PROD00494,3,0.05,2023-04-21
ORD000939,CUST00090,PROD00336,7,0.0,2024-08-08
ORD005943,CUST01035,PROD00019,11,0.1,2023-05-20
ORD009552,CUST00813,PROD00353,11,0.0,2024-04-18
ORD006259,CUST00884,PROD00076,3,0.1,2023-09-28
ORD010467,CUST00526,PROD00454,5,0.0,2024-05-12
ORD002645,CUST00555,PROD00482,14,0.2,2024-10-03
ORD009411,CUST00599,PROD00064,1,0.1,2022-08-06
ORD003166,CUST00823,PROD00383,4,0.25,2022-10-11
ORD003640,CUST00216,PROD00363,4,0.05,2022-09-05
ORD002062,CUST00723,PROD00162,12,0.05,2024-03-05
ORD005013,CUST00349,PROD00297,1,0.05,2024-02-12
ORD002813,CUST00016,PROD00056,14,0.15,2022-05-11
ORD010103,CUST00156,PROD00088,5,0.05,2023-09-22
ORD009303,CUST00606,PROD00224,10,0.15,2024-06-09
ORD009690,CUST00048,PROD00382,12,0.1,2023-09-04
ORD002550,CUST00615,PROD00344,7,0.1,2023-07-14
ORD007075,CUST00891,PROD00488,9,0.0,2024-08-15
ORD010361,CUST00355,PROD00163,9,0.0,2022-11-14
ORD005010,CUST01048,PROD00180,3,0.0,2024-05-11
ORD004175,CUST00577,PROD00247,12,0.25,2023-11-25
ORD009426,CUST00759,PROD00008,14,0.0,2024-09-26
ORD001025,CUST00590,PROD99747,1,0.1,2024-01-04
ORD004683,CUST00865,PROD00124,7,0.05,2023-02-13
ORD007037,CUST00658,PROD00179,4,0.15,2022-03-01
ORD001952,CUST00414,PROD00190,9,0.0,2022-11-08
ORD009949,CUST00357,PROD00119,1,0.0,2023-11-02
ORD000352,CUST00305,PROD00349,5,0.0,2023-07-22
ORD005636,CUST00206,PROD00306,3,0.0,2023-08-17
ORD005166,CUST00211,PROD00275,6,0.0,2023-06-09
ORD003663,CUST00371,PROD99139,7,0.15,2022-04-09
ORD005864,CUST00829,PROD00035,1,,2024-08-18
ORD004594,CUST01011,PROD00186,13,0.25,2024-04-28
ORD003151,CUST00619,PROD00494,9,0.1,2023-03-25
ORD008864,CUST00524,PROD00412,7,0.0,2022-07-08
ORD004716,CUST00921,PROD99248,11,0.0,2023-01-27
ORD007067,CUST00374,PROD00469,3,0.0,2023-04-01
ORD002940,CUST00222,PROD00373,7,0.1,2023-10-17
ORD001341,CUST00582,PROD00055,3,0.15,2022-12-25
ORD010092,CUST00562,PROD00213,3,0.0,2024-12-17
ORD007022,CUST00475,PROD00429,9,0.05,2022-04-23
ORD009827,CUST00523,PROD00269,12,0.1,2024-01-20
ORD005380,CUST00456,PROD00003,7,0.05,2022-09-08
ORD008382,CUST00560,PROD00152,6,0.0,2024-02-16
ORD009495,CUST00143,PROD00462,12,0.1,2024-01-16
ORD001584,CUST00985,PROD00388,11,,2024-05-13
ORD001413,CUST00385,PROD00296,11,0.0,2022-09-07
ORD004795,CUST00195,PROD00471,13,,2024-11-08
ORD009424,CUST00586,PROD00063,7,0.0,2024-01-31
ORD002257,CUST00850,PROD00508,9,0.05,2024-11-29
ORD007804,CUST00427,PROD00285,5,0.05,2024-12-13
ORD002213,CUST00649,PROD00383,6,0.05,2022-06-24
ORD002623,CUST01022,PROD00072,2,0.2,2024-01-07
ORD008009,CUST00306,PROD00426,13,0.3,2023-03-23
ORD003625,CUST00965,PROD00304,12,0.05,2024-04-20
ORD004992,CUST01033,PROD00238,3,0.05,2022-02-07
ORD004268,CUST00667,PROD00141,9,0.0,2024-10-24
ORD009681,CUST00949,PROD00277,2,0.0,2024-01-07
ORD000464,CUST00948,PROD00501,10,0.25,2022-11-22
ORD001755,CUST00769,PROD00329,2,0.1,2022-04-08
ORD009292,CUST00586,PROD00437,7,0.15,2024-09-19
ORD005136,CUST00376,PROD00406,7,0.05,2022-03-07
ORD009270,CUST00249,PROD00302,11,0.0,2024-09-07
ORD005857,CUST00060,PROD00160,9,0.0,2022-08-06
ORD000379,CUST00921,PROD00390,9,0.0,2022-06-21
ORD003107,CUST00935,PROD00509,11,0.0,2022-12-09
ORD001336,CUST00152,PROD00456,4,0.0,2023-03-07
ORD010435,CUST00616,PROD00348,12,0.25,2022-10-21
ORD002717,CUST00606,PROD00394,14,0.0,2022-12-30
ORD005829,CUST00277,PROD00341,13,0.15,2024-01-27
ORD008238,CUST00988,PROD00329,14,0.0,2024-06-20
ORD007317,CUST00297,PROD00172,8,0.05,2022-12-14
ORD005941,CUST00213,PROD00408,1,0.2,2024-05-12
ORD001812,CUST00183,PROD00170,4,0.1,2024-03-08
ORD001895,CUST00545,PROD00087,14,0.2,2024-08-21
ORD007747,CUST00940,PROD99909,8,0.0,2022-02-04
ORD008480,CUST00008,PROD00031,11,0.0,2024-12-12
ORD001190,CUST00248,PROD00400,4,0.05,2022-07-14
ORD005485,CUST00067,PROD00127,6,0.1,2023-01-09
ORD004673,CUST00620,PROD00419,2,0.0,2024-05-19
ORD003455,CUST01008,PROD00229,7,0.0,2022-06-10
ORD008399,CUST00835,PROD00264,14,0.05,2024-03-23
ORD008318,CUST00578,PROD00517,5,0.1,2023-04-09
ORD007647,CUST00094,PROD00008,3,0.0,2024-10-09
ORD004696,CUST00215,PROD00013,6,0.0,2024-02-21
ORD010033,CUST00701,PROD00304,7,0.0,2022-07-15
ORD003993,CUST01050,PROD00231,14,0.05,2023-06-28
ORD009961,CUST99284,PROD00490,12,0.15,2023-03-07
ORD001031,CUST00800,PROD00195,14,0.15,2024-02-10
ORD005412,CUST00545,PROD00118,1,0.05,2023-06-30
ORD002221,CUST00385,PROD00319,8,0.1,2023-10-11
ORD003775,CUST00448,PROD00113,10,0.0,2022-08-05
ORD007158,CUST00972,PROD00161,3,0.25,2024-06-13
ORD008363,CUST00248,PROD00431,11,0.25,2022-07-01
ORD001756,CUST00184,PROD00031,7,0.1,2022-03-02
ORD006170,CUST00732,PROD00008,4,0.1,2024-10-18
ORD007615,CUST00600,PROD00290,5,0.0,2024-05-29
ORD004328,CUST00090,PROD00249,3,0.0,2022-03-07
ORD000111,CUST00425,PROD00179,14,0.1,2024-08-26
ORD006714,CUST00530,PROD00447,8,0.0,2022-12-02
ORD007822,CUST00570,PROD00253,3,0.05,2022-07-13
ORD002918,CUST00472,PROD00095,12,0.0,2023-01-02
ORD001516,CUST00810,PROD00214,13,0.0,2024-04-03
ORD010172,CUST00735,PROD00402,11,0.0,2022-10-26
ORD009925,CUST00900,PROD00153,5,0.2,2022-06-23
ORD009759,CUST00193,PROD00088,6,0.0,2023-09-23
ORD009057,CUST00331,PROD00064,7,0.2,2024-01-08
ORD002264,CUST00879,PROD00397,10,0.0,2023-08-11
ORD005267,CUST00811,PROD00331,5,0.1,2023-03-04
ORD007454,CUST00360,PROD00067,1,0.1,2022-03-11
ORD009144,CUST00121,PROD00510,4,0.15,2023-02-18
ORD009610,CUST00182,PROD00333,6,0.2,2022-09-29
ORD000894,CUST00620,PROD00417,7,0.0,2023-09-05
ORD001491,CUST00206,PROD99178,,0.0,2022-08-14
ORD001851,CUST00256,PROD00389,7,0.05,2022-01-24
ORD000325,CUST00070,PROD00498,9,0.2,2024-10-14
ORD001216,CUST00331,PROD00238,14,0.0,2024-07-26
ORD002934,CUST00880,PROD00132,7,,2022-09-30
ORD007783,CUST00352,PROD00083,12,0.3,2024-07-14
ORD008644,CUST00895,PROD00153,5,0.2,2023-06-07
ORD009246,CUST00437,PROD00050,4,0.05,2022-07-05
ORD007188,CUST00966,PROD00422,5,0.05,2023-02-21
ORD010468,CUST00661,PROD00337,8,0.15,2023-09-06
ORD001130,CUST00242,PROD00251,1,-0.1,2023-01-19
ORD005793,CUST00001,PROD00057,3,0.1,2022-01-12
ORD002919,CUST00507,PROD00356,1,0.0,2022-07-17
ORD003085,CUST00921,PROD00395,4,0.2,2023-02-24
ORD004589,CUST99067,PROD00173,12,0.0,2024-11-23
ORD004305,CUST00189,PROD00461,2,0.0,2024-07-15
ORD002796,CUST00259,PROD00495,2,0.1,2024-04-25
ORD004639,CUST00752,PROD00207,14,0.1,2024-05-19
ORD000799,CUST00172,PROD00073,6,0.2,2023-09-17
ORD000735,CUST00056,PROD00013,6,0.0,2024-04-27
ORD006308,CUST00856,PROD00368,7,0.0,2023-05-09
ORD002245,CUST00862,PROD00398,7,0.0,2024-07-17
ORD000179,CUST00965,PROD00256,3,0.15,2023-12-31
ORD006805,CUST00501,PROD00512,9,0.25,2023-10-06
ORD008161,CUST00567,PROD00343,11,0.2,2023-08-28
ORD001175,CUST00048,PROD00399,7,0.1,2023-02-27
ORD006823,CUST01048,PROD00259,9,0.0,2022-11-03
ORD001832,CUST00759,PROD00310,1,0.0,2022-11-30
ORD009945,CUST00002,PROD00328,8,0.0,2024-08-05
ORD009192,CUST00466,PROD00295,14,0.05,2024-11-11
ORD008661,CUST00861,PROD00083,9,0.1,2024-04-27
ORD001782,CUST00352,PROD00413,6,0.3,2022-11-29
ORD003202,CUST00619,PROD00167,12,0.15,2024-08-18
ORD000199,CUST00945,PROD00065,7,0.0,2023-06-11
ORD009435,CUST00225,PROD00360,2,0.05,2024-02-05
ORD004088,CUST00916,PROD00203,3,0.15,2022-09-30
ORD000549,CUST00333,PROD00416,8,0.1,2024-07-10
ORD008052,CUST00824,PROD00312,8,,2022-02-18
ORD005339,CUST00926,PROD00323,9,,2022-07-14
ORD005309,CUST99343,PROD00447,2,0.0,2023-07-22
ORD007332,CUST00724,PROD00118,13,0.1,2022-07-28
ORD002533,CUST00200,PROD00391,2,0.0,2024-07-23
ORD002315,CUST00820,PROD00195,4,0.0,2024-01-31
ORD008970,CUST00760,PROD00357,7,0.2,2022-09-15
ORD008896,CUST00200,PROD00440,,0.1,2023-12-15
ORD008258,CUST00852,PROD00178,13,0.0,2024-06-29
ORD000067,CUST00634,PROD00307,8,0.25,2022-04-21
ORD003261,CUST00685,PROD00310,7,0.15,2022-10-16
ORD002573,CUST00800,PROD00456,5,0.2,2023-12-01
ORD007717,CUST00302,PROD00441,13,0.25,2022-05-27
ORD007371,CUST00241,PROD00309,6,0.15,2022-09-21
ORD000623,CUST00743,PROD00129,14,0.0,2024-11-20
ORD001682,CUST00350,PROD00321,4,0.05,2024-02-29
ORD000788,CUST00057,PROD00035,5,,2022-08-18
ORD003333,CUST00767,PROD00237,12,0.0,2023-09-24
ORD009178,CUST00159,PROD00401,11,0.0,2023-06-19
ORD006928,CUST01039,PROD00053,13,0.05,2023-04-01
ORD003281,CUST00945,PROD00413,13,0.2,2024-06-03
ORD005523,CUST01020,PROD00293,7,0.0,2024-07-07
ORD006523,CUST00118,PROD00316,8,0.0,2023-02-05
ORD007919,CUST00456,PROD00175,8,0.15,2022-03-30
ORD009316,CUST00152,PROD00141,12,0.0,2022-09-17
ORD007282,CUST00884,PROD00230,2,0.1,2023-08-19
ORD000479,CUST00490,PROD00194,10,0.0,2022-11-12
ORD004983,CUST00063,PROD00402,1,0.2,2022-02-27
ORD006649,CUST00946,PROD00439,5,0.2,2023-09-09
ORD002648,CUST00718,PROD00123,8,0.05,2022-02-01
ORD004909,CUST00838,PROD00367,9,0.15,2022-02-28
ORD005983,CUST00240,PROD00497,5,0.1,2022-10-12
ORD001034,CUST00579,PROD00328,9,0.0,2024-01-17
ORD005466,CUST00217,PROD00261,7,0.0,2023-07-23
ORD002599,CUST00150,PROD00044,12,0.0,2024-11-18
ORD009588,CUST00294,PROD00339,7,,2024-08-04
ORD006525,CUST00470,PROD00450,12,0.15,2023-10-06
ORD006077,CUST00963,PROD00507,6,0.1,2022-04-05
ORD000345,CUST00223,PROD00484,5,0.0,2022-01-26
ORD004741,CUST00007,PROD00503,9,0.0,2022-04-01
ORD001872,CUST00673,PROD00057,9,0.0,2024-05-10
ORD006409,CUST00401,PROD00406,1,0.0,2022-12-04
ORD005830,CUST00370,PROD00081,9,0.05,2022-07-20
ORD003987,CUST00022,PROD00501,8,0.3,2023-11-23
ORD010340,CUST00857,PROD00463,14,0.05,2023-10-18
ORD002889,CUST00549,PROD00066,7,,2023-08-10
ORD004624,CUST00997,PROD00318,6,0.0,2022-09-19
ORD000221,CUST00777,PROD00085,9,0.05,2024-11-12
ORD009897,CUST00019,PROD00462,12,0.05,2022-10-16
ORD005615,CUST00220,PROD00052,11,0.1,2022-10-31
ORD008971,CUST00905,PROD00425,9,0.0,2022-04-12
ORD005360,CUST00361,PROD00206,13,0.2,2023-03-10
ORD008172,CUST00104,PROD00118,3,0.1,2022-01-08
ORD005115,CUST00835,PROD00261,6,0.0,2023-03-23
ORD004017,CUST00167,PROD00249,13,0.25,2023-05-09
ORD004793,CUST00191,PROD00016,1,,2023-03-11
ORD004249,CUST01013,PROD00029,1,0.2,2023-03-05
ORD009860,CUST00925,PROD00002,4,0.1,2022-10-19
ORD006947,CUST01033,PROD00169,12,0.05,2022-09-03
ORD008964,CUST00758,PROD00165,6,0.05,2023-09-08
ORD005051,CUST00383,PROD00453,13,0.0,2024-04-22
ORD007518,CUST00462,PROD00015,5,,2022-06-09
ORD004242,CUST00336,PROD00307,,,2024-12-31
ORD006900,CUST00130,PROD00385,10,0.05,2023-07-05
ORD009794,CUST00288,PROD00315,1,0.0,2023-11-06
ORD008982,CUST00321,PROD00275,5,0.0,2023-04-05
ORD002882,CUST00871,PROD00150,13,0.05,2023-11-27
ORD001678,CUST00957,PROD00376,1,0.25,2022-02-06
ORD005023,CUST00803,PROD00415,6,,2023-11-04
ORD000902,CUST00240,PROD00185,2,0.15,2024-06-13
ORD009372,CUST00858,PROD00314,6,0.05,2024-04-17
ORD002297,CUST00369,PROD00454,2,,2023-01-18
ORD007272,CUST00799,PROD00503,14,0.05,2022-12-16
ORD004895,CUST00502,PROD00317,8,0.1,2024-04-07
ORD000297,CUST00488,PROD00412,8,0.05,2024-12-23
ORD009461,CUST00419,PROD00368,11,0.05,2024-04-06
ORD004154,CUST00184,PROD00369,3,0.05,2024-03-05
ORD004000,CUST00174,PROD00131,2,0.0,2024-11-23
ORD000028,CUST00900,PROD00452,9,0.15,2022-07-01
ORD009800,CUST00059,PROD00470,11,0.1,2024-05-01
ORD007795,CUST00084,PROD00210,3,0.0,2023-08-10
ORD007753,CUST00011,PROD00500,10,0.1,2023-12-14
ORD007926,CUST00113,PROD00088,11,0.15,2022-04-23
ORD003249,CUST00822,PROD00277,1,0.25,2023-01-26
ORD008546,CUST00623,PROD00305,4,0.0,2022-08-27
ORD006035,CUST00929,PROD00199,13,0.15,2023-04-22
ORD002581,CUST00967,PROD00133,1,0.0,2023-08-16
ORD005139,CUST00293,PROD00285,2,0.0,2022-01-21
ORD007977,CUST00889,PROD00179,10,0.1,2023-01-26
ORD001371,CUST00766,PROD00505,11,0.0,2022-10-31
ORD008941,CUST00844,PROD00168,10,0.05,2022-07-18
ORD008144,CUST00772,PROD00437,8,0.25,2023-07-28
ORD008836,CUST00671,PROD00176,9,0.15,2022-11-21
ORD005501,CUST00155,PROD00193,11,0.0,2024-07-09
ORD000682,CUST00835,PROD00117,9,0.0,2022-02-11
ORD010024,CUST00606,PROD00052,10,0.0,2024-11-16
ORD003160,CUST00208,PROD00339,10,0.2,2023-06-04
ORD002988,CUST00137,PROD00078,4,0.1,2023-08-24
ORD001883,CUST00878,PROD00194,4,0.1,2023-02-01
ORD006809,CUST00369,PROD00391,3,0.05,2022-10-29
ORD001941,CUST00741,PROD00124,3,0.0,2022-11-05
ORD003297,CUST00082,PROD00203,14,0.15,2023-03-12
ORD003535,CUST00964,PROD00389,4,0.05,2023-03-03
ORD003730,CUST00919,PROD00174,12,0.15,2023-09-08
ORD007247,CUST00859,PROD00022,6,0.0,2023-02-23
ORD001182,CUST00316,PROD00211,12,0.0,2022-11-20
ORD001376,CUST00416,PROD00077,10,0.05,2024-11-16
ORD006082,CUST00375,PROD00102,11,0.0,2022-11-16
ORD008089,CUST00772,PROD00162,14,0.05,2022-12-12
ORD000627,CUST00994,PROD00366,7,0.05,2023-11-03
ORD002113,CUST00830,PROD00479,8,0.15,2024-06-07
ORD010432,CUST00059,PROD00069,12,0.1,2024-05-21
ORD008730,CUST00392,PROD00318,7,0.0,2023-08-05
ORD007638,CUST00658,PROD00268,12,0.2,2022-01-27
ORD007235,CUST00427,PROD00360,4,0.05,2022-09-05
ORD004181,CUST00585,PROD00299,8,0.0,2022-06-29
ORD009785,CUST00624,PROD00027,2,0.1,2023-06-02
ORD006839,CUST00795,PROD00321,10,0.05,2022-06-16
ORD001463,CUST00368,PROD00059,11,0.0,2023-02-16
ORD002888,CUST00481,PROD00397,4,0.0,2023-02-05
ORD005144,CUST00917,PROD00482,6,,2023-12-10
ORD000685,CUST00975,PROD00362,14,0.0,2023-10-01
ORD004540,CUST00614,PROD00089,1,0.15,2024-04-30
ORD004515,CUST00043,PROD00328,1,0.15,2022-09-02
ORD008295,CUST00762,PROD00169,1,0.0,2023-03-26
ORD008488,CUST00155,PROD00060,1,0.0,2022-06-27
ORD001367,CUST00133,PROD00073,11,0.1,2024-01-02
ORD003917,CUST00817,PROD00092,10,0.2,2023-09-26
ORD000036,CUST00925,PROD00039,13,0.0,2023-03-03
ORD002640,CUST00150,PROD00024,,0.1,2022-01-15
ORD010187,CUST00838,PROD00402,6,0.15,2024-09-29
ORD009735,CUST00516,PROD00461,5,0.05,2024-10-23
ORD006793,CUST00036,PROD00059,12,0.05,2022-10-28
ORD002301,CUST00992,PROD00400,9,0.25,2023-06-04
ORD002939,CUST00807,PROD00503,13,0.0,2023-06-25
ORD006640,CUST00258,PROD00408,6,0.0,2024-01-31
ORD009326,CUST00147,PROD00024,13,0.0,2022-11-24
ORD008870,CUST00136,PROD00399,1,0.05,2024-10-19
ORD001980,CUST00569,PROD00446,3,0.15,2024-05-29
ORD003804,CUST00406,PROD00342,10,0.05,2023-08-27
ORD004535,CUST01024,PROD00068,8,0.15,2022-05-23
ORD007862,CUST00016,PROD00196,14,0.1,2022-09-23
ORD005426,CUST00665,PROD00401,7,0.0,2022-07-18
ORD005327,CUST00611,PROD00230,9,0.0,2024-05-29
ORD005517,CUST00916,PROD00195,8,0.0,2024-05-28
ORD001684,CUST00060,PROD00190,6,0.0,2022-05-04
ORD002281,CUST00503,PROD00361,9,0.05,2023-06-22
ORD005175,CUST00969,PROD00298,5,0.05,2024-03-13
ORD004834,CUST00392,PROD00097,1,0.0,2024-01-11
ORD004470,CUST00421,PROD99497,11,0.05,2024-12-25
ORD007774,CUST00766,PROD00441,4,0.0,2022-10-30
ORD004131,CUST00934,PROD00147,6,0.15,2022-08-29
ORD007064,CUST00863,PROD00253,14,0.0,2024-04-29
ORD008077,CUST00900,PROD00384,11,0.1,2024-06-16
ORD001785,CUST00601,PROD00141,7,0.15,2024-08-18
ORD003183,CUST00692,PROD00002,14,0.1,2024-02-26
ORD000495,CUST00113,PROD00509,8,0.0,2023-10-30
ORD005200,CUST00299,PROD00322,8,,2022-08-16
ORD008380,CUST01010,PROD00039,2,0.0,2023-06-16
ORD004852,CUST00413,PROD00509,1,0.0,2024-08-16
ORD002861,CUST00451,PROD00453,9,0.05,2023-11-19
ORD007039,CUST00351,PROD00397,8,0.1,2024-11-20
ORD004042,CUST00124,PROD00457,3,0.15,2022-04-08
ORD008279,CUST00510,PROD00323,4,0.2,2023-03-29
ORD002898,CUST00840,PROD00381,7,0.2,2022-07-28
ORD000367,CUST00594,PROD00496,9,0.3,2024-11-22
ORD000850,CUST00227,PROD00296,14,0.05,2022-10-11
ORD010073,CUST00554,PROD00480,1,0.05,2023-10-17
ORD007932,CUST00556,PROD00236,3,0.05,2024-12-14
ORD010199,CUST00617,PROD00379,9,0.15,2022-04-27
ORD007252,CUST00139,PROD00187,8,0.15,2022-03-01
ORD002654,CUST00038,PROD00305,8,0.15,2022-07-29
ORD003504,CUST00523,PROD00300,10,0.0,2024-02-24
ORD001542,CUST00414,PROD00424,11,0.1,2024-09-29
ORD006758,CUST00516,PROD00046,12,0.0,2024-10-24
ORD009555,CUST00276,PROD00486,8,0.05,2023-03-29
ORD000323,CUST00914,PROD00465,5,0.1,2023-01-07
ORD002032,CUST00092,PROD00164,10,0.0,2024-07-09
ORD000814,CUST00521,PROD00128,7,0.15,2024-03-01
ORD002529,CUST00013,PROD00019,5,0.0,2024-08-30
ORD010096,CUST00134,PROD00302,3,0.15,2022-01-03
ORD005205,CUST00493,PROD00519,,0.15,2022-04-03
ORD009905,CUST00725,PROD00169,11,0.05,2023-04-03
ORD001080,CUST00143,PROD00094,5,0.0,2022-05-06
ORD002227,CUST99918,PROD00086,12,0.0,2023-12-17
ORD009841,CUST00991,PROD00277,7,0.05,2023-09-14
ORD006514,CUST00235,PROD00198,5,,2022-07-20
ORD002706,CUST00889,PROD00121,10,0.15,2024-01-03
ORD007955,CUST00697,PROD00466,4,0.25,2024-10-09
ORD007732,CUST00367,PROD00008,12,0.0,2024-07-18
ORD001165,CUST00109,PROD00454,10,0.1,2022-01-18
ORD003262,CUST00353,PROD00156,14,0.0,2024-04-24
ORD010005,CUST00447,PROD00354,4,0.15,2023-01-20
ORD001451,CUST01030,PROD00217,2,0.0,2022-09-21
ORD004230,CUST00576,PROD00086,8,0.0,2024-04-19
ORD003863,CUST00293,PROD00102,2,0.3,2023-01-28
ORD007110,CUST00760,PROD00352,,0.05,2022-11-27
ORD008023,CUST00046,PROD00320,4,0.05,2024-07-18
ORD003918,CUST00422,PROD00337,13,0.15,2022-02-02
ORD005707,CUST00883,PROD00011,7,0.1,2022-08-14
ORD008789,CUST00425,PROD00199,14,0.1,2022-01-29
ORD007554,CUST00105,PROD00472,8,0.05,2023-09-24
ORD010093,CUST99821,PROD00331,11,0.2,2023-08-15
ORD008537,CUST00153,PROD00187,10,0.15,2022-03-03
ORD004057,CUST00826,PROD00029,7,0.2,2023-10-22
ORD010241,CUST01001,PROD00143,6,0.05,2024-10-24
ORD003000,CUST00785,PROD00429,10,0.0,2023-11-07
ORD009879,CUST00610,PROD00418,7,0.05,2023-02-20
ORD001232,CUST01002,PROD00216,5,0.15,2023-03-13
ORD001515,CUST00389,PROD00066,8,0.1,2023-08-04
ORD002314,CUST01016,PROD00409,2,0.0,2022-04-07
ORD001452,CUST00940,PROD00346,5,0.1,2024-11-27
ORD005400,CUST00177,PROD00227,7,0.3,2023-12-23
ORD009966,CUST00371,PROD00373,9,0.0,2023-11-07
ORD010364,CUST00496,PROD00179,11,0.1,2024-03-20
ORD004322,CUST00679,PROD00511,8,0.15,2022-05-03
ORD006532,CUST00138,PROD00104,14,0.1,2024-06-04
ORD000839,CUST00846,PROD00486,8,0.15,2024-12-10
ORD008833,CUST00863,PROD00076,9,0.1,2022-06-03
ORD009787,CUST00451,PROD00471,12,0.05,2022-06-13
ORD007473,CUST00305,PROD00481,11,0.0,2024-08-29
ORD009151,CUST00293,PROD00229,6,0.15,2023-01-14
ORD003568,CUST00661,PROD00319,13,0.1,2023-07-30
ORD009977,CUST00322,PROD00392,13,0.0,2022-09-27
ORD003088,CUST00432,PROD00411,12,0.0,2024-08-02
ORD009836,CUST00416,PROD00296,2,0.2,2023-04-02
ORD006803,CUST00647,PROD00378,5,0.15,2023-07-04
ORD004693,CUST00019,PROD00232,13,0.15,2023-10-05
ORD001715,CUST00633,PROD00009,3,0.0,2022-04-21
ORD004271,CUST00805,PROD00370,7,0.15,2024-12-24
ORD000340,CUST00529,PROD00447,8,0.15,2023-08-05
ORD001113,CUST00508,PROD00476,13,0.0,2023-12-30
ORD006926,CUST00193,PROD00006,3,0.15,2023-04-22
ORD005973,CUST00334,PROD00441,2,0.0,2024-06-15
ORD008774,CUST00302,PROD00314,14,0.0,2022-06-10
ORD006454,CUST00253,PROD00099,3,0.25,2023-06-14
ORD000589,CUST00839,PROD00256,10,0.05,2024-12-10
ORD003366,CUST00615,PROD00236,6,,2024-04-11
ORD002671,CUST00501,PROD00201,12,0.05,2022-12-25
ORD003590,CUST01034,PROD00462,-3,0.0,2024-09-30
ORD000035,CUST00079,PROD00406,7,0.05,2022-11-24
ORD000029,CUST01004,PROD00438,11,,2022-06-29
ORD001881,CUST00464,PROD00020,13,0.0,2024-09-23
ORD005351,CUST00002,PROD00326,2,0.0,2024-01-10
ORD002171,CUST00539,PROD00192,7,0.0,2023-06-01
ORD005999,CUST00098,PROD00395,12,0.05,2022-12-22
ORD005441,CUST00013,PROD00097,12,0.1,2023-03-22
ORD000890,CUST00481,PROD00366,11,0.15,2024-10-18
ORD007573,CUST00963,PROD00229,1,0.0,2022-09-15
ORD003323,CUST00599,PROD00174,9,0.0,2024-06-06
ORD010117,CUST00134,PROD00428,3,0.2,2024-12-27
ORD003515,CUST00563,PROD00030,10,0.0,2023-07-09
ORD005158,CUST00340,PROD00297,1,0.0,2022-08-17
ORD010084,CUST00064,PROD00107,14,0.05,2024-11-19
ORD009374,CUST00293,PROD00159,14,0.0,2023-04-21
ORD003734,CUST00726,PROD00434,10,0.05,2024-07-13
ORD006616,CUST00811,PROD00347,12,0.0,2022-07-29
ORD010192,CUST00344,PROD00510,6,0.25,2023-09-14
ORD008217,CUST00476,PROD00409,4,0.05,2024-09-17
ORD004529,CUST00809,PROD00194,8,0.05,2023-06-04
ORD001655,CUST00677,PROD00375,13,0.0,2022-06-27
ORD006015,CUST00805,PROD00074,10,0.15,2022-06-18
ORD005873,CUST00329,PROD00381,7,0.0,2022-02-16
ORD000224,CUST00001,PROD00314,6,0.0,2023-09-03
ORD009291,CUST00293,PROD00164,13,0.05,2022-10-21
ORD005174,CUST00048,PROD00480,4,0.0,2022-10-17
ORD004240,CUST00182,PROD00017,13,0.0,2023-10-27
ORD001591,CUST00765,PROD00234,7,0.2,2024-10-18
ORD006970,CUST00085,PROD00218,10,0.0,2024-09-01
ORD003257,CUST00951,PROD00423,9,0.0,2023-04-10
ORD005392,CUST00246,PROD00013,,0.0,2022-09-09
ORD007232,CUST00786,PROD99658,13,0.0,2022-09-15
ORD002182,CUST00370,PROD00283,1,0.0,2024-10-16
ORD005841,CUST00533,PROD00003,1,0.25,2023-12-26
ORD007934,CUST00301,PROD00412,12,0.05,2024-02-05
ORD009542,CUST00181,PROD00032,9,0.1,2024-03-04
ORD007913,CUST00173,PROD99542,3,0.0,2023-07-20
ORD004818,CUST00260,PROD00294,10,0.1,2022-11-26
ORD005663,CUST00901,PROD00038,7,0.0,2023-04-15
ORD005272,CUST00513,PROD00411,14,0.0,2022-05-12
ORD001210,CUST00343,PROD00259,1,0.25,2023-09-25
ORD000422,CUST00617,PROD00349,4,0.0,2022-02-12
ORD009417,CUST00781,PROD00239,1,0.0,2023-10-12
ORD001707,CUST00455,PROD00169,1,0.25,2022-04-19
ORD001159,CUST00908,PROD00226,4,0.0,2024-06-01
ORD002307,CUST00748,PROD00385,5,0.1,2022-03-17
ORD000274,CUST00679,PROD00112,9,0.0,2022-10-27
ORD000172,CUST00210,PROD00183,1,0.1,2022-02-25
ORD003957,CUST00301,PROD00097,12,0.05,2024-03-07
ORD004866,CUST00713,PROD00043,3,0.15,2024-04-05
ORD008073,CUST00735,PROD00199,14,0.0,2022-05-12
ORD003189,CUST00732,PROD00329,2,0.1,2024-09-26
ORD001726,CUST00327,PROD00506,8,0.0,2024-04-22
ORD005016,CUST00109,PROD00250,12,0.0,2023-09-28
ORD006604,CUST00423,PROD00369,8,0.1,2023-09-17
ORD001565,CUST00957,PROD00280,5,0.1,2024-09-08
ORD001783,CUST00001,PROD00407,4,0.1,2022-06-03
ORD000844,CUST00670,PROD00220,2,0.15,2023-11-05
ORD010065,CUST00964,PROD00356,8,0.1,2023-07-08
ORD008113,CUST00377,PROD00487,10,0.1,2022-01-03
ORD000905,CUST00881,PROD00115,12,0.2,2022-03-06
ORD006890,CUST00932,PROD00401,5,0.05,2022-03-07
ORD010413,CUST00721,PROD00162,9,0.0,2022-11-23
ORD006316,CUST00460,PROD00211,3,0.0,2023-12-05
ORD001548,CUST00082,PROD00079,2,0.05,2023-03-23
ORD002081,CUST00460,PROD00031,,0.05,2023-03-10
ORD009956,CUST00796,PROD00150,1,0.05,2023-07-09
ORD003986,CUST00268,PROD00133,14,0.1,2024-08-25
ORD007444,CUST00671,PROD00121,9,0.0,2024-12-06
ORD006119,CUST00681,PROD00465,11,0.1,2022-03-30
ORD007214,CUST00433,PROD00403,6,0.0,2022-11-25
ORD007683,CUST00423,PROD00290,7,0.05,2022-04-10
ORD010385,CUST00626,PROD00320,5,0.05,2023-03-06
ORD010201,CUST00511,PROD00345,5,0.05,2022-03-23
ORD003821,CUST00092,PROD00254,8,0.15,2022-07-24
ORD002647,CUST01040,PROD00088,12,,2022-05-21
ORD005199,CUST00202,PROD00509,14,0.15,2024-08-09
ORD008269,CUST00711,PROD00519,7,0.0,2022-09-15
ORD005956,CUST00253,PROD00166,9,0.0,2023-01-08
ORD007632,CUST00566,PROD00312,11,0.2,2022-12-10
ORD008157,CUST01045,PROD00464,13,0.0,2023-12-18
ORD004351,CUST00238,PROD00408,4,0.0,2024-11-25
ORD007077,CUST00251,PROD00025,2,0.2,2024-04-13
ORD002156,CUST00932,PROD00454,11,0.1,2022-10-30
ORD008020,CUST00504,PROD00518,6,0.2,2023-12-31
ORD003716,CUST00747,PROD00332,4,0.0,2023-09-09
ORD004058,CUST00952,PROD00281,10,0.2,2023-08-30
ORD009126,CUST00746,PROD00344,1,0.2,2022-05-03
ORD010348,CUST00769,PROD00499,1,,2022-04-08
ORD008096,CUST00004,PROD00297,9,0.15,2022-05-22
ORD003103,CUST00206,PROD00427,1,0.0,2022-07-24
ORD000559,CUST00231,PROD00117,12,0.1,2023-01-23
ORD005381,CUST00758,PROD00111,10,,2024-06-13
ORD008459,CUST00327,PROD00429,14,0.0,2022-07-26
ORD001437,CUST00408,PROD00434,-3,0.05,2022-07-30
ORD000508,CUST00130,PROD00381,2,0.05,2023-12-26
ORD004473,CUST00828,PROD00513,6,0.05,2023-07-12
ORD001870,CUST01000,PROD00213,9,0.15,2024-10-22
ORD000756,CUST00614,PROD00315,10,0.2,2022-01-18
ORD009017,CUST00337,PROD00255,5,0.05,2022-04-20
ORD004051,CUST00615,PROD00435,4,0.2,2024-10-21
ORD001278,CUST00885,PROD00015,3,0.0,2022-06-28
ORD003837,CUST00635,PROD00512,3,0.0,2024-03-06
ORD004387,CUST00082,PROD00078,9,0.05,2023-09-01
ORD006780,CUST00341,PROD00417,3,0.0,2023-10-31
ORD002119,CUST00578,PROD00191,10,0.05,2022-05-13
ORD010256,CUST00984,PROD00300,8,0.05,2022-01-04
ORD008129,CUST00782,PROD00393,9,0.2,2023-05-07
ORD000502,CUST00686,PROD00233,13,0.0,2023-04-01
ORD005590,CUST00717,PROD00459,6,0.0,2023-05-29
ORD007635,CUST00870,PROD00481,8,0.25,2024-04-18
ORD005806,CUST00853,PROD00150,7,0.0,2024-02-28
ORD001540,CUST00163,PROD00181,1,0.05,2023-10-30
ORD009384,CUST00226,PROD00290,3,0.1,2023-10-21
ORD001212,CUST00560,PROD00045,2,0.2,2023-03-28
ORD009825,CUST00297,PROD00021,2,0.0,2024-11-10
ORD000673,CUST00644,PROD00039,9,0.0,2022-04-24
ORD008170,CUST00993,PROD00032,7,0.0,2023-08-22
ORD005050,CUST00756,PROD00019,9,0.0,2024-04-05
ORD003378,CUST01031,PROD00204,13,0.05,2023-09-19
ORD004477,CUST00778,PROD00024,14,0.25,2023-03-04
ORD009467,CUST00790,PROD00027,8,0.25,2023-06-26
ORD001465,CUST00376,PROD00073,2,0.05,2023-02-27
ORD004746,CUST00953,PROD00352,7,0.05,2024-08-22
ORD009616,CUST00715,PROD00378,14,0.1,2024-07-16
ORD001193,CUST01034,PROD00130,1,0.15,2024-06-30
ORD008984,CUST00460,PROD00354,9,0.1,2022-12-05
ORD001873,CUST00220,PROD00333,13,0.0,2023-08-11
ORD003591,CUST01047,PROD00370,1,0.05,2022-01-29
ORD008852,CUST00686,PROD00243,1,,2023-02-21
ORD008711,CUST00202,PROD00083,1,0.05,2023-11-23
ORD000506,CUST00548,PROD00349,4,0.05,2023-09-01
ORD000244,CUST00356,PROD00138,7,0.1,2024-12-15
ORD000507,CUST00867,PROD00106,6,0.0,2024-01-29
ORD008824,CUST00160,PROD99646,12,0.15,2024-10-30
ORD007815,CUST00683,PROD00175,4,0.05,2022-10-19
ORD008627,CUST00030,PROD00061,2,0.15,2024-08-29
ORD005852,CUST00893,PROD00326,1,0.2,2023-06-09
ORD006978,CUST00759,PROD00183,6,0.0,2024-03-12
ORD006093,CUST00177,PROD00433,8,0.05,2022-08-01
ORD001774,CUST00369,PROD00057,4,0.0,2023-09-30
ORD005993,CUST00388,PROD00268,9,0.2,2023-01-05
ORD006607,CUST00687,PROD00329,11,0.05,2023-01-16
ORD005728,CUST00925,PROD00455,9,0.0,2023-11-19
ORD008814,CUST00059,PROD00477,5,0.0,2022-06-03
ORD000798,CUST00114,PROD00403,5,0.1,2023-07-31
ORD003619,CUST00823,PROD00228,11,0.0,2022-05-31
ORD002382,CUST00349,PROD00208,14,0.3,2024-05-03
ORD002830,CUST00899,PROD00035,1,0.2,2023-11-14
ORD010036,CUST00137,PROD00436,8,0.05,2022-04-24
ORD009414,CUST00417,PROD00151,1,0.0,2023-01-05
ORD004634,CUST00878,PROD00090,5,,2022-04-11
ORD000313,CUST00559,PROD00223,7,0.0,2022-05-05
ORD000747,CUST00863,PROD00490,14,0.0,2022-04-23
ORD003570,CUST00705,PROD00088,2,0.1,2022-08-17
ORD000791,CUST00076,PROD00144,10,0.05,2024-08-06
ORD002477,CUST00566,PROD00349,2,0.15,2024-05-21
ORD010043,CUST00810,PROD00096,7,0.1,2022-03-14
ORD002571,CUST00325,PROD00360,3,0.1,2023-12-13
ORD006180,CUST01009,PROD00341,14,0.15,2022-03-15
ORD006086,CUST00765,PROD00034,7,0.2,2024-09-29
ORD004356,CUST00025,PROD00430,9,0.25,2024-12-09
ORD002164,CUST00288,PROD00246,5,0.1,2024-05-09
ORD007672,CUST00681,PROD00460,11,,2024-03-18
ORD007383,CUST00598,PROD00343,12,0.0,2024-01-20
ORD000381,CUST00115,PROD00012,11,0.05,2024-01-20
ORD007096,CUST00060,PROD00114,14,0.0,2022-01-31
ORD001293,CUST00604,PROD00512,12,0.05,2024-04-17
ORD001913,CUST00879,PROD99569,4,0.05,2022-02-06
ORD005334,CUST00904,PROD00119,10,0.0,2022-07-20
ORD000600,CUST00968,PROD00410,8,,2023-04-05
ORD003893,CUST00152,PROD00390,8,0.15,2023-06-02
ORD004142,CUST00081,PROD00108,10,0.2,2024-11-29
ORD001653,CUST00817,PROD00078,13,0.15,2022-07-22
ORD006202,CUST00741,PROD00155,3,,2023-04-17
ORD001894,CUST00982,PROD00338,2,0.2,2023-02-28
ORD001945,CUST00218,PROD00084,3,0.05,2022-10-25
ORD003396,CUST00352,PROD00443,11,0.0,2022-01-03
ORD006400,CUST00814,PROD00309,6,0.2,2023-05-17
ORD004363,CUST00439,PROD00298,11,0.0,2024-07-17
ORD008963,CUST00799,PROD00319,10,0.1,2024-11-02
ORD000376,CUST00489,PROD00026,8,0.1,2024-09-22
ORD001967,CUST01044,PROD00209,10,0.1,2024-07-30
ORD003958,CUST00199,PROD00436,4,0.2,2024-06-30
ORD009451,CUST00087,PROD00442,11,0.05,2022-02-12
ORD004424,CUST99193,PROD00493,8,0.0,2023-01-08
ORD001244,CUST00733,PROD00014,14,0.25,2024-12-28
ORD008697,CUST00620,PROD00436,9,0.1,2022-06-12
ORD006757,CUST00722,PROD00493,9,0.15,2024-03-08
ORD006952,CUST00219,PROD00370,13,0.0,2022-11-13
ORD006183,CUST00102,PROD00162,4,,2023-01-16
ORD001472,CUST00843,PROD00215,12,0.1,2023-10-30
ORD003347,CUST00556,PROD00355,2,0.15,2022-02-12
ORD004523,CUST00226,PROD00023,1,0.05,2024-07-11
ORD007290,CUST00849,PROD00506,10,0.1,2022-07-23
ORD002854,CUST00152,PROD00415,3,0.05,2023-06-21
ORD004507,CUST00208,PROD00230,10,0.2,2024-10-23
ORD009683,CUST00290,PROD00237,5,0.0,2024-03-26
ORD009570,CUST00047,PROD00222,9,,2023-03-29
ORD005225,CUST00836,PROD00415,11,0.0,2023-05-03
ORD004063,CUST00306,PROD00292,5,0.0,2024-08-01
ORD006419,CUST00730,PROD00029,2,0.1,2023-02-17
ORD008439,CUST00960,PROD00030,7,0.0,2024-04-16
ORD004307,CUST00691,PROD00495,10,0.0,2023-10-12
ORD010371,CUST00511,PROD00359,1,0.0,2022-02-25
ORD010352,CUST00421,PROD00350,12,0.1,2023-09-01
ORD006713,CUST00355,PROD00082,14,0.0,2023-08-14
ORD003991,CUST00554,PROD00449,11,0.2,2024-05-30
ORD001050,CUST00096,PROD00475,14,,2022-03-14
ORD007196,CUST00523,PROD00169,6,0.05,2023-01-16
ORD008642,CUST00902,PROD00369,14,0.15,2022-04-18
ORD008640,CUST00640,PROD00055,8,0.05,2024-10-06
ORD002036,CUST00875,PROD00213,2,0.05,2024-06-28
ORD004040,CUST00331,PROD00049,5,0.05,2023-04-11
ORD006114,CUST00181,PROD00176,8,0.0,2022-07-31
ORD010074,CUST00471,PROD00279,7,0.15,2024-01-03
ORD001973,CUST00933,PROD00194,14,0.1,2023-02-20
ORD005870,CUST00711,PROD00405,9,0.15,2024-08-08
ORD002100,CUST00023,PROD00425,14,0.0,2022-03-12
ORD001500,CUST00211,PROD00186,12,0.3,2023-05-31
ORD007262,CUST00441,PROD00021,9,0.0,2023-10-10
ORD000653,CUST00410,PROD00135,5,0.05,2024-09-14
ORD000171,CUST00032,PROD00501,13,0.05,2023-10-31
ORD004086,CUST00263,PROD00492,8,0.15,2024-09-15
ORD000243,CUST00892,PROD00083,13,0.05,2023-06-18
ORD006662,CUST00760,PROD00316,7,0.15,2022-06-17
ORD004372,CUST00741,PROD00518,4,0.0,2023-01-24
ORD008120,CUST00832,PROD00076,12,0.2,2024-08-28
ORD002757,CUST00053,PROD00298,13,0.0,2022-07-17
ORD008025,CUST00247,PROD00387,4,0.2,2023-12-31
ORD006750,CUST00852,PROD00196,7,,2024-01-08
ORD002077,CUST00716,PROD00097,1,0.0,2022-08-16
ORD004104,CUST00948,PROD00313,4,0.05,2023-07-16
ORD010294,CUST01046,PROD00144,9,0.0,2023-03-13
ORD007293,CUST00064,PROD00210,11,0.0,2022-09-29
ORD004802,CUST00609,PROD00229,2,0.0,2023-07-17
ORD009247,CUST00296,PROD00296,2,0.05,2022-05-24
ORD007449,CUST00542,PROD00451,7,0.15,2023-01-03
ORD006042,CUST00620,PROD00339,3,0.1,2023-03-27
ORD006830,CUST00537,PROD00392,1,0.3,2023-06-15
ORD005618,CUST00016,PROD00381,7,0.1,2022-01-28
ORD010094,CUST00212,PROD00223,4,0.1,2023-09-16
ORD005528,CUST00202,PROD00393,11,,2024-09-01
ORD006250,CUST00290,PROD00177,1,0.1,2023-07-10
ORD005232,CUST00577,PROD00427,13,0.05,2024-04-14
ORD008965,CUST01047,PROD00159,5,0.0,2023-11-16
ORD004662,CUST00482,PROD00077,2,0.1,2024-11-20
ORD004079,CUST01013,PROD00158,7,0.1,2022-07-09
ORD009097,CUST01023,PROD00511,3,0.0,2024-01-27
ORD000641,CUST00630,PROD00354,0,0.15,2022-01-12
ORD001271,CUST99199,PROD00370,12,0.05,2022-06-11
ORD002779,CUST00721,PROD00373,8,0.0,2023-08-19
ORD006144,CUST00746,PROD00119,1,,2023-09-30
ORD004933,CUST00944,PROD00375,10,0.15,2023-04-22
ORD001986,CUST00756,PROD00446,6,0.0,2022-11-03
ORD003862,CUST00760,PROD00237,10,0.0,2024-12-14
ORD003481,CUST00714,PROD00037,2,0.0,2023-04-05
ORD001535,CUST00920,PROD00135,1,0.0,2023-03-22
ORD000326,CUST00189,PROD00197,13,0.15,2023-04-27
ORD002339,CUST00674,PROD00090,1,0.3,2024-11-13
ORD003981,CUST00539,PROD00013,7,0.0,2024-08-25
ORD008017,CUST00075,PROD00508,5,,2022-05-08
ORD006885,CUST00418,PROD00408,9,0.15,2022-12-05
ORD004055,CUST00723,PROD00124,10,0.0,2022-05-09
ORD002238,CUST00204,PROD00358,5,0.15,2024-11-28
ORD008232,CUST00595,PROD00203,5,0.3,2023-06-06
ORD004572,CUST00253,PROD00147,14,0.15,2023-01-19
ORD010411,CUST00023,PROD00476,13,0.15,2024-05-23
ORD010282,CUST00741,PROD00164,6,0.0,2024-11-06
ORD000865,CUST00306,PROD00022,9,0.1,2023-02-02
ORD009230,CUST00378,PROD00470,10,0.15,2023-08-20
ORD004943,CUST00861,PROD00010,10,0.05,2023-03-06
ORD006436,CUST00271,PROD00239,3,0.0,2024-01-19
ORD006071,CUST00102,PROD00188,8,,2023-03-01
ORD000372,CUST00736,PROD00467,2,,2024-09-10
ORD007339,CUST00707,PROD00145,11,0.15,2022-11-11
ORD006484,CUST00325,PROD00334,12,0.05,2022-11-30
ORD009101,CUST00311,PROD00512,2,,2023-07-28
ORD005518,CUST00899,PROD00406,3,0.0,2022-12-21
ORD006877,CUST00816,PROD00063,11,0.0,2024-09-06
ORD010001,CUST00751,PROD00220,2,0.0,2024-04-20
ORD006467,CUST00722,PROD00462,5,0.25,2023-03-08
ORD002365,CUST00642,PROD00016,1,0.15,2022-10-10
ORD003214,CUST00094,PROD00266,6,0.0,2024-08-28
ORD000912,CUST00902,PROD00156,10,0.0,2024-10-06
ORD009745,CUST00404,PROD00421,9,0.05,2022-06-12
ORD009391,CUST00950,PROD00386,14,0.1,2023-06-28
ORD003790,CUST00797,PROD00509,6,0.05,2024-10-17
ORD007619,CUST00153,PROD00424,7,0.05,2023-06-14
ORD009073,CUST00783,PROD00040,9,0.05,2023-02-06
ORD007627,CUST00502,PROD00427,,0.1,2022-06-18
ORD006931,CUST00892,PROD00482,2,0.25,2024-10-18
ORD005061,CUST00275,PROD00227,7,0.25,2023-12-29
ORD001424,CUST00066,PROD00463,9,0.1,2022-09-21
ORD009199,CUST00680,PROD00517,2,0.1,2024-10-02
ORD000480,CUST00186,PROD00382,9,0.1,2024-02-19
ORD000663,CUST00352,PROD00321,2,0.15,2022-01-18
ORD005228,CUST00295,PROD00343,12,0.0,2024-09-15
ORD009677,CUST00377,PROD00205,5,0.0,2024-04-26
ORD008762,CUST00601,PROD00111,7,0.0,2023-03-05
ORD002989,CUST00463,PROD00183,1,0.15,2023-11-29
ORD001120,CUST00914,PROD00423,3,0.2,2024-09-27
ORD002777,CUST00912,PROD00018,1,0.2,2022-08-23
ORD004536,CUST00075,PROD00394,6,0.0,2022-07-31
ORD008731,CUST00914,PROD00485,5,0.0,2023-01-10
ORD005838,CUST00809,PROD00312,11,0.05,2024-10-18
ORD007758,CUST00449,PROD00346,3,0.15,2024-01-19
ORD005964,CUST00273,PROD00092,10,0.0,2024-04-08
ORD004428,CUST00862,PROD00062,4,0.3,2022-10-11
ORD010077,CUST00481,PROD00191,14,0.0,2022-03-30
ORD005580,CUST00578,PROD00132,11,0.15,2022-12-10
ORD003982,CUST00887,PROD00099,,0.0,2022-03-14
ORD007404,CUST00501,PROD00397,3,0.2,2024-06-27
ORD002894,CUST00534,PROD00272,1,0.1,2024-12-26
ORD002670,CUST00090,PROD00276,8,0.05,2024-08-14
ORD003978,CUST00049,PROD00272,1,0.0,2023-11-03
ORD006148,CUST00683,PROD00513,10,0.0,2023-12-30
ORD000280,CUST00106,PROD00034,7,0.05,2023-12-09
ORD008516,CUST00827,PROD00417,6,0.15,2024-09-12
ORD008981,CUST00694,PROD00034,1,0.1,2024-03-02
ORD007111,CUST01005,PROD00324,5,0.0,2024-08-31
ORD009399,CUST00396,PROD00338,3,0.05,2023-05-31
ORD006752,CUST00152,PROD00029,10,0.1,2022-12-20
ORD001695,CUST00458,PROD00372,2,0.25,2024-06-26
ORD009602,CUST00092,PROD00520,11,0.0,2023-04-25
ORD005019,CUST00035,PROD00162,8,0.2,2024-02-04
ORD003480,CUST00081,PROD00274,10,0.15,2023-04-01
ORD004417,CUST00803,PROD00105,13,0.0,2022-04-01
ORD010025,CUST00682,PROD00402,6,0.0,2024-05-20
ORD004156,CUST00535,PROD00332,1,0.05,2023-02-23
ORD004884,CUST00007,PROD00482,13,0.15,2023-04-03
ORD007223,CUST00719,PROD00254,14,0.1,2022-06-05
ORD006224,CUST00377,PROD00318,11,0.0,2022-12-03
ORD009285,CUST00698,PROD00017,12,0.05,2022-06-24
ORD008604,CUST00611,PROD00183,11,0.3,2023-07-31
ORD004297,CUST00970,PROD00344,3,0.0,2022-10-01
ORD005362,CUST00550,PROD00224,7,0.0,2022-02-24
ORD004684,CUST00377,PROD00289,8,0.15,2022-09-17
ORD008763,CUST00475,PROD00387,4,0.0,2024-06-28
ORD002210,CUST00797,PROD00093,11,0.25,2022-06-21
ORD009155,CUST00319,PROD00466,2,0.1,2022-04-07
ORD006828,CUST00018,PROD00154,5,0.15,2023-04-07
ORD004564,CUST00208,PROD00381,3,0.1,2023-01-29
ORD000185,CUST00406,PROD00060,11,0.0,2023-08-27
ORD005604,CUST00320,PROD00037,1,0.1,2022-01-26
ORD005658,CUST01017,PROD00168,13,0.15,2024-11-02
ORD004517,CUST00343,PROD00207,6,0.0,2022-08-16
ORD002351,CUST00255,PROD00077,5,0.05,2024-09-25
ORD000554,CUST01040,PROD00087,7,0.0,2023-04-15
ORD001398,CUST00675,PROD00057,3,0.1,2023-03-07
ORD001385,CUST00689,PROD00383,9,0.15,2023-07-10
ORD001374,CUST00822,PROD00408,3,0.1,2022-04-07
ORD005910,CUST00253,PROD00394,11,0.2,2024-06-27
ORD004904,CUST00149,PROD00139,4,0.1,2023-07-17
ORD000298,CUST00343,PROD00144,9,0.1,2023-12-01
ORD000444,CUST00201,PROD00496,10,,2023-12-16
ORD006729,CUST00534,PROD00105,14,0.2,2022-09-27
ORD005216,CUST00154,PROD00395,,0.05,2022-03-08
ORD008370,CUST00695,PROD00109,2,0.15,2024-03-30
ORD002078,CUST00286,PROD00384,1,0.0,2024-04-17
ORD004752,CUST00513,PROD00413,5,0.1,2024-06-14
ORD008619,CUST00225,PROD00435,8,0.1,2023-07-08
ORD002230,CUST00721,PROD00200,14,0.15,2022-05-14
ORD002843,CUST00259,PROD00065,9,0.0,2022-01-07
ORD002538,CUST00296,PROD00470,9,0.05,2023-04-10
ORD007294,CUST99476,PROD00457,10,0.25,2022-04-30
ORD008944,CUST00819,PROD00150,10,0.2,2024-04-26
ORD007507,CUST00730,PROD00285,13,0.05,2023-02-03
ORD003368,CUST00229,PROD00365,6,0.15,2023-10-04
ORD009000,CUST00048,PROD00391,14,0.0,2022-01-31
ORD002579,CUST00140,PROD00454,3,0.05,2024-11-03
ORD001132,CUST00322,PROD00050,2,,2023-11-28
ORD005624,CUST00632,PROD00096,7,0.0,2023-10-31
ORD008346,CUST00770,PROD00258,4,0.2,2022-08-22
ORD000321,CUST00140,PROD00013,5,0.15,2022-07-24
ORD001372,CUST00990,PROD00435,7,0.0,2024-05-23
ORD004043,CUST00881,PROD00328,9,0.05,2024-10-24
ORD005373,CUST00337,PROD00153,13,0.1,2022-08-26
ORD006007,CUST00828,PROD00136,5,0.0,2024-06-09
ORD000908,CUST00893,PROD00466,2,,2023-10-01
ORD006949,CUST00497,PROD00353,5,0.25,2022-03-31
ORD003951,CUST00312,PROD00043,1,0.0,2022-09-30
ORD005502,CUST00484,PROD00290,2,0.1,2024-09-15
ORD009576,CUST00683,PROD00061,4,0.15,2022-07-31
ORD010337,CUST00385,PROD00478,9,0.05,2023-11-26
ORD005810,CUST00260,PROD00481,13,0.05,2022-04-09
ORD008067,CUST00423,PROD00291,6,0.05,2024-02-20
ORD008398,CUST00108,PROD00027,6,0.05,2024-10-08
ORD009048,CUST00544,PROD00112,6,0.25,2022-04-26
ORD000927,CUST00009,PROD00104,6,0.3,2023-05-18
ORD008732,CUST99498,PROD00047,4,0.05,2022-07-18
ORD000016,CUST00473,PROD00299,5,0.1,2024-09-03
ORD000144,CUST00557,PROD00413,13,0.0,2022-12-03
ORD002364,CUST00709,PROD00083,5,0.1,2022-02-25
ORD000130,CUST00115,PROD00345,7,0.0,2022-11-16
ORD001162,CUST00633,PROD00374,14,0.25,2023-05-01
ORD006848,CUST00375,PROD00257,12,0.1,2024-10-25
ORD008750,CUST00407,PROD00404,9,0.1,2024-10-09
ORD009982,CUST00984,PROD00051,4,0.05,2022-11-07
ORD005883,CUST00205,PROD00027,9,0.0,2023-11-18
ORD005538,CUST00763,PROD00070,12,0.05,2024-11-28
ORD001877,CUST00405,PROD00370,9,0.2,2022-06-29
ORD002489,CUST00604,PROD00259,14,0.1,2024-05-26
ORD005546,CUST00137,PROD00067,8,0.1,2024-11-07
ORD004480,CUST00133,PROD00063,8,0.0,2023-04-21
ORD001183,CUST00835,PROD00385,13,0.0,2023-09-30
ORD007146,CUST00766,PROD00445,6,0.05,2023-12-23
ORD006330,CUST00860,PROD00153,14,0.1,2024-10-21
ORD001171,CUST00503,PROD00479,14,0.1,2023-11-17
ORD009568,CUST00794,PROD00014,3,0.2,2024-01-18
ORD002183,CUST00813,PROD00126,3,0.05,2023-12-02
ORD010367,CUST00644,PROD00213,11,0.2,2024-04-07
ORD003372,CUST00516,PROD00244,13,0.05,2024-09-23
ORD008741,CUST00574,PROD00007,12,0.1,2024-10-17
ORD001860,CUST00866,PROD00435,1,0.0,2023-11-21
ORD007813,CUST00186,PROD00159,1,0.0,2024-11-25
ORD005574,CUST00395,PROD00362,11,0.1,2022-01-24
ORD006195,CUST00615,PROD00302,6,,2024-01-04
ORD004846,CUST00700,PROD00073,12,0.2,2022-03-19
ORD005679,CUST99670,PROD00139,,0.1,2022-04-16
ORD003589,CUST00170,PROD00091,8,0.0,2023-02-06
ORD006568,CUST01050,PROD00261,8,0.05,2022-04-01
ORD003122,CUST00111,PROD00092,8,0.1,2023-10-12
ORD000388,CUST01002,PROD00468,10,0.2,2022-08-17
ORD001312,CUST00299,PROD00069,8,0.0,2024-06-15
ORD001033,CUST00332,PROD00007,1,0.0,2024-07-07
ORD010039,CUST00218,PROD00332,9,0.0,2023-10-14
ORD005199,CUST00202,PROD00509,14,0.15,2024-08-09
ORD004937,CUST00614,PROD00238,9,0.0,2023-01-17
ORD000932,CUST00250,PROD00348,4,0.0,2023-06-06
ORD004020,CUST00431,PROD00186,1,0.1,2023-03-10
ORD000692,CUST00346,PROD00013,2,0.1,2022-05-26
ORD007260,CUST01014,PROD00029,12,0.15,2024-04-11
ORD007767,CUST00882,PROD00460,1,0.05,2023-11-21
ORD000830,CUST00796,PROD00370,1,0.05,2022-03-15
ORD003499,CUST01002,PROD00319,11,0.0,2024-03-12
ORD002082,CUST00283,PROD00012,6,0.25,2022-10-17
ORD009601,CUST00635,PROD00369,8,0.05,2022-12-02
ORD010165,CUST00175,PROD00388,10,0.25,2023-10-30
ORD000045,CUST00866,PROD00051,1,0.0,2022-01-26
ORD003940,CUST00109,PROD00493,13,0.1,2024-03-19
ORD006146,CUST00375,PROD00080,10,0.0,2023-03-21
ORD009016,CUST00296,PROD00310,9,,2024-08-27
ORD004320,CUST00926,PROD00486,12,0.2,2024-10-21
ORD002966,CUST00233,PROD00130,8,0.0,2024-03-16
ORD003970,CUST00404,PROD00290,11,0.0,2024-01-03
ORD001188,CUST00846,PROD00233,13,,2022-09-09
ORD009651,CUST00666,PROD00316,11,,2024-10-15
ORD008770,CUST00427,PROD00265,10,0.3,2023-10-22
ORD000285,CUST00570,PROD00462,14,0.0,2024-05-29
ORD010349,CUST00227,PROD00070,6,0.0,2023-09-06
ORD004160,CUST00087,PROD00241,4,0.15,2023-08-25
ORD003093,CUST00432,PROD00115,10,0.05,2024-02-24
ORD008270,CUST00721,PROD00466,,0.05,2023-09-30
ORD004557,CUST00888,PROD00060,13,0.0,2023-08-11
ORD005350,CUST00652,PROD00445,13,0.0,2024-05-27
ORD004324,CUST00158,PROD00195,13,0.05,2022-06-18
ORD008733,CUST00208,PROD00180,4,0.2,2022-04-27
ORD006222,CUST00778,PROD00001,8,0.05,2023-03-13
ORD003365,CUST00441,PROD00351,1,0.0,2023-01-19
ORD001405,CUST00025,PROD00055,5,0.15,2022-11-15
ORD003196,CUST00500,PROD00095,7,0.0,2023-05-21
ORD008557,CUST00410,PROD00468,4,0.05,2023-06-16
ORD000970,CUST00876,PROD00128,5,0.0,2024-01-06
ORD003735,CUST00566,PROD00358,14,0.05,2024-05-09
ORD000926,CUST00435,PROD00375,7,0.05,2022-08-30
ORD010226,CUST00501,PROD00238,11,0.1,2022-02-02
ORD007516,CUST00950,PROD00255,9,0.0,2024-04-08
ORD004726,CUST00481,PROD00081,1,0.0,2023-01-01
ORD006573,CUST00049,PROD00103,11,0.1,2022-08-02
ORD002852,CUST00670,PROD00095,1,0.05,2023-12-31
ORD008892,CUST00845,PROD00044,2,0.05,2022-02-27
ORD008280,CUST00240,PROD00428,9,0.05,2023-11-21
ORD007150,CUST00025,PROD00402,8,0.0,2023-11-10
ORD009554,CUST00063,PROD00134,6,0.05,2024-04-01
ORD008618,CUST00314,PROD00065,8,0.2,2024-03-12
ORD004472,CUST00774,PROD00090,14,0.1,2024-05-14
ORD006011,CUST00153,PROD00516,,,2023-06-17
ORD004349,CUST00979,PROD00061,11,0.0,2024-03-10
ORD009674,CUST00081,PROD00024,9,0.1,2024-03-05
ORD008666,CUST00373,PROD00496,10,,2023-04-18
ORD003627,CUST00256,PROD00223,1,0.0,2023-07-17
ORD001790,CUST00203,PROD00010,5,0.1,2022-03-13
ORD008930,CUST00057,PROD00466,8,0.05,2022-05-10
ORD002060,CUST00662,PROD00502,6,0.05,2023-06-09
ORD008099,CUST00320,PROD00456,10,0.0,2024-09-13
ORD005515,CUST01021,PROD00443,7,0.0,2022-01-02
ORD004014,CUST00217,PROD00115,9,0.05,2022-12-11
ORD001903,CUST99700,PROD00314,10,0.0,2024-09-18
ORD004687,CUST00998,PROD00111,4,0.1,2023-12-17
ORD006513,CUST00502,PROD00062,11,0.1,2022-01-30
ORD004923,CUST99713,PROD00098,4,0.1,2024-01-25
ORD008066,CUST00598,PROD00491,11,0.15,2024-04-02
ORD000076,CUST00975,PROD00021,5,0.0,2024-11-20
ORD002346,CUST00892,PROD00127,1,0.0,2023-03-12
ORD006659,CUST00671,PROD00490,8,0.0,2022-06-29
ORD000431,CUST00328,PROD00031,6,0.0,2022-07-19
ORD004587,CUST00523,PROD00055,9,0.3,2024-06-17
ORD005770,CUST00693,PROD00467,2,0.05,2023-10-30
ORD005885,CUST00515,PROD00459,11,0.1,2022-08-22
ORD006228,CUST00307,PROD00008,3,0.0,2023-04-29
ORD009558,CUST00934,PROD00069,7,0.15,2024-08-11
ORD008278,CUST00804,PROD00054,14,0.0,2023-11-12
ORD001554,CUST00509,PROD00306,9,,2024-02-16
ORD000241,CUST00808,PROD00103,1,0.2,2024-10-19
ORD000784,CUST00588,PROD00223,10,0.05,2022-05-20
ORD003067,CUST00949,PROD00067,12,0.3,2023-12-28
ORD000978,CUST00948,PROD00140,4,0.1,2023-05-17
ORD004906,CUST00453,PROD00160,2,0.05,2023-07-27
ORD002942,CUST00476,PROD00358,13,0.25,2024-08-30
ORD006282,CUST00637,PROD00439,12,0.0,2022-09-23
ORD005921,CUST01007,PROD00100,6,0.05,2024-06-21
ORD006327,CUST00793,PROD00126,4,0.05,2022-01-27
ORD001621,CUST00551,PROD00293,14,0.0,2022-08-21
ORD002147,CUST00269,PROD00506,12,0.0,2024-05-29
ORD001802,CUST00145,PROD00006,4,0.05,2022-02-10
ORD002096,CUST00028,PROD00391,14,0.1,2022-10-29
ORD007601,CUST00747,PROD00109,6,0.25,2023-04-10
ORD006130,CUST00880,PROD00059,14,0.15,2022-12-20
ORD001358,CUST00880,PROD00491,1,0.05,2023-01-18
ORD008754,CUST00897,PROD00357,10,0.05,2022-06-15
ORD007488,CUST00838,PROD00312,1,,2023-06-23
ORD009007,CUST00040,PROD00064,5,0.05,2023-02-11
ORD005585,CUST00669,PROD00066,6,0.05,2024-08-07
ORD007016,CUST00630,PROD00440,7,0.1,2022-09-04
ORD001286,CUST00176,PROD00362,2,0.0,2022-09-14
ORD009450,CUST01036,PROD00407,6,0.15,2023-02-27
ORD008090,CUST00556,PROD00318,11,0.05,2023-06-19
ORD001610,CUST99789,PROD00043,7,0.1,2023-01-16
ORD003097,CUST00957,PROD00378,13,0.15,2024-12-03
ORD007594,CUST00788,PROD00205,10,0.1,2023-11-17
ORD002416,CUST00243,PROD00126,10,0.0,2024-04-27
ORD002018,CUST00226,PROD00151,9,0.0,2023-08-16
ORD008400,CUST00481,PROD00048,4,0.05,2023-12-25
ORD004126,CUST00953,PROD00343,9,0.0,2022-02-14
ORD005376,CUST00990,PROD00145,13,0.25,2022-07-02
ORD002110,CUST00449,PROD00055,3,0.1,2022-02-25
ORD010319,CUST00924,PROD00219,6,0.0,2023-06-01
ORD003247,CUST00227,PROD00106,11,0.0,2023-05-30
ORD000125,CUST00073,PROD00074,1,0.1,2022-12-01
ORD007485,CUST00267,PROD00356,5,0.1,2024-05-14
ORD010056,CUST00952,PROD00431,,0.0,2023-03-09
ORD007128,CUST00328,PROD00259,14,0.0,2024-03-01
ORD000841,CUST00206,PROD00484,,0.1,2023-11-10
ORD009863,CUST00166,PROD00117,4,0.15,2022-03-18
ORD003342,CUST00025,PROD00004,7,,2022-08-08
ORD000599,CUST00615,PROD00314,2,0.05,2024-10-26
ORD002124,CUST00067,PROD00401,4,0.05,2024-08-14
ORD008489,CUST01037,PROD00500,11,0.2,2022-07-18
ORD008922,CUST00512,PROD00239,4,0.1,2023-09-10
ORD008201,CUST00301,PROD00321,1,0.1,2024-08-17
ORD010404,CUST01023,PROD00049,10,0.15,2022-12-27
ORD002198,CUST00142,PROD99834,5,0.25,2023-10-15
ORD004052,CUST00642,PROD00488,5,,2023-08-04
ORD007059,CUST00593,PROD00355,5,0.0,2023-01-01
ORD003363,CUST00239,PROD00102,5,0.1,2022-11-09
ORD003101,CUST00017,PROD00109,14,0.1,2022-11-26
ORD000726,CUST00963,PROD00220,-1,0.15,2023-03-19
ORD009010,CUST00242,PROD00311,9,0.05,2024-06-13
ORD000979,CUST00374,PROD00022,7,0.15,2023-03-24
ORD000809,CUST00799,PROD00255,5,0.0,2024-02-20
ORD004793,CUST00191,PROD00016,1,,2023-03-11
ORD001476,CUST00668,PROD00041,9,0.05,2023-01-09
ORD008006,CUST00609,PROD00486,10,0.2,2023-11-24
ORD004907,CUST00448,PROD00455,5,0.05,2022-12-14
ORD006916,CUST00859,PROD00247,3,0.2,2024-11-05
ORD009734,CUST00448,PROD00485,10,0.0,2022-08-15
ORD004931,CUST00402,PROD00430,14,0.0,2024-11-26
ORD004543,CUST00302,PROD00186,3,0.15,2023-03-08
ORD003963,CUST00373,PROD00331,14,0.0,2023-10-14
ORD007482,CUST00857,PROD00061,3,0.1,2022-06-14
ORD010276,CUST00881,PROD00200,13,0.05,2023-09-17
ORD001236,CUST00723,PROD00398,4,0.1,2023-02-18
ORD001226,CUST00942,PROD00229,9,0.05,2023-07-25
ORD001765,CUST00889,PROD00508,1,0.0,2023-01-11
ORD007308,CUST00246,PROD00129,6,0.0,2024-05-07
ORD009957,CUST00794,PROD00146,2,0.0,2022-09-11
ORD010222,CUST00442,PROD00477,3,0.0,2024-01-17
ORD007966,CUST00708,PROD00227,3,0.15,2023-10-02
ORD003218,CUST99424,PROD00079,9,0.2,2022-04-16
ORD000288,CUST99114,PROD00103,,0.0,2023-04-26
ORD005862,CUST00497,PROD00037,13,0.3,2022-09-12
ORD002967,CUST00869,PROD00255,,0.25,2023-01-25
ORD003165,CUST00024,PROD00193,3,,2023-07-21
ORD006996,CUST00556,PROD00287,6,0.0,2024-03-27
ORD010149,CUST00964,PROD00109,7,0.05,2024-12-01
ORD001658,CUST00285,PROD00470,11,0.05,2024-05-03
ORD001976,CUST00550,PROD00022,6,0.05,2023-02-05
ORD002398,CUST00789,PROD00074,5,0.05,2024-10-02
ORD000453,CUST00553,PROD00241,4,0.0,2023-07-06
ORD002711,CUST00533,PROD00150,2,0.2,2024-11-17
ORD009570,CUST00047,PROD00222,9,,2023-03-29
ORD003682,CUST00415,PROD00170,4,0.05,2024-12-18
ORD000423,CUST00010,PROD00120,8,,2022-10-22
ORD007054,CUST00610,PROD00454,2,0.15,2024-03-22
ORD005317,CUST00550,PROD00139,8,,2022-07-21
ORD000658,CUST01026,PROD00374,14,0.0,2022-12-17
ORD003302,CUST00229,PROD00138,8,0.0,2024-11-13
ORD008216,CUST00375,PROD00296,9,,2024-06-27
ORD002846,CUST00886,PROD00461,4,0.05,2022-09-19
ORD008638,CUST00575,PROD00276,7,0.0,2023-09-12
ORD008456,CUST00383,PROD00440,11,0.15,2022-11-03
ORD005245,CUST00400,PROD00433,10,0.05,2023-09-10
ORD001002,CUST00893,PROD00329,12,0.05,2022-06-09
ORD004199,CUST00339,PROD00264,2,0.15,2023-10-31
ORD002419,CUST01029,PROD00462,12,0.1,2023-11-15
ORD000876,CUST00580,PROD00005,2,0.1,2022-08-05
ORD006178,CUST00696,PROD00012,5,0.05,2023-06-22
ORD003848,CUST01001,PROD00164,11,0.0,2022-07-14
ORD000962,CUST00700,PROD00198,2,0.0,2022-11-15
ORD001581,CUST00360,PROD00140,8,0.0,2024-07-28
ORD006087,CUST99067,PROD00492,9,0.05,2023-06-23
ORD002207,CUST00987,PROD00477,9,0.2,2023-09-14
ORD007357,CUST00473,PROD00386,14,0.15,2022-04-22
ORD006856,CUST00833,PROD00164,13,0.15,2024-11-07
ORD002871,CUST00539,PROD00335,8,0.0,2023-02-15
ORD004232,CUST00548,PROD00444,4,0.3,2024-12-04
ORD000758,CUST00155,PROD00504,12,0.0,2022-07-12
ORD004867,CUST00460,PROD00362,11,0.25,2022-07-25
ORD005407,CUST00440,PROD00141,1,0.15,2022-02-15
ORD005314,CUST00285,PROD00067,11,0.15,2023-06-12
ORD002285,CUST00212,PROD00514,3,0.05,2023-10-30
ORD007772,CUST00421,PROD00059,4,0.05,2023-06-17
ORD005548,CUST00192,PROD00178,7,0.15,2022-02-13
ORD005310,CUST00917,PROD00401,6,,2022-03-22
ORD004828,CUST00843,PROD00508,1,0.0,2023-04-14
ORD005897,CUST00337,PROD00122,2,0.0,2024-10-26
ORD000808,CUST00642,PROD00125,13,0.0,2022-08-18
ORD006910,CUST00546,PROD00205,7,0.3,2024-09-25
ORD009700,CUST00354,PROD00145,11,0.05,2022-08-31
ORD001957,CUST00919,PROD00349,12,0.0,2022-05-05
ORD002446,CUST00043,PROD00121,5,0.0,2022-08-23
ORD009622,CUST00715,PROD00080,4,0.0,2024-02-02
ORD008807,CUST00523,PROD00177,10,0.2,2024-01-18
ORD007149,CUST00952,PROD99611,4,0.0,2024-03-18
ORD008804,CUST00615,PROD00315,12,0.0,2024-04-27
ORD002403,CUST00217,PROD00098,10,0.0,2024-03-01
ORD010306,CUST00566,PROD00269,8,0.25,2023-09-19
ORD001074,CUST00283,PROD00072,6,0.1,2023-04-09
ORD007650,CUST99302,PROD00502,13,0.0,2023-12-09
ORD004241,CUST00935,PROD00042,8,0.1,2024-08-21
ORD005437,CUST00264,PROD00134,12,0.25,2024-06-18
ORD009157,CUST00609,PROD00255,14,0.1,2022-10-03
ORD002092,CUST00374,PROD00092,12,0.15,2024-04-05
ORD004528,CUST01004,PROD00511,1,0.05,2023-09-07
ORD001699,CUST00238,PROD00293,6,0.0,2023-04-02
ORD010197,CUST01005,PROD00341,3,0.1,2024-10-07
ORD009036,CUST00717,PROD00191,7,0.1,2024-10-27
ORD008411,CUST00767,PROD00287,12,0.15,2022-07-27
ORD005513,CUST00041,PROD00103,10,0.0,2022-12-31
ORD007972,CUST00758,PROD00099,5,0.0,2024-05-19
ORD001004,CUST00950,PROD00321,4,0.1,2024-07-24
ORD009799,CUST00356,PROD00407,8,,2023-10-17
ORD007656,CUST00209,PROD00326,12,0.15,2022-05-08
ORD006204,CUST00998,PROD00506,7,0.0,2022-01-17
ORD004652,CUST00947,PROD00246,6,0.0,2022-07-24
ORD006211,CUST01026,PROD00117,4,0.05,2024-12-18
ORD001486,CUST00140,PROD00145,13,0.1,2022-09-19
ORD009940,CUST00592,PROD00407,10,0.0,2022-11-12
ORD005369,CUST00552,PROD00164,13,0.0,2023-03-10
ORD001412,CUST00176,PROD99049,8,0.2,2024-12-23
ORD010156,CUST00435,PROD00148,1,0.05,2022-12-20
ORD009056,CUST00098,PROD00056,7,0.05,2022-08-31
ORD000710,CUST01009,PROD00037,12,0.05,2023-01-24
ORD005750,CUST00727,PROD00096,9,0.1,2022-01-10
ORD003604,CUST00821,PROD00469,,0.0,2023-07-03
ORD000986,CUST00161,PROD00269,13,0.0,2024-12-08
ORD003077,CUST00365,PROD00202,8,0.0,2022-06-10
ORD006886,CUST00991,PROD00469,9,0.15,2022-12-25
ORD005078,CUST00662,PROD00259,8,0.05,2023-10-14
ORD004102,CUST00304,PROD00171,12,0.05,2023-06-10
ORD005970,CUST00359,PROD00428,6,0.2,2024-01-26
ORD002723,CUST00367,PROD00355,11,0.0,2023-01-11
ORD010080,CUST00205,PROD00492,14,0.0,2023-10-24
ORD001269,CUST00861,PROD00429,10,0.05,2023-07-18
ORD002463,CUST00617,PROD00268,1,0.15,2024-04-29
ORD006384,CUST00688,PROD00330,10,0.0,2023-11-15
ORD000269,CUST00160,PROD00228,3,0.2,2024-08-30
ORD003581,CUST00749,PROD00380,5,0.15,2023-11-08
ORD004751,CUST00388,PROD00256,3,0.15,2024-05-13
ORD006253,CUST00949,PROD00485,1,0.05,2024-07-18
ORD005768,CUST00311,PROD00162,9,0.15,2024-10-22
ORD006023,CUST00031,PROD00254,14,0.05,2023-10-27
ORD007701,CUST00528,PROD00001,1,0.2,2024-07-22
ORD002822,CUST00787,PROD00163,12,0.0,2023-12-29
ORD010377,CUST00922,PROD00077,2,0.1,2024-03-03
ORD000590,CUST00560,PROD00333,2,0.0,2024-05-01
ORD006941,CUST00937,PROD00336,7,0.0,2024-07-28
ORD009680,CUST01007,PROD99781,9,0.2,2024-08-26
ORD007840,CUST00469,PROD00126,9,0.05,2022-10-18
ORD007770,CUST00930,PROD00026,2,,2024-01-09
ORD008542,CUST99074,PROD00183,11,0.05,2024-07-16
ORD002038,CUST00463,PROD00483,13,0.0,2024-06-26
ORD008583,CUST00915,PROD00108,12,0.05,2022-11-03
ORD007345,CUST00187,PROD00006,9,0.05,2023-05-27
ORD006128,CUST00560,PROD00370,5,0.2,2024-02-19
ORD002029,CUST00317,PROD00223,7,0.05,2024-12-30
ORD007949,CUST00065,PROD00091,7,0.05,2024-01-21
ORD000678,CUST01012,PROD00513,9,0.0,2023-05-19
ORD006721,CUST00272,PROD00391,14,0.0,2022-12-19
ORD001233,CUST00167,PROD00454,14,0.0,2024-05-19
ORD005455,CUST00785,PROD00362,11,0.05,2023-05-30
ORD006192,CUST00065,PROD00101,2,0.25,2022-07-02
ORD008422,CUST00544,PROD00475,4,0.1,2023-10-29
ORD005875,CUST00603,PROD00460,4,0.0,2024-12-11
ORD004857,CUST00517,PROD00110,14,0.2,2022-02-15
ORD006368,CUST00577,PROD00074,11,2.0,2022-06-20
ORD002433,CUST00829,PROD00158,2,0.25,2023-07-07
ORD007364,CUST00413,PROD00351,3,0.05,2024-08-28
ORD005118,CUST00692,PROD00048,12,0.0,2024-11-18
ORD004451,CUST00553,PROD00322,8,0.0,2022-06-08
ORD007269,CUST00568,PROD00004,14,0.1,2022-12-21
ORD005900,CUST00110,PROD00448,9,0.0,2022-09-17
ORD000897,CUST00534,PROD00112,14,0.2,2022-03-06
ORD001612,CUST00165,PROD00346,5,0.15,2022-01-26
ORD007550,CUST00215,PROD00137,11,0.25,2023-04-20
ORD005887,CUST00013,PROD00299,1,0.05,2022-08-27
ORD008734,CUST00447,PROD00268,8,0.05,2023-04-18
ORD001720,CUST00683,PROD00515,6,0.1,2024-05-18
ORD003807,CUST00049,PROD00211,7,0.15,2022-11-19
ORD007019,CUST00667,PROD00399,13,0.0,2022-02-07
ORD006473,CUST99372,PROD99550,10,0.05,2022-09-02
ORD004702,CUST00081,PROD00317,2,0.15,2024-04-23
ORD003962,CUST00743,PROD00135,1,0.0,2024-07-26
ORD006331,CUST01027,PROD00165,8,,2023-09-14
ORD007953,CUST00878,PROD00075,3,0.1,2022-10-17
ORD005565,CUST00183,PROD00060,11,0.0,2023-12-09
ORD009536,CUST00312,PROD00377,2,0.05,2022-02-19
ORD000891,CUST00726,PROD00434,3,0.05,2023-02-04
ORD005834,CUST00092,PROD00453,2,0.0,2022-02-22
ORD009702,CUST00925,PROD00176,4,0.0,2024-03-20
ORD009462,CUST00211,PROD00145,13,0.0,2024-01-06
ORD006960,CUST00065,PROD99370,3,0.0,2024-07-19
ORD010346,CUST00622,PROD00281,7,0.0,2024-08-31
ORD008077,CUST00900,PROD00384,11,0.1,2024-06-16
ORD007929,CUST00725,PROD00008,2,0.05,2024-04-07
ORD002800,CUST00795,PROD00207,14,0.15,2023-01-23
ORD000585,CUST00177,PROD00057,3,0.1,2023-06-19
ORD003269,CUST00838,PROD00128,6,0.0,2022-02-06
ORD003933,CUST00406,PROD00432,14,0.2,2022-04-26
ORD004966,CUST01042,PROD00387,4,0.0,2023-03-25
ORD001261,CUST00930,PROD00338,2,0.0,2024-02-26
ORD006922,CUST00772,PROD99546,3,0.05,2023-10-12
ORD000311,CUST00725,PROD00492,13,0.05,2024-01-27
ORD001717,CUST00980,PROD00117,7,0.3,2023-10-12
ORD007448,CUST00355,PROD00024,9,0.15,2023-07-10
ORD008960,CUST00828,PROD00044,12,0.1,2022-02-19
ORD006860,CUST00041,PROD00011,7,0.0,2023-02-08
ORD004669,CUST00151,PROD00320,13,0.0,2023-01-10
ORD004299,CUST00201,PROD00412,14,0.3,2024-03-01
ORD003784,CUST00221,PROD00458,7,0.05,2022-04-25
ORD001009,CUST99460,PROD00440,7,0.05,2022-07-02
ORD008993,CUST00485,PROD00306,10,0.05,2022-04-22
ORD002186,CUST00996,PROD00347,7,0.0,2022-02-21
ORD003624,CUST00211,PROD00107,9,0.3,2024-06-07
ORD001524,CUST00756,PROD00072,1,0.2,2024-07-02
ORD007878,CUST00657,PROD00164,1,0.0,2023-11-22
ORD010416,CUST00413,PROD00179,8,0.15,2024-07-07
ORD007712,CUST00371,PROD99011,13,0.05,2024-02-12
ORD006474,CUST00455,PROD00425,14,0.3,2022-06-01
ORD004835,CUST00263,PROD00181,6,0.0,2023-01-30
ORD009497,CUST00258,PROD00367,13,0.0,2023-11-20
ORD004757,CUST00720,PROD00300,3,0.0,2022-02-08
ORD005925,CUST00341,PROD00189,6,0.0,2022-05-11
ORD000091,CUST00662,PROD00157,3,0.3,2023-08-27
ORD006962,CUST00081,PROD00274,6,0.1,2024-05-23
ORD007477,CUST00335,PROD00012,10,0.05,2023-11-22
ORD001327,CUST00215,PROD00492,3,0.1,2024-09-27
ORD010204,CUST00107,PROD00063,12,0.1,2023-09-04
ORD008668,CUST00178,PROD00046,12,0.0,2023-09-21
ORD002118,CUST00688,PROD00473,9,0.0,2023-11-01
ORD002938,CUST00036,PROD00080,9,0.0,2023-08-28
ORD007501,CUST00430,PROD00485,13,0.1,2024-12-16
ORD000984,CUST00543,PROD00229,2,0.2,2022-11-28
ORD008105,CUST00340,PROD00214,5,,2023-11-15
ORD007764,CUST00456,PROD00201,2,0.0,2023-07-11
ORD009266,CUST00973,PROD00461,14,0.05,2023-11-15
ORD002926,CUST00311,PROD00193,11,0.1,2023-12-29
ORD006290,CUST00319,PROD00511,2,0.05,2023-12-22
ORD003215,CUST00372,PROD00051,13,0.15,2022-01-04
ORD007511,CUST00567,PROD00348,6,0.0,2022-06-16
ORD008266,CUST00732,PROD00003,6,0.0,2023-03-08
ORD006422,CUST00915,PROD00330,,0.25,2024-02-14
ORD009363,CUST00842,PROD00427,13,0.0,2022-05-16
ORD008518,CUST00146,PROD00206,8,0.0,2022-12-12
ORD005719,CUST00230,PROD00504,5,0.15,2022-08-19
ORD000628,CUST00334,PROD00511,7,0.0,2022-05-07
ORD009446,CUST00392,PROD00121,2,0.0,2022-05-03
ORD004948,CUST00676,PROD00182,13,0.0,2022-10-09
ORD005081,CUST00172,PROD00512,2,0.0,2024-12-10
ORD004245,CUST00711,PROD00013,3,0.1,2022-12-26
ORD005984,CUST99235,PROD00139,11,0.05,2022-10-27
ORD004766,CUST01013,PROD00275,12,0.0,2023-05-04
ORD001602,CUST00506,PROD00482,6,0.0,2022-07-14
ORD010334,CUST00196,PROD00145,4,0.15,2024-12-05
ORD001270,CUST00648,PROD00272,14,,2023-08-20
ORD000129,CUST00848,PROD00480,8,0.2,2023-11-17
ORD006861,CUST00885,PROD00155,8,0.05,2022-10-28
ORD001712,CUST00302,PROD00259,13,0.15,2023-07-08
ORD004183,CUST01049,PROD00497,11,0.05,2023-07-22
ORD007533,CUST00823,PROD00266,11,0.0,2023-10-14
ORD004236,CUST00091,PROD00099,13,0.0,2022-12-24
ORD006062,CUST00271,PROD00074,14,0.05,2024-01-16
ORD002399,CUST00215,PROD00221,2,0.0,2024-12-29
ORD006350,CUST00389,PROD00013,14,0.0,2024-03-20
ORD007062,CUST00063,PROD00046,7,0.1,2024-05-28
ORD009067,CUST00535,PROD00282,13,,2022-03-10
ORD001187,CUST00203,PROD00520,3,0.0,2022-03-07
ORD008952,CUST00930,PROD00165,2,0.1,2022-02-23
ORD004903,CUST00845,PROD00140,8,0.05,2023-10-12
ORD010328,CUST00341,PROD00340,11,0.1,2022-06-20
ORD001978,CUST00488,PROD00063,3,0.15,2024-12-15
ORD005315,CUST00815,PROD00031,3,0.0,2024-04-07
ORD007969,CUST00524,PROD00060,1,0.1,2023-01-19
ORD004248,CUST00303,PROD00063,14,0.15,2024-04-09
ORD010115,CUST00786,PROD00311,2,0.1,2023-02-02
ORD000916,CUST00957,PROD00250,8,0.05,2023-11-03
ORD001306,CUST00986,PROD00189,13,0.0,2022-07-11
ORD009555,CUST00276,PROD00486,8,0.05,2023-03-29
ORD003050,CUST00569,PROD00512,14,0.25,2024-10-30
ORD010252,CUST00954,PROD00247,14,0.0,2024-11-05
ORD001274,CUST00868,PROD00111,4,0.0,2023-04-30
ORD008748,CUST00465,PROD00343,2,0.15,2024-07-05
ORD002797,CUST00884,PROD00203,9,0.05,2022-09-18
ORD001399,CUST00563,PROD00293,8,0.0,2023-10-14
ORD003359,CUST00500,PROD00336,11,0.0,2024-04-26
ORD000184,CUST00640,PROD00418,12,,2023-12-22
ORD005901,CUST00515,PROD00292,6,0.1,2023-06-24
ORD009656,CUST00984,PROD00422,12,0.05,2024-11-23
ORD007967,CUST00687,PROD00337,10,0.0,2023-07-27
ORD009529,CUST00817,PROD00138,3,0.25,2023-07-22
ORD007189,CUST00936,PROD99520,4,0.2,2024-09-03
ORD008138,CUST00320,PROD00209,2,0.0,2023-02-23
ORD004568,CUST00827,PROD00085,4,0.15,2024-09-02
ORD008272,CUST00151,PROD00264,13,0.1,2024-05-08
ORD008739,CUST00192,PROD00272,6,0.05,2024-07-02
ORD002657,CUST00881,PROD00255,4,0.2,2022-07-28
ORD010244,CUST00588,PROD00216,9,0.25,2023-05-11
ORD007996,CUST00537,PROD00220,14,0.05,2023-08-17
ORD001962,CUST00265,PROD00416,14,0.15,2024-12-12
ORD004993,CUST00599,PROD00231,2,0.05,2023-06-07
ORD004892,CUST00824,PROD00392,14,0.0,2024-04-15
ORD007437,CUST00931,PROD00286,12,0.15,2023-01-09
ORD010205,CUST00402,PROD00473,11,,2022-01-19
ORD008069,CUST00179,PROD99029,6,0.0,2022-06-26
ORD005699,CUST00546,PROD00420,13,0.1,2023-11-25
ORD007151,CUST00653,PROD00331,2,,2024-06-20
ORD001252,CUST01025,PROD00163,8,,2023-10-07
ORD003177,CUST00529,PROD00109,1,0.15,2022-02-09
ORD005073,CUST00254,PROD00384,10,0.0,2023-03-15
ORD003360,CUST00978,PROD00360,10,0.25,2023-09-02
ORD005850,CUST00891,PROD00460,5,0.05,2024-02-28
ORD006393,CUST00758,PROD00115,6,0.1,2023-09-01
ORD008371,CUST00410,PROD00198,6,0.2,2023-04-16
ORD007631,CUST99121,PROD00517,5,0.05,2023-02-25
ORD003290,CUST00963,PROD00162,1,0.05,2022-06-20
ORD009395,CUST00417,PROD00265,14,0.1,2024-07-19
ORD009403,CUST00912,PROD00269,7,0.0,2024-05-28
ORD003191,CUST00173,PROD00080,4,0.05,2022-11-27
ORD006595,CUST00952,PROD00311,10,0.0,2023-09-24
ORD008028,CUST00974,PROD99359,11,0.0,2022-05-19
ORD001052,CUST00214,PROD00374,1,0.1,2024-07-29
ORD004070,CUST00804,PROD00376,1,0.1,2023-07-26
ORD007021,CUST00669,PROD00489,5,0.1,2023-02-02
ORD010315,CUST00113,PROD00386,2,0.0,2024-01-03
ORD000273,CUST01050,PROD00440,7,0.0,2024-07-21
ORD002043,CUST00684,PROD00035,3,0.05,2022-05-19
ORD004764,CUST00138,PROD00284,4,0.05,2023-07-04
ORD005804,CUST00065,PROD00334,10,0.2,2022-12-11
ORD006074,CUST00109,PROD00145,7,0.1,2022-07-16
ORD008070,CUST00487,PROD00389,3,,2024-02-02
ORD001087,CUST00624,PROD00178,1,0.0,2023-07-20
ORD006773,CUST00401,PROD00483,5,0.05,2022-08-11
ORD007396,CUST00690,PROD00471,8,,2022-11-01
ORD006388,CUST00555,PROD00013,3,,2022-10-19
ORD007788,CUST00573,PROD00071,2,0.05,2023-08-13
ORD009544,CUST00028,PROD00277,13,0.25,2022-07-27
ORD004323,CUST00318,PROD00470,13,0.05,2022-10-21
ORD008093,CUST00518,PROD00119,13,0.3,2024-03-10
ORD008589,CUST00316,PROD00259,5,,2023-07-28
ORD009257,CUST00186,PROD99869,3,0.0,2022-05-28
ORD006522,CUST00790,PROD00338,9,0.1,2023-10-01
ORD008324,CUST00703,PROD00204,6,0.1,2024-01-06
ORD007200,CUST00663,PROD00021,6,0.2,2022-07-01
ORD004710,CUST00457,PROD00312,13,0.1,2022-01-11
ORD006608,CUST00715,PROD00332,12,0.0,2024-10-23
ORD009219,CUST00142,PROD00061,1,0.0,2023-03-25
ORD006577,CUST00582,PROD00446,7,0.05,2024-11-27
ORD007911,CUST00039,PROD00107,10,0.25,2022-09-05
ORD003479,CUST00372,PROD00225,6,0.05,2022-11-04
ORD009474,CUST00524,PROD00355,9,0.0,2023-10-30
ORD003925,CUST00845,PROD00070,1,0.1,2022-01-01
ORD001749,CUST00694,PROD00071,11,0.3,2022-04-14
ORD000733,CUST00263,PROD00111,7,0.2,2024-10-01
ORD002554,CUST00253,PROD00188,11,0.15,2023-10-06
ORD008167,CUST00836,PROD00259,10,0.0,2022-07-14
ORD008753,CUST00153,PROD00373,8,0.2,2022-01-15
ORD002663,CUST00189,PROD00415,8,0.2,2023-11-01
ORD006351,CUST00346,PROD00190,5,0.15,2024-04-13
ORD009575,CUST00291,PROD00505,1,0.05,2024-07-18
ORD003114,CUST01039,PROD00481,4,0.0,2022-10-12
ORD003304,CUST00696,PROD00183,3,0.0,2023-01-18
ORD001345,CUST00045,PROD00278,8,0.0,2024-06-06
ORD009478,CUST00506,PROD00095,4,0.1,2022-02-02
ORD001691,CUST00133,PROD00269,5,0.3,2022-07-17
ORD005863,CUST00757,PROD00381,12,0.15,2022-01-15
ORD007584,CUST00751,PROD00418,2,0.25,2023-07-23
ORD005049,CUST00470,PROD00304,12,0.1,2024-02-12
ORD005886,CUST00796,PROD00351,7,0.15,2022-06-23
ORD003309,CUST01007,PROD00505,6,0.05,2023-12-29
ORD001505,CUST00489,PROD00339,9,0.0,2024-12-31
ORD001807,CUST00648,PROD00365,9,0.0,2023-04-06
ORD000669,CUST00220,PROD00314,10,0.1,2022-06-01
ORD006274,CUST00092,PROD99034,4,0.0,2024-09-09
ORD003792,CUST00135,PROD00496,11,0.05,2022-12-17
ORD005218,CUST00686,PROD00069,3,0.0,2022-03-13
ORD010251,CUST00492,PROD00380,10,0.2,2024-04-12
ORD001068,CUST00971,PROD00153,12,0.1,2024-02-23
ORD006888,CUST00234,PROD00361,2,0.1,2024-07-15
ORD010219,CUST00794,PROD00034,7,0.1,2022-05-23
ORD008939,CUST00325,PROD00193,10,0.1,2024-03-03
ORD002697,CUST00091,PROD00371,8,0.0,2023-05-29
ORD001849,CUST00869,PROD00180,7,0.1,2022-01-03
ORD004513,CUST00018,PROD00290,13,0.0,2022-02-12
ORD002432,CUST00207,PROD00134,,0.1,2023-10-06
ORD004661,CUST00822,PROD00268,5,0.0,2024-04-05
ORD010048,CUST00446,PROD00090,10,0.0,2022-08-14
ORD008729,CUST00462,PROD00172,1,0.0,2022-04-30
ORD010099,CUST00275,PROD00067,7,0.0,2022-10-27
ORD000143,CUST00645,PROD00101,14,0.1,2024-05-04
ORD008989,CUST00054,PROD99493,12,0.0,2023-04-23
ORD009440,CUST00140,PROD00501,3,0.1,2022-07-20
ORD006088,CUST00720,PROD00509,11,0.1,2022-06-29
ORD006465,CUST00705,PROD00452,8,0.15,2023-08-18
ORD005291,CUST00653,PROD00025,13,0.25,2023-09-25
ORD006154,CUST00206,PROD00320,13,0.0,2022-05-21
ORD003410,CUST00287,PROD00433,10,0.05,2023-12-28
ORD001118,CUST00128,PROD00098,13,0.15,2023-05-20
ORD001757,CUST00783,PROD00211,7,0.1,2022-12-26
ORD000498,CUST00954,PROD00359,14,0.1,2023-11-21
ORD010123,CUST00776,PROD00310,14,0.0,2022-11-30
ORD000871,CUST00417,PROD00072,3,0.1,2022-07-04
ORD003358,CUST00125,PROD00194,7,0.0,2023-02-16
ORD000913,CUST00305,PROD00201,1,0.15,2022-09-09
ORD000722,CUST00276,PROD00450,13,0.05,2024-08-10
ORD002806,CUST00093,PROD00345,6,0.0,2023-01-20
ORD000938,CUST00012,PROD99961,8,0.1,2024-12-03
ORD000887,CUST00786,PROD00025,13,,2024-11-11
ORD010332,CUST00833,PROD00311,8,0.15,2023-07-21
ORD007682,CUST00139,PROD00503,10,0.1,2022-08-13
ORD008956,CUST00967,PROD00168,1,0.2,2022-02-20
ORD008277,CUST00926,PROD00142,5,0.05,2022-11-27
ORD001521,CUST00798,PROD00491,10,0.05,2024-10-31
ORD009361,CUST00644,PROD00161,6,0.15,2022-07-06
ORD002747,CUST00761,PROD00337,11,0.25,2024-01-20
ORD006624,CUST00351,PROD00147,13,0.0,2024-06-21
ORD009458,CUST00077,PROD00467,7,0.0,2022-05-16
ORD000315,CUST00523,PROD00167,6,,2023-12-11
ORD001800,CUST00872,PROD00176,4,0.05,2024-09-10
ORD000328,CUST00250,PROD00059,8,0.1,2022-10-04
ORD007213,CUST00471,PROD00133,11,0.0,2024-09-14
ORD004205,CUST00023,PROD00464,12,0.15,2024-03-16
ORD005448,CUST00650,PROD00014,3,0.1,2024-07-16
ORD003130,CUST00417,PROD00489,8,0.0,2023-12-16
ORD007999,CUST00925,PROD00134,9,0.25,2024-02-24
ORD007855,CUST00260,PROD00435,14,0.1,2022-03-23
ORD003969,CUST00307,PROD00063,14,0.1,2022-07-23
ORD006698,CUST00021,PROD00140,,0.0,2023-06-22
ORD006441,CUST00096,PROD00251,,0.15,2022-07-05
ORD001974,CUST00531,PROD00484,7,,2023-05-19
ORD000337,CUST00152,PROD00266,9,0.0,2023-09-25
ORD002765,CUST00161,PROD00520,6,0.05,2024-02-17
ORD008544,CUST00335,PROD00107,12,0.0,2023-04-04
ORD000276,CUST00073,PROD00331,13,0.1,2024-06-29
ORD002986,CUST00678,PROD00043,13,0.0,2022-07-25
ORD007153,CUST99762,PROD00255,2,0.0,2022-05-05
ORD008372,CUST00943,PROD99005,14,0.1,2023-05-15
ORD003478,CUST00304,PROD00357,8,0.0,2024-02-01
ORD006120,CUST00721,PROD00179,6,0.15,2023-04-13
ORD003559,CUST00547,PROD00435,6,0.0,2023-08-03
ORD006521,CUST00147,PROD00121,8,0.15,2023-08-07
ORD002810,CUST00978,PROD00220,11,0.2,2022-12-09
ORD009814,CUST00858,PROD00292,1,0.3,2022-05-02
ORD004862,CUST00289,PROD00359,8,0.1,2024-03-06
ORD007681,CUST00295,PROD00508,7,0.0,2022-02-20
ORD005247,CUST00272,PROD00498,1,0.1,2023-12-16
ORD003417,CUST00409,PROD00287,3,0.0,2023-10-31
ORD000308,CUST99949,PROD00085,4,0.0,2022-06-29
ORD003909,CUST00465,PROD00403,13,0.05,2022-01-29
ORD008207,CUST00243,PROD00050,1,0.05,2023-12-12
ORD000349,CUST00150,PROD00463,10,0.2,2023-01-15
ORD000827,CUST00744,PROD00119,12,0.15,2024-03-10
ORD005297,CUST00126,PROD00449,1,,2023-07-17
ORD000470,CUST00091,PROD00135,14,,2023-11-08
ORD004483,CUST00042,PROD00162,13,0.15,2023-05-13
ORD007671,CUST00332,PROD00019,9,0.05,2024-03-20
ORD003683,CUST00995,PROD00199,1,0.2,2023-07-17
ORD006854,CUST00230,PROD00444,12,0.2,2022-06-16
ORD009027,CUST00848,PROD00213,10,0.05,2024-02-19
ORD002054,CUST00305,PROD00117,12,0.25,2023-03-18
ORD000072,CUST00519,PROD00374,2,0.0,2023-05-05
ORD006435,CUST00911,PROD00412,8,0.05,2023-01-15
ORD008168,CUST00151,PROD00008,7,0.05,2022-11-01
ORD007316,CUST00111,PROD00479,11,0.1,2024-09-30
ORD002630,CUST00495,PROD00269,12,0.1,2023-09-04
ORD005357,CUST00680,PROD00090,7,,2022-08-10
ORD001667,CUST00667,PROD00380,10,0.0,2023-02-23
ORD005571,CUST00897,PROD00015,13,0.0,2022-11-18
ORD009423,CUST00519,PROD00181,13,0.0,2022-11-04
ORD007542,CUST00102,PROD00185,3,0.0,2023-12-02
ORD006272,CUST00964,PROD00277,5,0.0,2024-02-17
ORD001446,CUST00141,PROD00048,5,0.0,2024-04-22
ORD006107,CUST00289,PROD00054,,0.0,2024-03-06
ORD009802,CUST00906,PROD00173,2,0.05,2024-05-13
ORD001696,CUST00596,PROD00248,7,0.25,2024-04-13
ORD002893,CUST00906,PROD00251,8,0.05,2024-06-04
ORD009007,CUST00040,PROD00064,5,0.05,2023-02-11
ORD001575,CUST00888,PROD00164,5,0.0,2023-05-25
ORD003204,CUST00527,PROD00237,7,0.15,2023-03-13
ORD004406,CUST00386,PROD00028,4,0.1,2023-05-12
ORD001631,CUST01030,PROD00073,4,0.05,2024-03-19
ORD009060,CUST00244,PROD00178,14,0.3,2023-04-29
ORD001882,CUST00767,PROD00258,13,,2023-07-11
ORD005113,CUST00075,PROD00020,1,0.0,2022-05-17
ORD005709,CUST00957,PROD00362,14,0.0,2023-03-30
ORD005075,CUST00188,PROD00027,10,0.0,2022-02-02
ORD008586,CUST00118,PROD00005,3,0.15,2023-04-01
ORD009506,CUST00459,PROD00380,4,0.25,2024-04-27
ORD006527,CUST00791,PROD00263,13,0.0,2023-03-09
ORD000849,CUST00643,PROD00403,10,0.2,2023-05-31
ORD006988,CUST00603,PROD00072,1,0.0,2024-07-17
ORD007743,CUST00081,PROD00291,2,0.0,2023-03-18
ORD006846,CUST00894,PROD00007,12,0.25,2022-09-17
ORD002878,CUST00986,PROD00398,14,0.05,2022-03-15
ORD000187,CUST00954,PROD00220,6,0.05,2022-10-28
ORD003780,CUST00912,PROD00277,6,0.0,2023-04-09
ORD001831,CUST00548,PROD00125,11,0.0,2024-06-11
ORD005932,CUST00793,PROD00428,11,0.25,2023-11-17
ORD002960,CUST00167,PROD00467,,0.0,2023-01-01
ORD009953,CUST00864,PROD00183,8,,2023-11-12
ORD007432,CUST00958,PROD00187,5,0.05,2023-08-09
ORD005447,CUST00238,PROD00122,1,0.05,2023-02-14
ORD001235,CUST00912,PROD00478,14,0.05,2023-02-12
ORD006959,CUST00243,PROD00354,12,0.1,2022-09-30
ORD003916,CUST00692,PROD00468,6,0.0,2023-12-07
ORD000447,CUST00151,PROD00162,1,0.0,2023-05-05
ORD005840,CUST00258,PROD00206,7,0.25,2023-07-11
ORD000845,CUST00057,PROD00461,13,0.0,2022-01-05
ORD005202,CUST00247,PROD00033,2,0.05,2023-07-03
ORD006734,CUST00961,PROD00449,12,0.05,2022-11-02
ORD006311,CUST00118,PROD00359,2,0.15,2024-03-30
ORD002441,CUST00489,PROD00235,6,0.0,2023-07-15
ORD003104,CUST00734,PROD00194,4,0.05,2023-06-21
ORD009245,CUST00927,PROD00273,7,0.05,2023-03-31
ORD007919,CUST00456,PROD00175,8,0.15,2022-03-30
ORD006598,CUST00779,PROD00114,13,0.1,2023-04-28
ORD001295,CUST00842,PROD00222,6,0.05,2022-12-14
ORD008223,CUST00070,PROD00308,13,0.1,2024-05-17
ORD005519,CUST99584,PROD00501,11,0.1,2023-01-19
ORD009713,CUST00519,PROD00251,5,0.05,2023-03-06
ORD005068,CUST00528,PROD00261,3,0.1,2023-10-17
ORD003443,CUST00440,PROD00476,10,0.2,2022-04-05
ORD009091,CUST00976,PROD00263,4,0.0,2024-02-06
ORD008327,CUST00826,PROD00300,7,0.1,2022-09-14
ORD008980,CUST00309,PROD00023,12,0.05,2022-09-17
ORD007112,CUST00714,PROD00308,7,0.1,2023-01-04
ORD000777,CUST00123,PROD00105,14,0.25,2023-03-23
ORD010460,CUST00988,PROD00017,10,,2022-08-16
ORD002154,CUST00634,PROD00454,5,,2022-03-11
ORD005559,CUST00236,PROD00158,4,0.2,2022-12-29
ORD004921,CUST01032,PROD00425,1,0.05,2022-05-01
ORD006265,CUST00889,PROD00244,13,0.0,2022-08-30
ORD010221,CUST00398,PROD00497,4,0.0,2023-11-22
ORD006461,CUST00801,PROD00435,6,0.0,2024-08-31
ORD008185,CUST00951,PROD00095,6,0.0,2023-06-05
ORD009072,CUST00205,PROD00467,12,0.1,2024-06-26
ORD008038,CUST00347,PROD00003,1,0.1,2022-07-30
ORD000425,CUST00196,PROD00371,6,0.1,2024-06-15
ORD003184,CUST00049,PROD00073,13,0.0,2024-03-09
ORD007920,CUST00012,PROD00479,11,0.1,2022-04-20
ORD003200,CUST00208,PROD00343,5,0.2,2022-06-08
ORD008262,CUST00964,PROD00269,12,0.2,2023-04-15
ORD001290,CUST00906,PROD00053,3,0.15,2024-03-16
ORD004582,CUST00452,PROD00251,14,0.15,2023-01-13
ORD001871,CUST00013,PROD00238,14,0.0,2022-03-23
ORD009628,CUST00286,PROD00249,3,0.0,2022-02-07
ORD010275,CUST00267,PROD00496,4,0.1,2022-07-02
ORD007901,CUST00028,PROD00101,11,0.15,2023-11-01
ORD004107,CUST00566,PROD00443,5,0.0,2024-05-23
ORD004127,CUST00303,PROD00438,3,0.0,2023-10-19
ORD008844,CUST00630,PROD00320,7,0.0,2023-05-01
ORD003967,CUST00142,PROD00291,6,0.05,2023-01-04
ORD001880,CUST99787,PROD00266,10,0.05,2024-11-12
ORD009142,CUST00008,PROD00278,8,0.15,2024-08-08
ORD010014,CUST00352,PROD00276,14,0.0,2023-11-19
ORD005458,CUST00904,PROD00393,1,0.1,2023-12-03
ORD006009,CUST00572,PROD00493,4,0.1,2023-01-24
ORD003588,CUST00894,PROD00510,11,0.1,2022-08-01
ORD008099,CUST00320,PROD00456,10,0.0,2024-09-13
ORD003866,CUST00388,PROD00461,13,0.0,2024-10-01
ORD002149,CUST00883,PROD00059,3,0.05,2024-02-15
ORD004132,CUST00929,PROD00163,14,0.15,2023-04-10
ORD001037,CUST00321,PROD00201,10,0.05,2024-06-18
ORD000637,CUST00701,PROD00135,6,,2024-11-13
ORD006437,CUST00820,PROD00071,7,0.05,2023-12-18
ORD004135,CUST00669,PROD00170,2,0.1,2022-03-01
ORD006488,CUST00205,PROD00511,4,0.1,2023-12-22
ORD001084,CUST00310,PROD00311,13,0.05,2024-10-27
ORD000862,CUST00948,PROD00097,,0.0,2024-06-25
ORD005213,CUST00798,PROD00340,8,0.0,2023-05-12
ORD000904,CUST00576,PROD00220,10,0.0,2024-02-14
ORD000192,CUST00459,PROD00195,4,0.05,2023-09-20
ORD000110,CUST00242,PROD00421,10,0.0,2023-12-01
ORD004456,CUST00573,PROD00103,8,0.15,2022-11-21
ORD001943,CUST00566,PROD00308,4,0.15,2024-05-14
ORD006181,CUST00908,PROD00452,5,0.1,2022-04-09
ORD004332,CUST00238,PROD00294,3,0.1,2023-10-08
ORD009540,CUST00940,PROD00398,2,0.0,2023-04-04
ORD009196,CUST00491,PROD00185,10,0.15,2023-04-22
ORD005928,CUST00150,PROD00037,14,0.0,2022-05-17
ORD002041,CUST00226,PROD00146,9,0.1,2022-06-04
ORD008365,CUST00243,PROD00501,6,0.0,2024-12-11
ORD010359,CUST00789,PROD00217,4,0.0,2023-10-08
ORD004879,CUST00042,PROD00397,1,0.1,2024-01-10
ORD004660,CUST00628,PROD00193,11,0.05,2022-04-30
ORD007468,CUST00052,PROD00399,,0.0,2022-04-05
ORD002776,CUST00237,PROD00482,4,0.05,2023-05-12
ORD004146,CUST00210,PROD00050,8,0.15,2024-08-11
ORD002324,CUST00221,PROD00510,9,0.05,2022-07-19
ORD000763,CUST00195,PROD00509,2,0.1,2024-07-18
ORD005922,CUST00174,PROD00227,10,0.05,2023-12-24
ORD002618,CUST00283,PROD00202,11,0.0,2024-10-05
ORD002412,CUST00493,PROD00361,14,0.0,2024-05-03
ORD001095,CUST00686,PROD00279,3,0.0,2022-03-04
ORD007192,CUST00775,PROD00506,7,0.25,2024-09-19
ORD004590,CUST00077,PROD00035,1,0.05,2022-03-05
ORD002681,CUST00548,PROD00463,10,0.0,2024-11-28
ORD003136,CUST00968,PROD00517,1,0.0,2023-07-13
ORD006637,CUST00846,PROD00293,3,0.15,2024-04-09
ORD005041,CUST00883,PROD00388,3,0.2,2023-12-13
ORD009923,CUST00382,PROD00036,14,0.25,2022-12-13
ORD005429,CUST00573,PROD00354,8,0.2,2024-02-08
ORD003806,CUST00773,PROD00048,4,0.05,2024-09-04
ORD000885,CUST00663,PROD00434,3,0.0,2022-12-09
ORD002655,CUST00107,PROD00105,4,0.15,2023-09-05
ORD006207,CUST00121,PROD00476,12,0.1,2023-03-16
ORD007208,CUST99146,PROD00468,1,0.25,2024-01-27
ORD009933,CUST00903,PROD00425,5,0.0,2022-06-26
ORD000465,CUST00877,PROD00376,12,0.1,2023-01-29
ORD010207,CUST00174,PROD00284,1,,2023-09-14
ORD010495,CUST00875,PROD00446,11,0.0,2023-08-27
ORD006631,CUST00017,PROD00434,8,0.05,2023-08-31
ORD008160,CUST00510,PROD00422,3,,2023-09-09
ORD005193,CUST00545,PROD00257,2,0.25,2022-05-07
ORD006957,CUST00808,PROD00449,6,0.0,2022-11-24
ORD009119,CUST00736,PROD00518,12,0.05,2023-07-17
ORD005301,CUST00032,PROD00327,12,0.0,2023-12-10
ORD002203,CUST00111,PROD00494,9,0.05,2023-03-11
ORD007114,CUST00228,PROD00433,6,0.0,2024-02-02
ORD007414,CUST00490,PROD00413,13,0.3,2024-09-15
ORD001263,CUST00107,PROD00322,6,0.05,2022-08-01
ORD006245,CUST00382,PROD00059,9,0.2,2022-11-20
ORD000976,CUST00168,PROD00142,6,0.1,2023-09-18
ORD006806,CUST00316,PROD00339,1,0.05,2023-10-05
ORD005867,CUST00690,PROD00436,8,0.1,2022-12-27
ORD004926,CUST00200,PROD00182,7,0.15,2023-06-05
ORD000942,CUST00100,PROD00244,3,0.1,2022-12-22
ORD005264,CUST00101,PROD00250,14,0.15,2024-07-03
ORD004724,CUST00438,PROD00097,9,0.0,2023-05-08
ORD002388,CUST01004,PROD00192,9,0.0,2022-08-12
ORD010472,CUST00098,PROD00210,12,0.0,2022-08-21
ORD005022,CUST00097,PROD00213,12,0.05,2024-03-24
ORD004392,CUST00791,PROD00477,7,0.2,2024-05-03
ORD005149,CUST00767,PROD00158,2,0.1,2022-06-11
ORD003222,CUST99332,PROD00088,11,0.0,2024-09-07
ORD003883,CUST00134,PROD00307,5,0.25,2023-06-13
ORD010163,CUST00046,PROD00279,12,0.25,2022-08-18
ORD003038,CUST00118,PROD00456,5,0.0,2024-11-30
ORD008716,CUST00076,PROD00489,2,0.1,2024-06-08
ORD005954,CUST99702,PROD00413,10,0.2,2023-06-10
ORD002790,CUST00863,PROD00031,3,0.0,2024-01-09
ORD000945,CUST00782,PROD00405,7,0.05,2024-05-22
ORD009598,CUST00481,PROD00076,5,0.0,2024-07-07
ORD001858,CUST00752,PROD00347,,0.15,2023-07-21
ORD010111,CUST00887,PROD00151,12,0.1,2022-01-02
ORD004109,CUST00121,PROD00056,11,0.0,2023-05-03
ORD005214,CUST00113,PROD00430,3,0.2,2022-08-03
ORD009163,CUST00061,PROD00144,12,0.0,2024-12-27
ORD003256,CUST00828,PROD00292,2,0.05,2024-10-27
ORD002691,CUST00044,PROD00221,10,0.0,2022-03-06
ORD004628,CUST00482,PROD00434,11,0.05,2022-09-26
ORD007924,CUST00576,PROD00081,11,0.05,2024-04-17
ORD001320,CUST00413,PROD00199,6,0.05,2023-02-12
ORD010327,CUST00035,PROD00371,5,0.1,2024-02-23
ORD007501,CUST00430,PROD00485,13,0.1,2024-12-16
ORD005163,CUST00606,PROD00154,2,0.0,2023-10-10
ORD006804,CUST00824,PROD00022,1,0.05,2024-05-14
ORD007921,CUST00860,PROD00387,8,0.0,2023-05-10
ORD009804,CUST00122,PROD00303,12,0.2,2023-10-25
ORD007273,CUST00834,PROD00248,,0.05,2023-10-27
ORD003476,CUST00727,PROD00286,8,0.1,2023-02-24
ORD003506,CUST99389,PROD00265,12,,2023-11-05
ORD004750,CUST00724,PROD00351,5,0.0,2024-08-03
ORD002478,CUST00085,PROD00284,5,0.05,2024-06-06
ORD006408,CUST00543,PROD00257,,0.05,2022-03-23
ORD009526,CUST00973,PROD00495,7,0.0,2024-07-26
ORD008375,CUST00230,PROD00339,5,0.15,2024-11-14
ORD004502,CUST00361,PROD00180,10,0.05,2022-10-06
ORD006248,CUST00493,PROD00077,3,0.15,2023-03-14
ORD002190,CUST00299,PROD00419,8,0.15,2024-01-20
ORD009175,CUST00049,PROD00428,13,0.1,2024-02-01
ORD001875,CUST00824,PROD00199,2,0.25,2023-11-29
ORD009166,CUST00338,PROD00434,11,0.0,2022-03-20
ORD006395,CUST00628,PROD00056,9,0.15,2023-02-23
ORD010162,CUST00938,PROD00303,6,0.0,2022-09-21
ORD005097,CUST00851,PROD00234,11,0.0,2024-04-08
ORD002905,CUST00683,PROD00271,14,0.0,2022-04-06
ORD000571,CUST00808,PROD00249,,0.2,2023-12-04
ORD001449,CUST00973,PROD00081,1,0.05,2022-06-27
ORD006951,CUST00704,PROD99710,4,0.1,2024-03-31
ORD007277,CUST00029,PROD00446,3,0.0,2023-10-12
ORD007397,CUST00169,PROD00061,8,0.05,2023-05-02
ORD007954,CUST00970,PROD00485,10,0.3,2022-12-26
ORD008123,CUST00492,PROD00242,10,0.0,2023-11-28
ORD005842,CUST00115,PROD00402,1,0.0,2024-01-02
ORD007579,CUST00465,PROD00296,14,0.05,2023-06-06
ORD003227,CUST00026,PROD00043,3,0.0,2023-02-11
ORD010488,CUST00326,PROD00164,14,0.1,2023-03-03
ORD003979,CUST00342,PROD00310,13,0.15,2022-12-02
ORD004384,CUST00064,PROD00003,6,0.1,2024-02-17
ORD005835,CUST00145,PROD00324,8,0.05,2024-02-23
ORD008539,CUST00591,PROD00411,14,0.0,2022-04-12
ORD008268,CUST00341,PROD00255,14,0.15,2024-07-23
ORD003540,CUST00457,PROD00252,9,0.15,2023-05-02
ORD007238,CUST00908,PROD00229,3,0.05,2024-05-28
ORD008015,CUST00484,PROD00227,6,0.0,2024-06-03
ORD009579,CUST00595,PROD00343,4,0.05,2024-02-24
ORD006838,CUST00643,PROD00108,12,0.0,2024-12-11
ORD005682,CUST00553,PROD00384,4,0.05,2022-06-30
ORD002828,CUST00584,PROD00519,13,0.2,2024-11-20
ORD005781,CUST00282,PROD00328,4,0.0,2024-01-22
ORD007860,CUST00659,PROD00271,14,,2024-07-03
ORD004997,CUST00157,PROD00010,8,0.0,2023-05-22
ORD001339,CUST00738,PROD00027,8,0.1,2023-05-16
ORD003263,CUST00202,PROD00519,13,0.1,2024-06-04
ORD007440,CUST00286,PROD00383,11,0.0,2024-02-23
ORD008882,CUST00903,PROD00466,4,0.05,2022-05-21
ORD005742,CUST00173,PROD00259,10,0.3,2024-07-11
ORD000651,CUST00198,PROD00402,8,0.0,2023-08-04
ORD006040,CUST00735,PROD00267,3,0.05,2023-08-28
ORD002903,CUST00044,PROD00491,7,0.0,2022-08-04
ORD002259,CUST00767,PROD00155,3,0.15,2022-10-04
ORD005396,CUST00992,PROD00026,12,0.0,2023-02-27
ORD008401,CUST00837,PROD00098,10,0.05,2022-07-15
ORD003522,CUST00430,PROD00234,7,0.25,2024-12-17
ORD002731,CUST00566,PROD00336,11,,2023-06-21
ORD007218,CUST00008,PROD00011,7,0.05,2022-12-24
ORD004479,CUST00500,PROD00354,4,0.0,2023-03-24
ORD005661,CUST00411,PROD00481,6,,2023-02-22
ORD001597,CUST00894,PROD00133,6,0.1,2024-06-21
ORD000068,CUST00914,PROD00065,8,0.05,2023-09-18
ORD002585,CUST00664,PROD00280,6,0.0,2022-09-12
ORD008690,CUST00643,PROD00293,7,0.1,2024-12-31
ORD003197,CUST00939,PROD00422,13,0.15,2024-01-04
ORD007052,CUST00750,PROD00293,14,0.0,2024-12-04
ORD005328,CUST00692,PROD00513,2,0.2,2023-07-28
ORD008811,CUST00257,PROD00327,9,0.15,2022-08-09
ORD006281,CUST01043,PROD00047,13,0.05,2024-12-31
ORD001259,CUST00048,PROD00494,5,0.05,2023-12-26
ORD006373,CUST00072,PROD00031,6,0.15,2022-03-13
ORD009173,CUST00060,PROD00496,4,0.3,2024-12-22
ORD000992,CUST00830,PROD00016,14,0.1,2022-11-01
ORD003505,CUST00936,PROD00510,14,0.0,2024-04-15
ORD000114,CUST00435,PROD00056,12,0.2,2022-07-06
ORD000920,CUST00231,PROD00081,6,0.2,2023-06-27
ORD002510,CUST00409,PROD00025,2,0.2,2024-02-06
ORD010126,CUST00392,PROD00445,2,0.1,2023-02-20
ORD000166,CUST00430,PROD00032,9,0.25,2022-08-03
ORD006152,CUST00209,PROD00431,13,0.1,2022-05-15
ORD007442,CUST00238,PROD00481,5,0.05,2022-02-09
ORD004604,CUST00558,PROD00443,14,0.0,2023-03-28
ORD009573,CUST00835,PROD00307,2,0.2,2022-08-11
ORD009394,CUST00107,PROD00350,6,0.15,2024-08-06
ORD000950,CUST00316,PROD00055,9,0.15,2022-09-20
ORD004595,CUST00942,PROD00087,14,0.2,2023-09-22
ORD006680,CUST00998,PROD00099,7,0.15,2024-08-15
ORD003771,CUST99393,PROD00325,14,0.0,2023-09-26
ORD002507,CUST00355,PROD00264,11,0.05,2023-03-23
ORD005108,CUST00323,PROD00238,5,0.2,2022-11-15
ORD002851,CUST00456,PROD00239,9,0.05,2024-10-06
ORD006001,CUST00284,PROD00441,6,0.25,2023-12-05
ORD007567,CUST00959,PROD00484,13,0.25,2022-11-28
ORD006561,CUST00974,PROD00159,3,0.0,2024-01-05
ORD008961,CUST00681,PROD00099,1,0.0,2024-02-04
ORD004447,CUST00352,PROD00448,14,0.05,2024-07-14
ORD005795,CUST00522,PROD00208,6,0.0,2023-10-30
ORD004461,CUST00168,PROD00243,11,0.25,2023-08-11
ORD007937,CUST00235,PROD00203,2,0.0,2023-09-13
ORD002506,CUST00619,PROD00317,2,0.05,2024-04-07
ORD001115,CUST00740,PROD00298,7,,2023-08-06
ORD009037,CUST00057,PROD00373,9,0.25,2022-11-06
ORD000299,CUST00707,PROD00434,14,0.25,2024-12-20
ORD001676,CUST01020,PROD00165,5,0.0,2023-09-10
ORD003348,CUST00163,PROD00517,10,0.25,2023-01-24
ORD002736,CUST01038,PROD00142,14,0.0,2023-11-11
ORD005670,CUST99058,PROD00254,1,,2023-10-02
ORD008622,CUST00087,PROD00479,10,0.25,2022-07-02
ORD004989,CUST00053,PROD00169,4,0.05,2022-12-12
ORD009691,CUST00706,PROD00359,9,0.05,2023-03-24
ORD006792,CUST00735,PROD00411,3,0.1,2024-11-25
ORD006852,CUST00231,PROD00439,2,,2022-09-02
ORD004326,CUST00794,PROD00017,12,0.05,2024-11-28
ORD007916,CUST00364,PROD00133,7,0.1,2023-03-23
ORD009902,CUST00628,PROD00177,9,0.0,2024-02-08
ORD004551,CUST00949,PROD00469,9,0.1,2023-10-12
ORD009012,CUST00816,PROD00418,4,0.1,2024-08-17
ORD007336,CUST00615,PROD00270,4,0.25,2023-08-19
ORD008631,CUST00093,PROD00316,3,0.0,2022-07-30
ORD002104,CUST01028,PROD00329,10,0.25,2023-09-05
ORD005337,CUST00979,PROD00341,9,0.15,2024-01-13
ORD008919,CUST00525,PROD00165,7,0.2,2024-05-04
ORD007886,CUST00165,PROD00077,3,0.0,2023-04-28
ORD009582,CUST00802,PROD00353,4,0.0,2024-06-15
ORD001838,CUST00877,PROD00389,4,0.0,2024-08-05
ORD008665,CUST00006,PROD00309,14,0.0,2023-11-13
ORD008957,CUST00730,PROD00029,2,0.2,2024-01-17
ORD010182,CUST00891,PROD00374,14,0.0,2024-10-10
ORD005711,CUST00352,PROD00051,,0.05,2022-04-26
ORD000608,CUST00975,PROD00101,4,0.1,2024-09-16
ORD007035,CUST00872,PROD00424,9,0.0,2022-11-06
ORD001094,CUST00618,PROD99926,8,,2023-03-29
ORD006339,CUST00807,PROD00119,5,0.0,2024-11-09
ORD008766,CUST00045,PROD00271,12,0.2,2023-10-20
ORD009658,CUST01016,PROD00423,13,0.05,2024-02-05
ORD004488,CUST00533,PROD00428,1,,2022-04-23
ORD000161,CUST99954,PROD00291,,0.2,2022-08-27
ORD000204,CUST00146,PROD00234,2,0.05,2022-07-26
ORD003941,CUST00185,PROD00050,4,0.05,2022-05-20
ORD006871,CUST00368,PROD00275,3,0.0,2024-01-02
ORD006104,CUST00640,PROD00019,,0.0,2024-01-19
ORD004934,CUST00921,PROD00106,12,0.15,2023-08-18
ORD002935,CUST00833,PROD00099,8,0.05,2024-04-24
ORD001815,CUST00463,PROD00501,7,,2023-10-16
ORD002436,CUST00351,PROD00225,5,0.15,2024-07-18
ORD001231,CUST00356,PROD00040,2,0.2,2024-09-18
ORD009345,CUST01018,PROD00439,14,0.2,2022-02-18
ORD003047,CUST00270,PROD00076,11,0.0,2024-08-27
ORD005706,CUST00541,PROD00252,5,0.0,2023-05-23
ORD010397,CUST99916,PROD00141,4,0.2,2022-12-27
ORD008166,CUST00950,PROD00252,7,0.0,2023-04-01
ORD009777,CUST00395,PROD99411,3,0.25,2023-01-16
ORD007464,CUST00626,PROD00075,12,,2024-04-11
ORD004252,CUST00519,PROD00168,9,0.15,2023-11-08
ORD006112,CUST00968,PROD00335,1,0.0,2024-04-21
ORD007314,CUST00013,PROD00393,14,0.15,2023-01-30
ORD006205,CUST00027,PROD00357,12,0.25,2022-12-08
ORD003294,CUST00049,PROD00041,1,0.1,2023-01-12
ORD004035,CUST01038,PROD00475,11,0.0,2023-01-14
ORD002726,CUST00735,PROD00368,4,0.05,2024-10-13
ORD004291,CUST00795,PROD00026,1,0.0,2024-01-27
ORD004335,CUST00751,PROD00239,13,0.05,2024-07-03
ORD006912,CUST00957,PROD00058,10,0.05,2024-06-09
ORD003878,CUST00903,PROD00073,14,0.3,2022-02-27
ORD006206,CUST00815,PROD00125,12,0.15,2023-11-29
ORD006344,CUST00884,PROD00207,8,0.25,2023-06-27
ORD007867,CUST00481,PROD00272,2,0.0,2023-12-04
ORD004754,CUST00333,PROD00069,-3,0.1,2022-03-28
ORD004887,CUST00003,PROD00103,8,0.0,2023-02-10
ORD000858,CUST00773,PROD00407,8,0.05,2024-08-06
ORD000371,CUST00219,PROD00473,4,0.1,2023-06-06
ORD009014,CUST00906,PROD00272,14,0.0,2022-06-19
ORD002562,CUST00220,PROD00356,,0.0,2023-07-15
ORD003802,CUST00412,PROD00008,3,0.0,2022-01-16
ORD002641,CUST00073,PROD00353,10,0.0,2022-07-01
ORD005456,CUST01005,PROD00128,12,0.1,2022-08-02
ORD008140,CUST00019,PROD00458,5,0.05,2024-06-25
ORD004491,CUST00782,PROD00229,13,0.05,2022-12-23
ORD002348,CUST00102,PROD00278,7,0.0,2023-05-25
ORD000650,CUST00618,PROD00125,10,0.05,2022-11-22
ORD002782,CUST00920,PROD00427,14,0.05,2022-07-02
ORD010322,CUST01025,PROD00303,13,,2024-01-21
ORD009198,CUST00029,PROD00095,11,0.0,2023-08-08
ORD010170,CUST00918,PROD00365,6,0.05,2023-12-19
ORD005945,CUST00708,PROD00112,10,0.0,2023-03-21
ORD006693,CUST00314,PROD00491,3,0.0,2022-05-19
ORD000616,CUST00730,PROD00488,6,0.0,2023-03-13
ORD010296,CUST00001,PROD00325,13,0.0,2023-05-26
ORD002576,CUST00695,PROD00272,2,0.0,2022-04-24
ORD000054,CUST00185,PROD00409,1,0.05,2023-05-19
ORD003341,CUST00731,PROD00481,9,0.0,2022-01-30
ORD008193,CUST00410,PROD00123,8,0.15,2022-08-15
ORD001706,CUST00259,PROD00040,1,0.05,2024-06-14
ORD009758,CUST00379,PROD00142,11,0.0,2024-05-30
ORD006383,CUST00550,PROD00496,9,0.15,2023-08-05
ORD001494,CUST00023,PROD00259,10,0.1,2022-08-13
ORD005877,CUST00980,PROD00004,4,0.05,2024-08-08
ORD010044,CUST00535,PROD00218,3,0.2,2023-11-10
ORD007786,CUST00613,PROD00029,9,0.0,2024-05-29
ORD000804,CUST01025,PROD00113,10,0.0,2023-01-03
ORD004954,CUST00042,PROD00155,9,0.0,2022-06-26
ORD008078,CUST00754,PROD00475,11,0.15,2022-09-16
ORD008230,CUST00882,PROD00096,13,0.25,2023-01-29
ORD000991,CUST99671,PROD00474,14,0.0,2023-09-14
ORD002775,CUST00645,PROD00255,11,0.0,2023-06-14
ORD008479,CUST00453,PROD00256,14,0.05,2024-06-13
ORD007478,CUST00208,PROD00492,11,0.1,2022-08-03
ORD003514,CUST00033,PROD00301,13,0.0,2024-07-30
ORD006399,CUST00761,PROD00460,4,0.05,2024-01-03
ORD009040,CUST00070,PROD00475,11,0.1,2023-10-08
ORD000220,CUST00223,PROD00163,6,0.15,2024-11-13
ORD007195,CUST00169,PROD00331,6,0.1,2023-01-11
ORD001289,CUST00127,PROD00349,10,0.0,2022-03-26
ORD003164,CUST00787,PROD00279,12,0.0,2023-08-03
ORD004679,CUST01020,PROD00188,10,0.0,2023-09-18
ORD002619,CUST00899,PROD00486,6,0.05,2023-12-17
ORD003613,CUST00497,PROD00261,7,0.05,2022-06-21
ORD000044,CUST00586,PROD00261,1,0.15,2024-06-24
ORD008629,CUST00457,PROD00138,7,0.15,2023-10-19
ORD007616,CUST00452,PROD00179,8,0.1,2024-06-09
ORD003793,CUST00749,PROD00075,14,0.2,2022-06-19
ORD003572,CUST00440,PROD00450,4,0.1,2022-06-27
ORD001796,CUST00865,PROD00032,4,0.2,2022-10-01
ORD001504,CUST00512,PROD00473,3,0.1,2022-12-19
ORD006490,CUST00375,PROD00025,12,0.05,2022-01-02
ORD010480,CUST00807,PROD00116,1,0.1,2024-02-18
ORD003440,CUST00643,PROD00488,7,0.0,2023-11-22
ORD001893,CUST00329,PROD00397,3,0.1,2022-02-22
ORD010040,CUST00374,PROD00416,6,0.15,2022-11-20
ORD005256,CUST00449,PROD00153,14,0.1,2024-11-15
ORD001956,CUST00712,PROD00124,9,0.0,2022-05-24
ORD005168,CUST00399,PROD00226,13,0.05,2024-05-15
ORD004815,CUST00345,PROD99655,5,0.05,2023-09-25
ORD007301,CUST00071,PROD00052,1,0.0,2022-11-17
ORD001506,CUST00033,PROD00338,13,0.0,2022-07-10
ORD000671,CUST00869,PROD00433,10,0.0,2023-12-20
ORD009597,CUST00108,PROD00241,10,0.0,2023-08-26
ORD001086,CUST00606,PROD00132,1,0.05,2022-06-10
ORD000898,CUST01010,PROD00028,4,0.0,2024-03-02
ORD007199,CUST00946,PROD00281,7,0.1,2024-11-21
ORD006240,CUST00279,PROD00433,11,0.25,2022-03-11
ORD002667,CUST00512,PROD00037,5,0.0,2023-03-12
ORD003194,CUST00563,PROD00307,2,0.0,2022-02-01
ORD002891,CUST00662,PROD00309,13,0.0,2024-05-10
ORD006004,CUST00201,PROD00369,5,0.0,2022-05-18
ORD008240,CUST00199,PROD00180,5,0.1,2023-09-01
ORD008507,CUST00752,PROD00063,5,0.0,2023-12-20
ORD002622,CUST00611,PROD00291,1,0.15,2022-07-17
ORD006203,CUST00069,PROD00508,4,0.05,2023-01-10
ORD008580,CUST00353,PROD00138,9,0.15,2022-04-05
ORD008746,CUST00990,PROD00201,13,0.0,2023-02-16
ORD009816,CUST00441,PROD00284,10,0.05,2022-07-23
ORD005814,CUST00298,PROD00511,14,0.1,2023-11-21
ORD000003,CUST00277,PROD00276,1,0.0,2024-01-19
ORD005971,CUST00418,PROD00272,,0.0,2022-04-30
ORD002371,CUST00285,PROD00341,14,0.0,2023-09-24
ORD003805,CUST00874,PROD00218,9,0.25,2022-08-13
ORD001770,CUST01001,PROD00027,4,0.0,2022-06-08
ORD009153,CUST00318,PROD00225,12,0.05,2023-06-08
ORD007025,CUST00281,PROD00498,8,0.0,2022-01-21
ORD006080,CUST00574,PROD00150,1,0.1,2022-07-15
ORD000532,CUST00628,PROD00169,7,0.15,2023-09-15
ORD009289,CUST00634,PROD00208,11,,2024-10-01
ORD009317,CUST00123,PROD00415,1,0.15,2024-09-13
ORD007710,CUST00057,PROD00104,12,0.1,2023-07-13
ORD007081,CUST01049,PROD00343,1,0.2,2022-05-12
ORD003121,CUST00683,PROD00503,5,0.05,2022-08-25
ORD009719,CUST00549,PROD00067,14,0.05,2023-10-22
ORD006260,CUST00345,PROD00433,7,0.25,2023-09-09
ORD000732,CUST00058,PROD00165,10,,2022-12-13
ORD003407,CUST00855,PROD00259,7,0.1,2022-09-02
ORD002340,CUST00659,PROD00122,5,0.1,2024-01-09
ORD005992,CUST99085,PROD00124,10,0.0,2024-01-04
ORD006329,CUST00416,PROD00341,9,0.0,2023-04-29
ORD006955,CUST00648,PROD00161,11,0.05,2023-12-25
ORD009538,CUST00778,PROD00437,6,0.05,2023-12-01
ORD002566,CUST99310,PROD00421,12,0.2,2024-09-03
ORD002582,CUST00370,PROD00374,11,0.0,2023-06-22
ORD008819,CUST00384,PROD00158,10,0.0,2023-01-13
ORD007829,CUST00156,PROD00044,8,0.05,2023-03-16
ORD008147,CUST00497,PROD00491,13,0.0,2022-05-17
ORD006404,CUST00280,PROD00449,2,0.0,2022-02-18
ORD006966,CUST00518,PROD00004,7,,2024-07-03
ORD009669,CUST00722,PROD00197,11,0.0,2022-10-24
ORD001256,CUST00261,PROD00160,9,0.15,2022-10-08
ORD002105,CUST00466,PROD00293,7,0.05,2023-04-10
ORD007853,CUST00945,PROD00326,4,0.15,2024-09-16
ORD008211,CUST00891,PROD00520,7,0.0,2023-09-10
ORD007255,CUST00072,PROD00269,,0.05,2024-10-21
ORD009855,CUST00155,PROD00245,14,0.05,2024-11-20
ORD004995,CUST00303,PROD00442,8,0.1,2022-06-13
ORD010330,CUST00985,PROD00115,4,0.3,2022-07-14
ORD007975,CUST00085,PROD00432,14,0.05,2023-12-29
ORD005058,CUST00224,PROD00504,12,0.0,2024-10-25
ORD006821,CUST00355,PROD00426,9,0.25,2023-03-21
ORD004435,CUST00144,PROD00064,13,0.25,2023-07-26
ORD003485,CUST00869,PROD00139,1,0.1,2022-09-03
ORD010222,CUST00442,PROD00477,3,0.0,2024-01-17
ORD005319,CUST00034,PROD00443,8,0.2,2022-10-24
ORD003817,CUST00789,PROD00045,13,0.05,2024-02-09
ORD006682,CUST00540,PROD00194,10,0.3,2022-07-10
ORD009593,CUST00445,PROD00462,3,0.05,2024-12-07
ORD002547,CUST00971,PROD00161,8,0.15,2024-12-05
ORD006481,CUST00384,PROD00323,5,0.0,2024-02-07
ORD001622,CUST00816,PROD00472,2,0.0,2024-09-21
ORD010146,CUST00865,PROD00280,7,0.1,2023-05-25
ORD007350,CUST00877,PROD00197,7,0.3,2022-03-22
ORD007276,CUST00296,PROD00196,8,0.0,2023-01-29
ORD009592,CUST00656,PROD00341,11,0.1,2024-04-23
ORD001097,CUST00582,PROD00468,13,0.25,2023-06-11
ORD007415,CUST00842,PROD00402,12,0.05,2023-09-05
ORD009980,CUST00234,PROD00379,10,0.3,2023-02-18
ORD010210,CUST00773,PROD00088,1,0.0,2022-11-21
ORD007922,CUST00295,PROD00469,6,0.1,2023-06-05
ORD002464,CUST00992,PROD00137,14,0.05,2022-10-17
ORD009521,CUST00107,PROD00144,9,0.0,2024-06-18
ORD003701,CUST00318,PROD00319,13,0.1,2023-04-22
ORD001789,CUST01046,PROD00326,1,0.0,2022-07-21
ORD000251,CUST00997,PROD00399,10,0.2,2024-06-22
ORD006315,CUST00197,PROD00518,2,0.1,2024-09-07
ORD008395,CUST00322,PROD00126,13,0.3,2024-05-27
ORD009371,CUST99423,PROD00089,10,0.0,2023-08-07
ORD007234,CUST00072,PROD00268,2,0.1,2024-02-09
ORD000193,CUST00529,PROD00480,10,0.05,2022-09-15
ORD000821,CUST00754,PROD00081,4,0.05,2024-09-19
ORD010368,CUST00396,PROD00374,1,0.15,2023-09-01
ORD010308,CUST00008,PROD00073,10,0.1,2024-03-16
ORD008289,CUST00510,PROD00280,13,0.0,2023-01-30
ORD006667,CUST00510,PROD00180,5,0.1,2022-08-29
ORD004401,CUST00392,PROD00049,13,0.0,2022-12-30
ORD008198,CUST99068,PROD00376,11,0.1,2023-04-25
ORD005389,CUST00589,PROD00256,10,0.05,2023-05-01
ORD004167,CUST00850,PROD00506,1,,2024-09-23
ORD008047,CUST00160,PROD00474,,0.0,2024-04-19
ORD004952,CUST00912,PROD00353,2,0.15,2024-03-01
ORD002688,CUST00291,PROD00268,5,0.1,2022-12-14
ORD004391,CUST00963,PROD00241,7,0.2,2022-04-22
ORD006836,CUST01020,PROD00232,8,0.05,2024-11-22
ORD006969,CUST00390,PROD00439,12,0.1,2022-06-11
ORD004928,CUST00395,PROD00305,10,0.05,2022-07-18
ORD007854,CUST00535,PROD00382,3,0.15,2022-02-17
ORD005553,CUST00979,PROD00433,2,0.25,2024-11-19
ORD002608,CUST00394,PROD00145,,0.0,2024-07-13
ORD008438,CUST00015,PROD00231,7,0.1,2024-07-05
ORD000239,CUST00578,PROD00222,11,0.0,2023-04-04
ORD004016,CUST00409,PROD00453,6,0.25,2022-07-27
ORD009975,CUST00168,PROD00187,4,0.15,2023-10-18
ORD002978,CUST00432,PROD00143,8,0.0,2022-03-13
ORD006664,CUST00376,PROD00492,12,0.05,2022-12-06
ORD008694,CUST00136,PROD00041,13,0.0,2022-01-18
ORD007977,CUST00889,PROD00179,10,0.1,2023-01-26
ORD005474,CUST01003,PROD00028,3,0.2,2023-03-16
ORD000946,CUST00523,PROD00155,8,0.0,2023-10-19
ORD007475,CUST00864,PROD00353,9,0.0,2023-06-23
ORD009746,CUST00402,PROD00042,13,0.05,2024-07-06
ORD005098,CUST00438,PROD00140,4,0.0,2023-11-23
ORD007467,CUST00615,PROD00437,6,0.2,2023-05-12
ORD006056,CUST00893,PROD00287,1,,2022-11-05
ORD007936,CUST00406,PROD00190,14,0.1,2024-12-03
ORD007470,CUST00015,PROD00156,8,0.0,2023-06-03
ORD003553,CUST00169,PROD00501,5,0.25,2022-01-03
ORD005051,CUST00383,PROD00453,13,0.0,2024-04-22
ORD003361,CUST00105,PROD00424,9,0.0,2022-12-09
ORD006486,CUST00203,PROD99805,11,0.15,2024-03-23
ORD005629,CUST00218,PROD00426,6,0.15,2022-10-15
ORD002411,CUST00220,PROD00392,13,0.0,2024-01-17
ORD005784,CUST00140,PROD00374,8,0.0,2023-02-24
ORD004508,CUST00367,PROD00348,2,0.25,2024-10-24
ORD009102,CUST00582,PROD00192,14,0.0,2024-03-22
ORD003983,CUST00559,PROD00179,10,,2024-01-11
ORD006783,CUST00716,PROD00281,1,0.05,2023-04-26
ORD000147,CUST00620,PROD00421,10,0.25,2022-10-08
ORD007757,CUST00666,PROD00449,6,0.05,2023-11-21
ORD002295,CUST00643,PROD00017,14,0.0,2024-07-29
ORD002254,CUST00542,PROD00236,9,0.15,2023-10-06
ORD003612,CUST00985,PROD00023,9,-0.1,2023-12-18
ORD005354,CUST00552,PROD00026,4,0.0,2022-08-16
ORD001737,CUST00905,PROD00423,9,0.2,2023-07-29
ORD006841,CUST00818,PROD00331,13,0.2,2023-07-10
ORD008543,CUST00923,PROD00380,13,0.2,2023-07-20
ORD000115,CUST99206,PROD00247,10,0.2,2024-10-16
ORD009549,CUST00235,PROD00367,2,0.05,2022-11-04
ORD006127,CUST00124,PROD00412,10,0.2,2023-11-29
ORD006597,CUST00734,PROD00493,7,0.1,2024-04-06
ORD010203,CUST00834,PROD00423,6,0.1,2022-12-31
ORD000499,CUST00749,PROD00134,3,0.1,2023-07-25
ORD006379,CUST00957,PROD00107,5,0.25,2023-05-15
ORD004734,CUST00599,PROD00335,4,0.0,2024-05-25
ORD000721,CUST00337,PROD00092,1,0.15,2022-04-27
ORD004385,CUST00174,PROD00324,14,0.1,2024-03-28
ORD009530,CUST00933,PROD00097,6,0.15,2022-05-18
ORD006683,CUST00077,PROD00061,8,0.05,2023-10-04
ORD009566,CUST00788,PROD00028,4,0.0,2024-10-01
ORD003090,CUST00592,PROD00461,14,,2024-04-28
ORD008301,CUST00693,PROD00028,4,0.0,2024-10-02
ORD000485,CUST00831,PROD00091,14,0.05,2024-01-14
ORD007593,CUST00078,PROD00038,4,0.05,2024-09-19
ORD000597,CUST00950,PROD00275,12,,2024-01-27
ORD009791,CUST00221,PROD00062,12,0.05,2023-06-19
ORD009523,CUST00916,PROD00180,3,0.0,2023-01-17
ORD009117,CUST00956,PROD00276,11,0.15,2024-11-03
ORD005165,CUST00509,PROD00250,11,0.0,2023-05-06
ORD009848,CUST00926,PROD00166,14,0.0,2023-06-04
ORD001648,CUST00545,PROD00517,9,0.0,2024-10-03
ORD007143,CUST00303,PROD00439,10,0.1,2023-07-18
ORD008064,CUST00631,PROD00404,2,0.15,2022-09-09
ORD002701,CUST00713,PROD00170,7,0.2,2022-02-14
ORD008414,CUST00185,PROD00223,0,0.05,2023-05-24
ORD001701,CUST00779,PROD00206,4,0.0,2023-11-22
ORD009636,CUST00202,PROD00107,13,0.05,2022-08-22
ORD005405,CUST00444,PROD00425,13,0.0,2023-09-30
ORD008297,CUST00571,PROD00364,2,0.15,2022-01-20
ORD006913,CUST00840,PROD00005,13,,2024-02-21
ORD002943,CUST00977,PROD00303,5,0.05,2022-08-06
ORD008152,CUST00163,PROD00040,11,0.0,2022-02-03
ORD010408,CUST00063,PROD00188,5,0.0,2022-10-01
ORD000087,CUST00331,PROD00352,10,0.05,2022-02-04
ORD002309,CUST00284,PROD00015,8,0.25,2024-03-28
ORD002678,CUST00620,PROD00491,2,0.0,2023-06-11
ORD008848,CUST00263,PROD00482,7,0.0,2023-07-02
ORD008827,CUST00066,PROD00213,14,0.2,2023-03-07
ORD002595,CUST00787,PROD00381,13,0.25,2023-08-16
ORD006862,CUST00043,PROD00163,3,0.15,2022-08-16
ORD001030,CUST00601,PROD00024,5,0.3,2022-05-12
ORD000137,CUST00064,PROD00149,14,0.05,2022-06-16
ORD007965,CUST00345,PROD00250,11,0.1,2024-06-22
ORD006241,CUST00014,PROD00032,7,0.25,2024-11-09
ORD007154,CUST00494,PROD00099,1,0.0,2024-02-20
ORD002855,CUST00645,PROD00493,11,0.25,2023-01-01
ORD004410,CUST00658,PROD00151,9,0.1,2023-07-28
ORD001201,CUST00258,PROD00108,12,0.2,2024-04-22
ORD006122,CUST00376,PROD00115,3,0.0,2024-01-22
ORD004718,CUST00156,PROD00440,1,0.25,2024-11-11
ORD010248,CUST00914,PROD00263,13,0.0,2023-08-02
ORD007691,CUST00062,PROD00037,5,0.0,2024-03-22
ORD000567,CUST00570,PROD00229,1,0.0,2022-04-06
ORD009005,CUST00561,PROD00271,6,0.2,2023-10-13
ORD005934,CUST00399,PROD00107,13,0.05,2023-09-08
ORD005431,CUST00692,PROD00514,9,0.05,2024-09-26
ORD005869,CUST00685,PROD00166,5,0.1,2022-06-15
ORD006297,CUST00260,PROD00372,6,0.2,2023-03-02
ORD003928,CUST00885,PROD00126,10,0.15,2024-07-10
ORD006196,CUST00193,PROD00198,5,0.0,2023-03-08
ORD009286,CUST00576,PROD99292,8,0.0,2023-11-01
ORD009429,CUST00385,PROD00048,6,0.05,2023-04-10
ORD006609,CUST00848,PROD00399,5,0.1,2023-09-11
ORD007667,CUST00608,PROD00471,5,0.0,2022-11-17
ORD009137,CUST99838,PROD00086,13,0.05,2022-07-15
ORD007626,CUST00828,PROD00507,9,,2022-11-07
ORD009603,CUST00473,PROD00341,7,0.15,2024-03-27
ORD008911,CUST00687,PROD00150,2,0.0,2024-06-03
ORD002331,CUST00722,PROD00001,2,0.05,2024-02-07
ORD003516,CUST00663,PROD00138,10,0.0,2023-02-10
ORD002188,CUST00931,PROD00415,6,0.0,2022-06-15
ORD000196,CUST00666,PROD00233,9,0.0,2024-01-09
ORD008319,CUST00162,PROD00456,8,0.2,2024-09-07
ORD006992,CUST00967,PROD00438,6,0.25,2024-11-06
ORD005060,CUST00565,PROD00482,9,0.2,2024-02-11
ORD000803,CUST00288,PROD00076,12,0.05,2023-04-15
ORD005716,CUST00172,PROD00013,11,0.1,2023-09-15
ORD009242,CUST01022,PROD00411,13,0.3,2022-04-14
ORD010083,CUST00555,PROD00264,3,0.25,2023-11-19
ORD000242,CUST00784,PROD00287,4,,2023-11-28
ORD002069,CUST00472,PROD00136,2,0.0,2024-08-25
ORD006754,CUST00993,PROD99966,5,0.0,2023-02-16
ORD009421,CUST00781,PROD00246,2,0.0,2024-04-22
ORD000645,CUST00992,PROD00261,3,0.15,2023-06-20
ORD010095,CUST00720,PROD00437,9,0.05,2023-07-28
ORD005104,CUST00814,PROD00407,9,0.25,2023-06-20
ORD005461,CUST00266,PROD00470,11,0.3,2024-09-20
ORD001638,CUST00341,PROD00269,7,,2024-08-30
ORD000121,CUST00060,PROD00342,8,0.05,2022-08-24
ORD005874,CUST00243,PROD00359,7,0.0,2024-10-01
ORD002982,CUST00964,PROD00322,13,0.0,2024-07-20
ORD005070,CUST00455,PROD00070,13,0.05,2024-10-01
ORD003075,CUST00272,PROD00069,7,0.15,2023-08-18
ORD009619,CUST00008,PROD00211,6,0.15,2024-02-08
ORD003279,CUST00601,PROD00323,4,,2023-02-06
ORD002136,CUST00308,PROD00287,8,0.05,2024-03-13
ORD004922,CUST00569,PROD00265,8,0.0,2024-07-31
ORD004971,CUST00366,PROD00026,9,0.15,2023-10-17
ORD007220,CUST00570,PROD00453,13,0.0,2023-08-02
ORD000135,CUST00725,PROD00384,12,0.25,2024-04-07
ORD004352,CUST00476,PROD00262,10,0.1,2023-05-25
ORD005325,CUST00514,PROD00422,,0.1,2022-08-01
ORD010382,CUST00641,PROD00180,9,0.0,2023-03-23
ORD009422,CUST99343,PROD00319,,0.0,2023-12-16
ORD002560,CUST01010,PROD00352,12,0.1,2023-09-22
ORD000063,CUST00350,PROD00413,2,0.0,2022-04-14
ORD009197,CUST00825,PROD00044,11,0.05,2023-07-25
ORD001359,CUST00501,PROD00055,9,0.0,2023-11-21
ORD007640,CUST00157,PROD00034,1,0.2,2024-11-13
ORD010173,CUST00668,PROD00058,5,0.2,2023-09-04
ORD010196,CUST00493,PROD00351,9,,2023-01-25
ORD002468,CUST00064,PROD00369,8,0.0,2024-01-12
ORD000680,CUST00639,PROD00401,7,0.1,2022-06-06
ORD007925,CUST00857,PROD00200,12,0.15,2022-02-10
ORD000742,CUST00135,PROD00033,,0.0,2024-08-21
ORD005308,CUST00750,PROD00046,10,0.1,2024-12-02
ORD006267,CUST00434,PROD00151,13,0.15,2024-08-07
ORD007863,CUST00990,PROD00081,3,0.1,2024-08-04
ORD003642,CUST00565,PROD00178,8,0.05,2024-01-23
ORD000445,CUST00845,PROD00509,14,0.1,2024-08-23
ORD008794,CUST00169,PROD00310,7,0.2,2023-04-27
ORD003259,CUST00364,PROD00167,11,0.15,2023-09-09
ORD004664,CUST00432,PROD00414,8,0.1,2024-10-26
ORD001874,CUST99911,PROD00462,13,0.15,2024-05-17
ORD008252,CUST00602,PROD00064,11,0.0,2022-07-30
ORD002597,CUST00127,PROD00124,7,0.0,2024-01-26
ORD001718,CUST00442,PROD00310,11,0.0,2023-02-26
ORD002913,CUST00510,PROD00299,7,0.05,2022-10-14
ORD002844,CUST00605,PROD00217,13,0.15,2022-06-10
ORD004028,CUST99180,PROD00195,9,0.1,2023-10-01
ORD005489,CUST00804,PROD00433,5,0.0,2023-05-21
ORD009300,CUST00590,PROD00133,2,0.0,2022-10-19
ORD004486,CUST00714,PROD00339,11,0.05,2024-09-12
ORD002557,CUST00411,PROD00349,5,0.0,2022-01-31
ORD000490,CUST00608,PROD00351,11,0.15,2022-12-24
ORD000494,CUST00688,PROD00110,12,0.0,2022-11-24
ORD000691,CUST00209,PROD00181,5,0.15,2023-08-15
ORD007506,CUST00887,PROD00271,12,0.1,2023-10-18
ORD003822,CUST00203,PROD00033,11,0.0,2024-01-14
ORD000603,CUST00502,PROD00188,12,0.1,2023-10-19
ORD001912,CUST00507,PROD00456,12,0.0,2023-02-25
ORD001015,CUST00596,PROD00512,,0.0,2024-02-19
ORD007170,CUST00824,PROD00459,6,0.1,2023-01-31
ORD001994,CUST00033,PROD00137,4,0.15,2024-02-15
ORD006730,CUST00375,PROD00138,1,0.0,2022-01-04
ORD003758,CUST00375,PROD00387,11,,2024-03-03
ORD002367,CUST00931,PROD00319,9,0.0,2024-05-15
ORD005284,CUST00697,PROD00160,3,0.1,2024-09-09
ORD004371,CUST00847,PROD00308,,0.0,2022-08-08
ORD008024,CUST00965,PROD00171,1,0.0,2024-06-01
ORD008164,CUST00473,PROD00468,7,0.3,2022-08-12
ORD001362,CUST00672,PROD00157,13,0.2,2024-02-21
ORD006975,CUST00852,PROD00477,11,0.1,2023-10-20
ORD001527,CUST00209,PROD00136,6,0.0,2024-05-26
ORD001328,CUST00087,PROD00178,5,0.05,2024-08-18
ORD007088,CUST00776,PROD00451,4,0.25,2023-06-23
ORD010486,CUST00342,PROD00369,3,0.0,2023-05-15
ORD001552,CUST00679,PROD00049,10,0.05,2023-03-02
ORD007367,CUST00571,PROD00405,11,,2023-11-27
ORD010431,CUST99389,PROD00301,7,,2022-03-17
ORD001338,CUST00902,PROD00199,5,0.0,2024-04-02
ORD003902,CUST00588,PROD00112,5,0.2,2022-09-11
ORD003011,CUST01025,PROD00067,7,0.25,2022-01-26
ORD005042,CUST00635,PROD00361,5,0.15,2024-05-14
ORD009805,CUST00480,PROD00475,5,0.25,2022-02-23
ORD002251,CUST00811,PROD00065,12,0.0,2022-10-25
ORD007978,CUST00546,PROD00172,8,0.1,2024-11-08
ORD007624,CUST00747,PROD00116,12,0.0,2022-02-13
ORD005040,CUST00268,PROD00340,1,0.05,2024-02-09
ORD002347,CUST00656,PROD99087,2,0.15,2024-09-02
ORD009996,CUST00642,PROD00516,13,0.2,2024-10-13
ORD005486,CUST00185,PROD00442,5,0.15,2023-12-18
ORD009557,CUST00960,PROD00049,3,0.05,2022-03-21
ORD002785,CUST00502,PROD00136,10,0.05,2024-01-22
ORD005695,CUST00783,PROD00366,10,0.05,2023-01-03
ORD005120,CUST00095,PROD00059,9,0.0,2022-12-09
ORD005167,CUST01025,PROD00236,,0.0,2023-02-18
ORD005556,CUST00852,PROD00362,2,0.0,2022-03-15
ORD005600,CUST00751,PROD99934,7,,2022-01-10
ORD008210,CUST00963,PROD00256,,0.0,2023-11-06
ORD000151,CUST00909,PROD99104,2,0.0,2022-01-21
ORD002805,CUST00221,PROD00297,14,0.0,2024-08-05
ORD007250,CUST00542,PROD00168,1,,2024-11-26
ORD002087,CUST00152,PROD00305,8,0.1,2024-01-17
ORD003752,CUST01014,PROD00266,10,0.0,2024-06-26
ORD005613,CUST00267,PROD00434,8,0.0,2024-02-17
ORD002260,CUST00651,PROD00292,2,0.0,2024-10-31
ORD004018,CUST00188,PROD00372,4,0.0,2023-07-21
ORD009482,CUST00291,PROD00203,14,0.15,2022-04-05
ORD009066,CUST00675,PROD00061,4,0.1,2024-01-09
ORD002425,CUST00566,PROD00309,4,0.2,2023-03-17
ORD004139,CUST00811,PROD00247,10,0.15,2023-03-20
ORD003857,CUST00074,PROD00495,1,0.0,2022-02-06
ORD000860,CUST00048,PROD00416,8,,2023-08-12
ORD005368,CUST00273,PROD00505,9,0.0,2024-11-15
ORD002963,CUST00028,PROD00458,2,0.05,2023-01-17
ORD008851,CUST00782,PROD00369,2,0.0,2024-11-08
ORD008359,CUST00265,PROD00074,1,0.0,2023-10-08
ORD009222,CUST01049,PROD00369,3,0.0,2022-08-17
ORD004740,CUST00319,PROD00032,7,0.05,2023-11-06
ORD009255,CUST00287,PROD00039,6,0.1,2024-06-13
ORD004463,CUST00788,PROD00137,10,0.0,2024-11-09
ORD005529,CUST00747,PROD00251,7,0.0,2022-12-04
ORD001365,CUST01002,PROD00140,4,0.0,2022-04-02
ORD001780,CUST00256,PROD00024,3,0.0,2024-09-14
ORD007537,CUST01035,PROD00175,14,0.0,2024-08-04
ORD004786,CUST00778,PROD00035,1,0.2,2024-09-11
ORD007382,CUST99531,PROD00385,11,0.05,2023-08-08
ORD001819,CUST00253,PROD00242,5,0.0,2022-12-18
ORD000370,CUST00613,PROD00360,13,0.1,2023-09-19
ORD004938,CUST00885,PROD00353,3,0.0,2024-06-21
ORD002705,CUST00699,PROD00031,2,0.2,2023-06-20
ORD005286,CUST00897,PROD00441,12,0.2,2024-11-04
ORD000176,CUST00351,PROD00374,6,0.0,2023-08-08
ORD006406,CUST00789,PROD00099,6,0.0,2023-01-15
ORD008447,CUST00496,PROD00238,7,0.1,2023-09-04
ORD002094,CUST00614,PROD00343,1,0.0,2023-12-15
ORD009149,CUST00250,PROD00138,5,,2024-02-09
ORD003492,CUST00916,PROD00070,1,0.1,2024-06-18
ORD001921,CUST00409,PROD00093,5,0.1,2024-08-01
ORD000083,CUST00067,PROD00274,7,0.05,2022-03-12
ORD000817,CUST00232,PROD00147,7,0.25,2024-07-02
ORD009264,CUST00361,PROD00257,1,0.0,2023-04-25
ORD001092,CUST00906,PROD00158,3,0.0,2023-08-21
ORD004397,CUST00550,PROD00415,8,0.15,2023-11-11
ORD010097,CUST00958,PROD00068,1,0.05,2024-03-21
ORD005569,CUST00066,PROD00044,12,0.15,2023-03-10
ORD000284,CUST00158,PROD00118,2,0.1,2022-04-17
ORD006125,CUST00496,PROD00377,5,0.0,2022-09-08
ORD004121,CUST00771,PROD00317,9,0.1,2022-08-21
ORD009103,CUST00156,PROD00450,6,0.15,2023-10-29
ORD000610,CUST00036,PROD99492,4,0.0,2022-09-30
ORD002916,CUST00994,PROD00378,9,0.3,2024-01-15
ORD001814,CUST00300,PROD00212,7,0.0,2024-05-09
ORD001272,CUST00052,PROD00482,10,0.1,2024-05-10
ORD006904,CUST00195,PROD00283,2,0.1,2022-04-17
ORD010335,CUST00417,PROD99277,4,0.25,2022-05-25
ORD002995,CUST00415,PROD00236,6,0.25,2022-11-28
ORD008941,CUST00844,PROD00168,10,0.05,2022-07-18
ORD007818,CUST00242,PROD00343,10,0.0,2022-04-23
ORD006410,CUST00323,PROD00376,14,0.15,2023-09-25
ORD006105,CUST00671,PROD00011,6,0.05,2024-08-27
ORD010274,CUST00411,PROD00122,1,0.05,2023-04-19
ORD002643,CUST00166,PROD00191,11,0.0,2023-07-02
ORD007646,CUST00317,PROD00452,2,0.0,2022-10-22
ORD004509,CUST00948,PROD00449,1,0.3,2024-11-30
ORD002306,CUST00313,PROD00301,4,0.25,2024-08-24
ORD007587,CUST00348,PROD00396,3,0.1,2024-03-29
ORD007297,CUST00280,PROD00507,1,0.1,2023-05-18
ORD004196,CUST00684,PROD00218,5,0.0,2024-12-03
ORD005563,CUST00943,PROD00262,6,0.0,2022-10-23
ORD004841,CUST00273,PROD99092,12,0.0,2022-06-19
ORD004656,CUST00066,PROD00380,12,0.05,2022-04-01
ORD008799,CUST00340,PROD00426,14,0.3,2022-05-24
ORD004169,CUST00074,PROD00003,10,0.1,2024-01-06
ORD003850,CUST00526,PROD99715,9,0.15,2024-07-27
ORD008275,CUST00162,PROD00325,10,0.05,2023-02-01
ORD009041,CUST00167,PROD00449,1,0.3,2024-07-15
ORD005254,CUST00161,PROD00265,11,0.05,2023-02-14
ORD010307,CUST00477,PROD00148,13,0.0,2022-01-11
ORD005534,CUST00954,PROD00084,12,0.1,2024-05-29
ORD002415,CUST00928,PROD00491,3,0.1,2024-03-15
ORD003555,CUST00216,PROD00209,3,0.2,2023-07-27
ORD004692,CUST00856,PROD00372,3,0.0,2023-06-11
ORD004499,CUST00639,PROD00504,14,0.2,2023-07-10
ORD002196,CUST00867,PROD00426,9,0.2,2023-06-14
ORD005046,CUST00799,PROD00425,9,0.0,2024-02-15
ORD002601,CUST00061,PROD00030,12,0.05,2023-05-01
ORD006164,CUST00646,PROD00134,10,0.05,2024-05-28
ORD006374,CUST00494,PROD00193,12,0.0,2022-05-23
ORD001519,CUST00356,PROD00286,1,0.0,2023-09-30
ORD004765,CUST00465,PROD00453,10,0.25,2024-10-20
ORD004315,CUST00372,PROD00140,5,0.05,2024-08-06
ORD003367,CUST00881,PROD00440,2,0.0,2023-06-20
ORD006059,CUST00153,PROD00060,6,0.1,2022-11-04
ORD007874,CUST00684,PROD00442,6,0.1,2022-11-16
ORD007677,CUST00919,PROD00284,8,0.0,2022-10-07
ORD006310,CUST00811,PROD00363,11,0.0,2023-06-07
ORD002634,CUST00539,PROD00023,2,0.0,2023-04-12
ORD005756,CUST00582,PROD00307,2,0.0,2023-07-10
ORD005634,CUST00055,PROD00405,4,0.0,2022-02-14
ORD008825,CUST99320,PROD00398,3,,2023-12-04
ORD005923,CUST00816,PROD00067,4,0.15,2022-06-29
ORD010169,CUST00534,PROD00092,11,0.15,2024-11-19
ORD009473,CUST00425,PROD00099,8,0.0,2023-04-12
ORD002435,CUST00550,PROD00448,12,0.1,2023-11-14
ORD008913,CUST00039,PROD00246,9,0.0,2022-06-29
ORD007883,CUST00345,PROD00047,6,0.0,2024-12-20
ORD008110,CUST00040,PROD00332,8,0.2,2023-09-02
ORD008451,CUST00830,PROD00137,12,0.15,2024-02-22
ORD006065,CUST00093,PROD00097,11,0.05,2022-05-10
ORD004521,CUST00572,PROD00320,11,0.0,2022-02-12
ORD005588,CUST00397,PROD00241,7,0.1,2023-05-23
ORD003546,CUST00962,PROD00142,11,0.0,2022-06-04
ORD006953,CUST00600,PROD00379,13,0.05,2023-07-28
ORD006983,CUST00729,PROD00153,12,0.0,2023-05-23
ORD009490,CUST00014,PROD00251,13,0.0,2023-06-30
ORD005532,CUST00092,PROD00056,13,0.05,2023-05-28
ORD005445,CUST00476,PROD00372,9,0.0,2022-11-22
ORD000518,CUST00566,PROD00479,3,0.1,2024-06-22
ORD007117,CUST00948,PROD00166,7,0.0,2023-12-06
ORD006161,CUST00363,PROD00393,10,,2022-04-24
ORD010283,CUST00160,PROD00393,3,0.15,2024-11-25
ORD009781,CUST00884,PROD00293,2,0.1,2022-12-13
ORD008707,CUST00058,PROD00097,3,0.2,2022-10-28
ORD007476,CUST00840,PROD00287,8,0.2,2023-04-14
ORD001416,CUST00062,PROD00180,13,0.05,2024-09-03
ORD004665,CUST00305,PROD00132,6,0.15,2024-01-18
ORD004457,CUST00490,PROD00224,11,0.0,2024-06-01
ORD002762,CUST00776,PROD00216,7,0.0,2022-10-25
ORD006482,CUST01020,PROD00371,2,0.05,2023-10-18
ORD005912,CUST00519,PROD00341,12,0.1,2023-10-09
ORD006548,CUST00184,PROD00131,1,0.05,2024-06-25
ORD004856,CUST00561,PROD00283,9,0.05,2024-06-08
ORD009548,CUST00234,PROD00247,5,,2024-03-27
ORD000128,CUST00687,PROD00361,1,0.05,2022-06-17
ORD003475,CUST00411,PROD00202,13,0.0,2022-04-04
ORD006359,CUST00081,PROD00338,11,0.1,2023-09-27
ORD008704,CUST00310,PROD00218,10,0.2,2023-08-07
ORD004311,CUST00841,PROD00005,7,0.0,2022-10-13
ORD002439,CUST00194,PROD00216,3,0.0,2024-09-11
ORD003766,CUST00042,PROD00155,9,0.0,2022-03-05
ORD008016,CUST00878,PROD00464,9,0.05,2023-03-22
ORD002983,CUST00012,PROD00008,1,0.25,2023-05-22
ORD006433,CUST00842,PROD00427,13,0.15,2023-08-25
ORD006815,CUST00457,PROD00267,10,0.2,2024-11-18
ORD008349,CUST00788,PROD00306,,0.2,2023-08-25
ORD005390,CUST00460,PROD99014,2,0.0,2023-04-13
ORD001474,CUST00157,PROD00204,14,0.1,2024-09-28
ORD006341,CUST00588,PROD00286,12,0.05,2023-12-10
ORD004822,CUST00385,PROD00462,11,0.2,2024-07-17
ORD009668,CUST00285,PROD00252,12,0.0,2022-02-23
ORD003561,CUST00768,PROD00251,13,,2022-12-16
ORD003952,CUST00243,PROD00361,11,0.05,2024-04-16
ORD000050,CUST00278,PROD00074,2,0.0,2024-10-27
ORD005438,CUST00244,PROD00232,12,0.1,2023-04-18
ORD006898,CUST00459,PROD00056,12,0.05,2023-03-11
ORD000888,CUST00525,PROD00096,5,0.15,2024-09-28
ORD006262,CUST00255,PROD00230,2,0.1,2022-06-14
ORD006044,CUST00755,PROD00514,2,,2024-04-29
ORD002617,CUST00731,PROD00140,8,0.0,2023-05-18
ORD000517,CUST00158,PROD00307,7,0.15,2023-02-22
ORD003169,CUST00238,PROD00263,9,0.1,2024-03-30
ORD002950,CUST00477,PROD00221,11,,2024-09-27
ORD001425,CUST00315,PROD00261,12,0.0,2022-07-17
ORD000140,CUST00798,PROD00353,6,0.15,2024-07-14
ORD001925,CUST00873,PROD00207,1,0.05,2022-06-05
ORD002379,CUST00624,PROD00153,13,0.0,2022-04-11
ORD003198,CUST00669,PROD00166,5,0.0,2022-07-27
ORD005132,CUST00360,PROD00497,3,0.1,2024-11-14
ORD000113,CUST00684,PROD00273,11,0.0,2023-11-12
ORD004560,CUST00083,PROD00257,12,0.15,2023-03-14
ORD004596,CUST00702,PROD00308,3,0.0,2024-10-07
ORD005330,CUST00136,PROD00013,4,0.2,2024-11-23
ORD003251,CUST00857,PROD00008,5,0.15,2022-05-24
ORD004691,CUST00415,PROD00018,9,0.25,2024-05-25
ORD008403,CUST00635,PROD00278,12,0.0,2024-05-18
ORD003698,CUST00169,PROD00134,12,0.15,2022-01-26
ORD004547,CUST99232,PROD00069,11,0.1,2023-09-04
ORD007947,CUST00796,PROD00516,12,0.0,2024-08-15
ORD003278,CUST00410,PROD00101,6,,2023-12-03
ORD007515,CUST00165,PROD00372,4,0.15,2022-03-30
ORD007690,CUST00833,PROD00334,6,0.1,2023-09-24
ORD004069,CUST00406,PROD00070,4,0.2,2024-10-22
ORD004409,CUST00741,PROD00105,5,0.05,2024-12-21
ORD007163,CUST00207,PROD00469,7,0.0,2023-08-18
ORD009248,CUST00693,PROD00409,5,0.0,2022-08-26
ORD008391,CUST00718,PROD00466,13,0.05,2022-08-22
ORD003223,CUST00590,PROD00001,13,0.1,2023-12-09
ORD008869,CUST00494,PROD00450,4,0.15,2024-08-31
ORD000452,CUST00398,PROD00118,3,0.05,2022-07-06
ORD003732,CUST00977,PROD00227,2,0.05,2022-02-13
ORD009646,CUST00886,PROD00133,4,0.0,2022-11-02
ORD004987,CUST00202,PROD00370,4,0.0,2023-05-05
ORD003664,CUST00674,PROD00135,5,0.1,2022-08-21
ORD002764,CUST00308,PROD00080,5,0.1,2022-05-02
ORD000659,CUST00496,PROD00443,7,0.15,2023-03-20
ORD005603,CUST00154,PROD00423,12,0.05,2022-03-07
ORD001856,CUST00346,PROD00280,10,0.0,2024-05-18
ORD004621,CUST00970,PROD00352,4,0.05,2022-03-24
ORD001000,CUST00429,PROD00247,7,0.05,2024-03-23
ORD000390,CUST00094,PROD00211,10,0.05,2023-01-02
ORD003408,CUST99962,PROD00090,13,0.05,2023-09-24
ORD006427,CUST01036,PROD00225,8,0.1,2022-02-07
ORD001477,CUST00338,PROD00152,11,0.1,2023-12-07
ORD002241,CUST00843,PROD00109,1,0.05,2022-03-26
ORD002387,CUST00493,PROD00375,2,0.0,2023-01-29
ORD009844,CUST00235,PROD00025,6,0.1,2022-07-16
ORD000993,CUST00997,PROD00151,4,0.25,2022-01-11
ORD004998,CUST00592,PROD00458,1,0.25,2022-11-28
ORD003923,CUST00290,PROD00364,8,0.0,2024-06-05
ORD002973,CUST00762,PROD00348,10,,2023-03-02
ORD003387,CUST00375,PROD00325,10,0.1,2022-07-02
ORD008561,CUST00556,PROD00131,7,0.05,2023-04-12
ORD010009,CUST00342,PROD00519,14,0.25,2022-10-11
ORD008108,CUST00669,PROD00087,11,0.0,2022-09-14
ORD004770,CUST00386,PROD00355,5,0.1,2024-11-06
ORD001294,CUST00823,PROD00320,14,0.2,2023-05-27
ORD001825,CUST00350,PROD00237,1,0.0,2022-04-16
ORD002874,CUST00369,PROD00286,8,0.0,2022-11-05
ORD004174,CUST00312,PROD00007,13,0.0,2024-12-20
ORD002536,CUST01047,PROD00404,10,0.05,2022-12-16
ORD009837,CUST00510,PROD00364,14,0.1,2024-08-25
ORD001908,CUST00508,PROD00218,4,0.2,2022-10-21
ORD000043,CUST00624,PROD00421,1,0.0,2022-06-16
ORD010220,CUST00301,PROD00379,14,,2023-07-15
ORD000369,CUST00787,PROD00461,1,0.05,2022-12-16
ORD006034,CUST00879,PROD00297,2,0.0,2023-03-27
ORD001152,CUST01034,PROD00368,5,0.0,2023-03-04
ORD001568,CUST00621,PROD00294,1,0.3,2023-04-13
ORD007411,CUST00533,PROD00464,3,0.05,2024-05-22
ORD006891,CUST00889,PROD00388,7,0.0,2023-03-24
ORD007592,CUST00249,PROD00270,12,0.1,2023-05-04
ORD008472,CUST00990,PROD00326,10,0.15,2024-11-20
ORD004161,CUST00477,PROD00254,14,0.15,2024-10-31
ORD004288,CUST00865,PROD00092,1,0.15,2022-03-17
ORD002231,CUST00873,PROD00362,6,0.0,2022-01-27
ORD007830,CUST00205,PROD00347,2,0.1,2022-10-22
ORD000175,CUST00581,PROD00160,13,0.15,2024-12-14
ORD001904,CUST00701,PROD00292,9,0.0,2024-03-02
ORD001100,CUST00328,PROD00145,7,0.0,2023-07-31
ORD008779,CUST00182,PROD00493,8,0.15,2023-02-07
ORD003409,CUST00838,PROD00138,9,0.1,2024-07-30
ORD001539,CUST00878,PROD00451,7,0.15,2023-11-07
ORD002293,CUST00157,PROD00281,3,0.3,2023-12-25
ORD010015,CUST00455,PROD00338,8,0.3,2023-11-14
ORD001364,CUST01041,PROD00063,2,0.05,2024-05-23
ORD008130,CUST00377,PROD00480,6,,2022-03-15
ORD007809,CUST00271,PROD00268,8,0.05,2022-12-26
ORD005261,CUST00390,PROD00457,3,0.1,2023-11-13
ORD007946,CUST00951,PROD00190,8,0.25,2023-12-22
ORD008204,CUST00465,PROD00345,6,0.15,2024-06-21
ORD000681,CUST00910,PROD00396,2,0.15,2023-03-30
ORD010032,CUST00660,PROD00409,11,0.3,2024-03-13
ORD008538,CUST00214,PROD00133,5,,2022-08-25
ORD003665,CUST00845,PROD00166,1,0.0,2022-10-15
ORD009707,CUST00568,PROD00394,1,0.05,2024-01-19
ORD001662,CUST00974,PROD00375,7,0.15,2022-12-29
ORD000509,CUST00927,PROD00128,,0.15,2022-04-20
ORD000167,CUST00395,PROD00041,12,0.05,2023-05-07
ORD005498,CUST00439,PROD00458,10,0.0,2024-01-26
ORD008937,CUST00776,PROD00244,9,0.0,2023-03-10
ORD001007,CUST00912,PROD00286,2,0.0,2022-07-23
ORD008991,CUST00302,PROD00072,9,0.25,2023-01-29
ORD001915,CUST01029,PROD00291,8,0.1,2022-08-17
ORD003495,CUST00256,PROD00376,7,0.2,2024-06-15
ORD010374,CUST00657,PROD00334,10,0.2,2023-09-18
ORD010494,CUST01045,PROD00258,7,0.1,2023-11-03
ORD007508,CUST00526,PROD00187,1,0.1,2024-08-26
ORD004991,CUST00236,PROD00004,7,0.0,2023-07-20
ORD002537,CUST00109,PROD00186,3,0.1,2022-12-26
ORD001105,CUST00532,PROD00437,2,0.15,2022-05-10
ORD003876,CUST00688,PROD00319,4,0.0,2022-06-10
ORD008469,CUST00145,PROD00344,,0.2,2022-06-22
ORD001753,CUST01001,PROD00519,9,0.0,2022-03-29
ORD005311,CUST00543,PROD00111,5,0.15,2024-02-15
ORD005953,CUST00220,PROD00111,7,0.1,2022-11-07
ORD008119,CUST00352,PROD00203,11,0.0,2022-03-07
ORD002917,CUST00580,PROD00256,8,0.0,2022-08-07
ORD008751,CUST00910,PROD00203,1,0.2,2024-08-22
ORD005755,CUST00509,PROD00359,11,0.1,2023-07-15
ORD000153,CUST00316,PROD00099,10,0.0,2024-02-13
ORD005231,CUST01015,PROD00285,1,0.0,2023-07-26
ORD008577,CUST00817,PROD00321,14,0.15,2023-03-13
ORD005680,CUST00484,PROD00070,13,0.0,2022-04-02
ORD003908,CUST00942,PROD00297,13,0.0,2022-01-20
ORD009840,CUST00322,PROD00160,4,0.1,2023-06-13
ORD002553,CUST00900,PROD00211,10,0.0,2023-03-18
ORD002774,CUST00742,PROD00296,1,0.1,2022-07-03
ORD007105,CUST00349,PROD00341,5,0.15,2023-09-10
ORD003552,CUST00293,PROD00029,7,0.0,2023-11-23
ORD003723,CUST00643,PROD00031,6,0.1,2024-08-09
ORD007748,CUST00573,PROD99865,12,0.15,2022-05-20
ORD000521,CUST00047,PROD00082,11,0.0,2024-06-13
ORD008736,CUST00088,PROD00256,11,0.0,2023-01-16
ORD008614,CUST00888,PROD00491,3,0.05,2022-10-21
ORD009645,CUST00326,PROD00060,4,0.05,2023-10-12
ORD004539,CUST00845,PROD00383,9,0.0,2024-02-05
ORD006176,CUST00711,PROD00371,13,0.0,2022-08-23
ORD007904,CUST00840,PROD00485,12,0.2,2023-10-08
ORD001823,CUST00578,PROD00492,9,0.1,2023-12-20
ORD004087,CUST00970,PROD00378,4,0.25,2024-03-25
ORD007553,CUST00727,PROD00085,4,0.1,2024-01-18
ORD009419,CUST00831,PROD00135,4,0.15,2023-07-18
ORD006897,CUST01041,PROD00198,11,0.0,2024-12-10
ORD001992,CUST00450,PROD00276,12,0.2,2024-06-07
ORD009486,CUST00549,PROD00202,8,0.25,2023-07-27
ORD000310,CUST00085,PROD00335,7,0.05,2023-07-30
ORD004309,CUST00635,PROD00042,12,0.0,2024-02-16
ORD007539,CUST00128,PROD00164,7,0.1,2024-03-23
ORD008356,CUST00086,PROD00186,11,0.0,2024-10-15
ORD003600,CUST00464,PROD00055,10,0.05,2022-11-22
ORD003623,CUST99120,PROD00370,2,0.1,2023-07-24
ORD003812,CUST00086,PROD00331,9,0.0,2024-06-17
ORD006006,CUST00035,PROD00361,6,0.05,2022-09-18
ORD003451,CUST01050,PROD00327,2,0.05,2023-04-01
ORD004592,CUST00449,PROD00212,9,0.0,2023-05-26
ORD000206,CUST00847,PROD00158,13,0.0,2023-09-09
ORD003449,CUST00997,PROD00040,1,0.1,2023-01-27
ORD001136,CUST00757,PROD00278,1,0.25,2023-07-27
ORD006681,CUST00586,PROD00149,10,0.05,2023-06-13
ORD010105,CUST00409,PROD00217,1,0.05,2023-12-09
ORD002750,CUST00294,PROD00347,12,0.15,2022-04-18
ORD003614,CUST00327,PROD00161,7,0.05,2024-06-02
ORD000306,CUST00298,PROD00516,,0.25,2023-04-09
ORD001850,CUST00280,PROD00513,14,0.2,2024-09-29
ORD007509,CUST00353,PROD00005,9,0.15,2024-09-03
ORD009858,CUST00992,PROD00200,14,0.0,2023-01-23
ORD001989,CUST00604,PROD00181,10,0.15,2022-09-09
ORD003241,CUST00582,PROD00485,1,0.25,2023-01-17
ORD002799,CUST00272,PROD00116,12,,2022-12-09
ORD004516,CUST00117,PROD00349,1,0.2,2023-07-02
ORD005631,CUST00006,PROD00388,7,0.0,2024-05-03
ORD008575,CUST01038,PROD00519,5,0.2,2024-07-08
ORD003110,CUST00518,PROD00245,11,0.05,2023-12-09
ORD004940,CUST00326,PROD00431,3,0.0,2024-07-16
ORD004060,CUST00790,PROD00294,7,0.05,2024-05-07
ORD001988,CUST00837,PROD00420,12,0.0,2024-11-16
ORD005935,CUST00471,PROD00386,3,0.0,2023-09-30
ORD009563,CUST00221,PROD00310,6,0.0,2022-06-06
ORD007714,CUST00267,PROD00146,14,0.05,2022-07-31
ORD000384,CUST00939,PROD00418,7,0.15,2022-06-09
ORD005635,CUST00845,PROD00452,7,0.1,2024-07-24
ORD004308,CUST00962,PROD00478,2,0.15,2022-08-23
ORD003389,CUST00437,PROD00510,6,0.0,2023-02-27
ORD003157,CUST00816,PROD00327,7,0.15,2022-01-27
ORD006054,CUST00297,PROD00099,1,0.0,2024-02-15
ORD007282,CUST00884,PROD00230,2,0.1,2023-08-19
ORD006535,CUST00701,PROD00125,13,0.15,2022-02-06
ORD002728,CUST00163,PROD00210,3,0.15,2024-05-23
ORD008688,CUST00532,PROD00157,14,0.05,2023-01-23
ORD007320,CUST00296,PROD00184,4,0.0,2023-03-19
ORD009356,CUST00296,PROD00365,2,0.1,2023-06-30
ORD008940,CUST00521,PROD00343,4,0.0,2023-12-07
ORD010424,CUST00181,PROD00483,8,0.1,2022-12-30
ORD007041,CUST00710,PROD00409,12,0.0,2024-10-18
ORD003833,CUST00824,PROD00333,9,0.05,2022-06-30
ORD009378,CUST00368,PROD00457,7,0.15,2024-06-15
ORD004777,CUST00239,PROD00304,8,0.05,2023-04-07
ORD004277,CUST01015,PROD00041,1,0.25,2023-06-04
ORD000254,CUST00872,PROD00480,6,0.1,2023-05-30
ORD007557,CUST00956,PROD00139,7,0.0,2023-10-21
ORD010329,CUST00463,PROD00028,12,0.3,2024-05-29
ORD002925,CUST00851,PROD00090,12,0.1,2022-11-10
ORD000279,CUST00970,PROD00257,6,0.15,2024-09-16
ORD006772,CUST00004,PROD00043,12,0.0,2023-08-30
ORD003253,CUST00744,PROD00371,1,0.25,2024-01-01
ORD007284,CUST00973,PROD00158,13,0.1,2024-09-24
ORD002481,CUST00932,PROD00444,12,0.1,2022-04-04
ORD000290,CUST00758,PROD00476,1,,2024-07-22
ORD007092,CUST00812,PROD00347,6,0.05,2023-10-24
ORD003076,CUST00777,PROD00051,14,0.1,2023-02-16
ORD004074,CUST00328,PROD00419,2,0.05,2022-05-20
ORD002584,CUST00531,PROD00006,6,0.1,2023-11-05
ORD007459,CUST00767,PROD00165,14,0.0,2022-05-12
ORD006109,CUST00437,PROD00041,2,0.0,2022-11-05
ORD005090,CUST00686,PROD00363,7,0.05,2024-08-15
ORD006333,CUST00755,PROD00400,9,0.1,2023-10-22
ORD007794,CUST00502,PROD00117,12,0.05,2022-03-11
ORD008333,CUST00559,PROD00004,10,0.0,2024-04-05
ORD010461,CUST00568,PROD00167,2,0.3,2023-12-28
ORD009365,CUST00873,PROD00166,2,0.15,2022-10-23
ORD006851,CUST00519,PROD00106,3,0.1,2024-03-20
ORD009650,CUST00810,PROD00099,11,0.3,2022-01-25
ORD008597,CUST00873,PROD00251,4,0.15,2024-11-27
ORD004067,CUST00034,PROD00321,11,0.2,2022-01-07
ORD000271,CUST00704,PROD00305,2,0.0,2023-01-05
ORD006010,CUST00777,PROD00377,13,0.15,2023-11-19
ORD010120,CUST00473,PROD00181,4,0.1,2023-11-07
ORD004571,CUST00105,PROD00030,5,,2023-01-25
ORD003577,CUST00999,PROD00110,10,0.15,2023-07-14
ORD003566,CUST00070,PROD00420,,0.1,2022-10-18
ORD002972,CUST00556,PROD00424,1,0.0,2022-03-25
ORD007217,CUST00824,PROD00303,13,0.15,2024-10-09
ORD009449,CUST00939,PROD00319,2,0.1,2024-12-22
ORD004208,CUST00327,PROD00261,12,0.2,2022-05-20
ORD003219,CUST00563,PROD00367,7,0.0,2023-09-24
ORD001392,CUST00169,PROD99719,1,0.15,2023-06-17
ORD006697,CUST00221,PROD00460,5,0.0,2022-11-12
ORD003976,CUST00518,PROD00056,14,0.05,2022-10-11
ORD004317,CUST00100,PROD00061,11,0.1,2022-06-19
ORD007810,CUST99550,PROD00060,12,0.25,2023-12-12
ORD002676,CUST00732,PROD00008,14,0.0,2022-04-12
ORD006898,CUST00459,PROD00056,12,0.05,2023-03-11
ORD001423,CUST00048,PROD00433,2,0.15,2024-09-05
ORD000084,CUST00612,PROD00405,6,0.0,2023-08-19
ORD000874,CUST00884,PROD00055,6,0.0,2022-01-30
ORD010345,CUST00119,PROD00214,4,0.15,2023-07-08
ORD008526,CUST01037,PROD00159,10,0.2,2022-02-28
ORD004558,CUST00603,PROD00517,1,0.1,2024-01-31
ORD004501,CUST00189,PROD00492,5,0.05,2022-07-10
ORD004648,CUST01005,PROD00426,10,,2023-01-07
ORD007730,CUST00871,PROD99384,4,0.0,2023-01-18
ORD006471,CUST00390,PROD00322,13,0.0,2022-12-26
ORD002039,CUST00788,PROD00055,7,0.0,2023-04-14
ORD008423,CUST00769,PROD00003,13,0.0,2024-05-14
ORD010438,CUST00699,PROD00008,7,0.2,2024-03-15
ORD008053,CUST00031,PROD00483,1,0.1,2023-10-11
ORD002451,CUST01001,PROD00471,10,0.0,2024-05-25
ORD003955,CUST00576,PROD00278,3,0.1,2024-04-25
ORD002330,CUST00602,PROD00400,8,0.15,2024-03-19
ORD010314,CUST00319,PROD00142,2,0.1,2022-02-11
ORD006243,CUST00935,PROD00325,10,0.0,2024-08-11
ORD008199,CUST00102,PROD00284,3,0.3,2023-07-31
ORD005043,CUST00516,PROD00107,6,0.1,2022-09-06
ORD010085,CUST00573,PROD00104,3,0.1,2022-03-31
ORD004747,CUST00986,PROD00459,13,0.0,2024-10-08
ORD010088,CUST00843,PROD00335,10,0.2,2023-09-19
ORD008857,CUST00612,PROD00139,11,0.05,2023-11-26
ORD010114,CUST00479,PROD00043,10,0.0,2024-10-18
ORD007745,CUST00597,PROD00512,11,0.05,2024-01-21
ORD007407,CUST00757,PROD00153,7,0.2,2024-04-13
ORD002402,CUST00316,PROD00140,4,0.05,2023-09-25
ORD005521,CUST00679,PROD00181,2,0.1,2023-09-08
ORD001217,CUST00144,PROD00463,2,0.1,2022-05-21
ORD009368,CUST00247,PROD00397,3,0.05,2024-04-12
ORD006021,CUST00551,PROD00255,10,0.2,2022-04-16
ORD008004,CUST00828,PROD00246,12,0.0,2022-05-20
ORD001065,CUST00414,PROD00452,10,0.2,2022-01-18
ORD003787,CUST01020,PROD00226,13,0.15,2024-06-19
ORD004411,CUST00948,PROD00066,1,0.0,2022-10-14
ORD007998,CUST00769,PROD00492,10,0.1,2024-11-25
ORD007885,CUST00654,PROD00270,3,0.1,2024-07-21
ORD005524,CUST00439,PROD00253,13,0.25,2024-06-27
ORD005997,CUST00500,PROD00196,2,0.15,2024-08-02
ORD009519,CUST00605,PROD00024,3,0.15,2024-04-24
ORD005889,CUST00812,PROD00048,-5,0.1,2024-06-19
ORD002162,CUST00970,PROD00405,9,0.05,2022-05-03
ORD003009,CUST00901,PROD00026,12,0.0,2022-06-10
ORD009405,CUST00450,PROD00267,12,,2024-01-09
ORD001106,CUST00726,PROD00483,5,0.0,2024-04-25
ORD007763,CUST00242,PROD00359,13,0.1,2024-01-18
ORD000693,CUST00408,PROD00160,2,0.0,2022-04-28
ORD002004,CUST00982,PROD00063,4,0.15,2024-10-01
ORD004957,CUST00237,PROD00348,7,0.1,2022-07-12
ORD007696,CUST00711,PROD00347,2,0.1,2023-06-28
ORD009124,CUST00713,PROD00459,12,0.05,2022-06-04
ORD004370,CUST00506,PROD00307,3,0.0,2024-08-29
ORD002766,CUST00460,PROD00138,12,0.2,2022-05-07
ORD003930,CUST00423,PROD00443,5,0.1,2022-03-18
ORD008249,CUST00992,PROD00439,2,0.1,2023-08-28
ORD009412,CUST00550,PROD00246,10,0.0,2022-01-01
ORD009894,CUST00158,PROD00408,14,0.0,2023-06-25
ORD007453,CUST00061,PROD00356,7,0.3,2024-04-02
ORD000629,CUST00317,PROD00274,9,0.05,2024-07-16
ORD002452,CUST00968,PROD99412,9,0.0,2024-04-12
ORD007274,CUST00364,PROD00511,14,0.2,2022-07-29
ORD007673,CUST00808,PROD00181,7,0.05,2022-08-27
ORD003825,CUST00417,PROD00500,6,0.2,2024-11-17
ORD009672,CUST00234,PROD00403,6,1.5,2023-09-09
ORD002653,CUST00777,PROD00473,5,0.0,2024-09-13
ORD009808,CUST00689,PROD00129,13,0.15,2022-10-30
ORD003744,CUST00645,PROD00132,1,0.0,2022-08-01
ORD002177,CUST00325,PROD00430,12,0.1,2024-06-09
ORD010079,CUST00193,PROD00111,14,0.1,2023-10-25
ORD006690,CUST00690,PROD00294,9,0.15,2024-10-22
ORD009976,CUST00349,PROD00425,4,0.05,2022-04-23
ORD003319,CUST00625,PROD00240,5,0.2,2022-01-01
ORD007392,CUST00285,PROD00058,4,0.1,2023-05-30
ORD002788,CUST00588,PROD00338,8,0.1,2022-04-12
ORD004106,CUST00798,PROD00027,12,0.05,2023-12-07
ORD007408,CUST00676,PROD00225,8,0.25,2023-02-17
ORD001677,CUST00618,PROD00135,11,0.1,2022-10-27
ORD003948,CUST00359,PROD00466,14,0.15,2024-12-22
ORD004445,CUST00311,PROD00280,6,0.0,2022-01-17
ORD002937,CUST01038,PROD00518,11,0.05,2022-08-22
ORD007769,CUST00679,PROD00096,12,0.2,2023-06-09
ORD002838,CUST00082,PROD00444,5,0.05,2023-12-12
ORD005723,CUST01041,PROD00438,10,0.1,2023-06-10
ORD009618,CUST00526,PROD00314,13,0.1,2023-04-18
ORD002504,CUST00792,PROD00370,5,0.1,2024-11-24
ORD009454,CUST00651,PROD00185,12,0.15,2024-03-14
ORD002370,CUST00098,PROD00446,10,0.1,2022-05-26
ORD004968,CUST00172,PROD00257,10,0.0,2022-05-16
ORD005884,CUST01031,PROD00328,2,0.1,2024-12-23
ORD002218,CUST00008,PROD00084,13,0.15,2022-04-17
ORD005848,CUST00769,PROD00195,1,0.15,2024-01-17
ORD002219,CUST00258,PROD00505,1,0.05,2023-05-04
ORD003327,CUST00025,PROD00471,3,0.0,2023-02-06
ORD008197,CUST00061,PROD00259,3,,2023-11-14
ORD003584,CUST00937,PROD00342,9,0.0,2023-04-22
ORD005639,CUST00868,PROD00345,3,0.0,2022-07-30
ORD003620,CUST00311,PROD00259,9,0.0,2022-08-31
ORD006218,CUST00322,PROD00077,7,0.0,2024-08-26
ORD002469,CUST00883,PROD00442,13,0.0,2023-08-18
ORD007494,CUST00741,PROD00039,12,0.1,2024-07-04
ORD003116,CUST00821,PROD00037,1,0.05,2024-11-14
ORD000086,CUST00854,PROD00023,14,0.0,2023-11-29
ORD009111,CUST00662,PROD00132,1,0.05,2022-12-09
ORD005974,CUST00488,PROD00354,7,0.1,2023-04-24
ORD002802,CUST00495,PROD00051,14,0.05,2023-06-16
ORD003672,CUST00329,PROD00216,9,0.15,2024-10-11
ORD003668,CUST00705,PROD00174,13,0.1,2024-05-28
ORD009988,CUST00277,PROD00037,3,0.0,2022-03-04
ORD000312,CUST00885,PROD00260,9,0.1,2022-07-24
ORD005159,CUST00862,PROD00053,9,0.1,2024-06-19
ORD006977,CUST99947,PROD00155,10,0.0,2023-11-13
ORD005726,CUST00623,PROD00339,13,0.05,2024-03-02
ORD004591,CUST00989,PROD00370,14,0.1,2024-09-27
ORD002020,CUST00172,PROD00491,3,0.0,2023-12-20
ORD003424,CUST00799,PROD00302,6,0.0,2022-11-19
ORD002526,CUST01049,PROD00404,8,0.25,2024-09-20
ORD008354,CUST00822,PROD00083,6,0.0,2024-03-09
ORD007263,CUST00761,PROD00134,14,0.05,2022-08-17
ORD003213,CUST00381,PROD00349,8,0.0,2024-10-18
ORD000520,CUST00419,PROD00134,4,0.1,2023-06-08
ORD005367,CUST00506,PROD00021,3,0.1,2022-08-19
ORD007887,CUST00803,PROD00494,6,0.0,2022-10-08
ORD006594,CUST00874,PROD00426,1,0.15,2022-01-29
ORD002896,CUST00449,PROD00334,13,0.05,2023-06-08
ORD000245,CUST00386,PROD00077,11,0.1,2023-03-25
ORD005931,CUST00138,PROD00019,10,0.05,2022-02-13
ORD004715,CUST00084,PROD00155,5,0.2,2023-06-23
ORD009919,CUST00745,PROD00481,9,0.15,2024-08-17
ORD003426,CUST00769,PROD00300,2,0.1,2024-07-27
ORD007856,CUST00515,PROD00473,1,0.05,2023-09-20
ORD008076,CUST00131,PROD00169,1,0.05,2024-10-26
ORD009089,CUST00154,PROD00445,4,0.05,2024-12-24
ORD007739,CUST00923,PROD00363,1,0.1,2022-11-23
ORD007198,CUST00215,PROD00102,8,0.0,2022-04-26
ORD008313,CUST00990,PROD00225,5,0.0,2023-03-16
ORD005510,CUST00949,PROD00348,4,0.05,2022-02-26
ORD006298,CUST00027,PROD00079,5,0.15,2024-06-23
ORD002002,CUST00475,PROD00199,4,0.0,2023-04-28
ORD000886,CUST00815,PROD00038,9,0.1,2022-12-31
ORD000870,CUST01013,PROD00279,6,0.1,2024-03-31
ORD006455,CUST00446,PROD00277,3,0.15,2024-03-07
ORD010432,CUST00059,PROD00069,12,0.1,2024-05-21
ORD008603,CUST00094,PROD00395,2,0.0,2023-05-03
ORD005721,CUST01032,PROD00446,3,0.0,2024-10-21
ORD000357,CUST01005,PROD00223,10,0.0,2024-07-30
ORD003678,CUST00627,PROD00192,7,0.15,2022-07-14
ORD005452,CUST00872,PROD00378,9,0.15,2022-06-10
ORD007161,CUST00087,PROD00134,6,0.15,2022-07-12
ORD008823,CUST00848,PROD00390,6,0.05,2024-10-01
ORD007500,CUST00642,PROD00498,8,0.1,2022-04-13
ORD002744,CUST01039,PROD00347,12,0.0,2022-10-16
ORD007927,CUST00893,PROD00137,5,0.2,2024-12-19
ORD001276,CUST00675,PROD00096,14,0.25,2022-07-23
ORD001891,CUST00809,PROD00186,14,0.15,2024-10-23
ORD009358,CUST00708,PROD00230,11,0.0,2023-06-15
ORD006416,CUST00938,PROD00520,4,0.15,2022-04-04
ORD007663,CUST00126,PROD00106,6,0.15,2024-01-25
ORD009891,CUST00347,PROD00198,10,0.05,2023-09-09
ORD003564,CUST00406,PROD00324,6,0.05,2022-12-07
ORD005788,CUST00509,PROD00190,14,,2022-04-12
ORD004959,CUST00471,PROD00137,3,0.0,2022-01-14
ORD001547,CUST00651,PROD00108,2,0.3,2022-04-29
ORD006194,CUST00583,PROD00434,14,0.0,2023-02-15
ORD002381,CUST00778,PROD00132,7,0.2,2024-06-13
ORD006475,CUST00462,PROD00270,7,0.0,2023-06-18
ORD003824,CUST00656,PROD00082,2,0.0,2023-12-10
ORD003233,CUST00161,PROD00369,5,0.0,2022-08-24
ORD009039,CUST00558,PROD00455,10,0.0,2023-12-10
ORD003307,CUST00676,PROD00380,1,0.15,2023-06-08
ORD000493,CUST00166,PROD99373,7,0.15,2022-11-09
ORD003500,CUST00734,PROD00419,3,0.2,2022-01-16
ORD007773,CUST00543,PROD00120,1,0.0,2023-10-04
ORD001117,CUST00844,PROD00103,1,0.05,2023-06-16
ORD005638,CUST00185,PROD00066,4,0.15,2022-08-13
ORD009456,CUST00924,PROD00506,2,0.15,2022-11-02
ORD006147,CUST00020,PROD00372,3,0.05,2023-01-30
ORD003708,CUST00043,PROD00019,13,0.05,2023-03-18
ORD009457,CUST00074,PROD00434,1,0.3,2023-05-06
ORD007821,CUST00633,PROD00342,13,0.1,2023-08-04
ORD008858,CUST00054,PROD00170,8,0.25,2023-05-24
ORD006858,CUST00198,PROD00239,12,0.3,2024-11-08
ORD002013,CUST00932,PROD00473,,0.15,2023-06-08
ORD006590,CUST00833,PROD00120,13,0.0,2022-05-10
ORD009769,CUST00342,PROD00339,,0.2,2022-10-16
ORD003646,CUST99730,PROD00148,12,0.15,2022-04-19
ORD002501,CUST00166,PROD00410,12,0.0,2023-10-02
ORD005678,CUST00077,PROD00512,7,0.0,2024-10-14
ORD008632,CUST00886,PROD00159,1,0.1,2024-06-04
ORD005242,CUST00137,PROD00456,11,0.15,2024-01-16
ORD007607,CUST00020,PROD00324,2,0.0,2023-08-08
ORD002784,CUST00257,PROD00109,9,0.0,2024-06-08
ORD006159,CUST00912,PROD00446,3,0.0,2022-01-18
ORD003810,CUST00589,PROD00416,2,0.0,2022-02-28
ORD007721,CUST00248,PROD00231,11,0.15,2023-12-15
ORD009314,CUST00658,PROD00264,13,0.0,2023-04-02
ORD002994,CUST00826,PROD00193,6,0.0,2024-06-14
ORD001697,CUST00183,PROD00094,2,0.1,2024-02-05
ORD005686,CUST01028,PROD00161,8,0.25,2024-01-21
ORD002296,CUST00924,PROD00368,5,0.0,2022-05-23
ORD008859,CUST00663,PROD00053,,0.15,2024-09-21
ORD006505,CUST00316,PROD00474,12,0.1,2023-08-01
ORD005940,CUST00025,PROD00514,14,0.25,2022-08-13
ORD002053,CUST00157,PROD00381,10,0.1,2024-01-11
ORD001777,CUST00423,PROD00389,,0.15,2024-06-19
ORD007653,CUST00866,PROD00251,13,0.25,2023-08-28
ORD003314,CUST00287,PROD00297,14,,2023-03-30
ORD004782,CUST00872,PROD00244,5,0.15,2024-12-12
ORD006633,CUST00355,PROD00192,1,,2024-03-24
ORD008171,CUST00357,PROD00424,8,0.15,2024-06-26
ORD007908,CUST00740,PROD00200,11,,2024-10-10
ORD001593,CUST00146,PROD00356,5,0.05,2023-04-29
ORD001724,CUST00367,PROD00473,13,0.0,2022-10-21
ORD000216,CUST00949,PROD00130,1,0.2,2023-10-14
ORD007373,CUST00885,PROD00444,1,0.05,2023-11-20
ORD006708,CUST00712,PROD00148,1,0.0,2024-01-14
ORD008891,CUST00888,PROD00174,13,0.3,2022-07-05
ORD000491,CUST00553,PROD00103,14,0.2,2023-12-19
ORD009838,CUST00763,PROD00160,6,0.05,2022-05-27
ORD003484,CUST00414,PROD00169,1,0.15,2022-08-05
ORD007007,CUST00894,PROD00216,12,0.2,2023-03-25
ORD005103,CUST00599,PROD00173,-3,0.1,2024-01-24
ORD005188,CUST00242,PROD00399,9,0.0,2022-07-26
ORD003432,CUST00848,PROD00151,9,0.1,2022-01-23
ORD006600,CUST00760,PROD00480,13,0.05,2022-01-24
ORD007338,CUST00275,PROD99588,3,0.15,2022-05-20
ORD000461,CUST00471,PROD00022,14,0.25,2022-08-08
ORD006411,CUST00239,PROD00032,7,0.05,2022-05-22
ORD006651,CUST00803,PROD00483,6,0.15,2022-12-02
ORD005514,CUST00535,PROD00289,9,0.2,2023-12-11
ORD010214,CUST01032,PROD00034,7,0.0,2024-05-19
ORD000026,CUST00416,PROD00447,9,0.0,2022-08-20
ORD003513,CUST00799,PROD00049,8,0.05,2023-11-25
ORD002410,CUST00210,PROD00294,13,0.1,2022-11-11
ORD003271,CUST00341,PROD00335,9,0.25,2023-02-27
ORD005210,CUST00459,PROD00238,13,0.05,2022-11-03
ORD009385,CUST00761,PROD00198,1,0.25,2023-10-22
ORD001553,CUST00422,PROD00427,5,,2023-09-28
ORD010376,CUST00630,PROD00312,6,0.1,2024-03-16
ORD009287,CUST00132,PROD00170,7,0.1,2024-11-21
ORD007939,CUST00531,PROD00099,13,0.25,2022-11-30
ORD003872,CUST00116,PROD00362,3,0.05,2022-10-09
ORD003403,CUST00628,PROD00382,10,0.05,2023-08-31
ORD004530,CUST00828,PROD00184,1,0.25,2023-12-05
ORD000980,CUST00093,PROD00084,12,0.2,2023-12-16
ORD002656,CUST00773,PROD00213,11,0.05,2023-12-08
ORD001848,CUST00022,PROD00360,13,0.0,2024-09-06
ORD008702,CUST00319,PROD00470,3,0.05,2022-02-13
ORD008875,CUST00191,PROD00208,4,0.1,2024-11-04
ORD008257,CUST00910,PROD00078,1,,2023-11-11
ORD008342,CUST00996,PROD00049,7,0.3,2023-09-15
ORD005722,CUST00594,PROD00218,11,0.1,2023-11-24
ORD000516,CUST00591,PROD00318,8,,2022-11-21
ORD008856,CUST00539,PROD99374,5,0.1,2022-11-07
ORD010388,CUST00202,PROD00332,7,0.0,2024-09-05
ORD008935,CUST00207,PROD00041,7,0.1,2023-12-06
ORD001103,CUST01035,PROD00406,12,0.1,2023-02-18
ORD003277,CUST00491,PROD00027,4,0.0,2024-02-20
ORD010259,CUST00611,PROD00216,8,0.0,2022-03-10
ORD005346,CUST00316,PROD00409,13,0.0,2022-09-18
ORD002658,CUST00283,PROD00513,5,0.0,2023-10-01
ORD009775,CUST00105,PROD00378,11,0.15,2023-11-20
ORD008976,CUST00836,PROD00240,4,0.05,2024-12-08
ORD003997,CUST00396,PROD00399,8,0.05,2024-12-27
ORD000195,CUST00677,PROD00318,1,0.15,2024-07-06
ORD004712,CUST00080,PROD00333,,0.1,2022-08-13
ORD000644,CUST00229,PROD00318,1,0.2,2024-12-05
ORD009029,CUST00943,PROD00273,,0.05,2023-10-01
ORD003286,CUST00327,PROD00152,10,0.15,2023-09-19
ORD003117,CUST00336,PROD00205,8,0.05,2022-08-09
ORD007622,CUST00755,PROD00279,6,,2022-06-29
ORD003576,CUST00382,PROD00378,9,0.0,2023-01-02
ORD006873,CUST00004,PROD00401,3,0.1,2023-06-12
ORD010476,CUST00838,PROD00389,10,0.25,2022-02-03
ORD004321,CUST00334,PROD00370,10,0.1,2022-04-13
ORD008786,CUST00521,PROD00458,11,0.1,2023-04-05
ORD005222,CUST00572,PROD00376,14,0.0,2022-08-12
ORD002208,CUST00330,PROD00095,1,0.0,2023-09-26
ORD004553,CUST00299,PROD00427,1,0.0,2023-04-18
ORD004403,CUST00687,PROD00426,6,0.1,2023-07-03
ORD009532,CUST00774,PROD00155,8,0.0,2023-06-28
ORD003719,CUST00276,PROD00336,5,0.0,2023-07-16
ORD000973,CUST01046,PROD00423,12,0.0,2023-03-17
ORD004580,CUST00403,PROD00161,13,0.1,2024-03-07
ORD006517,CUST00484,PROD00520,13,0.1,2023-11-29
ORD006699,CUST00450,PROD00082,10,0.0,2024-09-05
ORD000720,CUST00621,PROD00255,4,0.05,2024-07-28
ORD007603,CUST00113,PROD00196,,0.0,2023-06-24
ORD006156,CUST00195,PROD00205,2,0.1,2022-10-01
ORD010154,CUST00697,PROD00015,9,0.2,2022-06-11
ORD003897,CUST00487,PROD00090,8,0.05,2022-11-26
ORD002804,CUST00690,PROD00345,2,0.2,2024-01-08
ORD002567,CUST00911,PROD00509,14,0.15,2022-11-07
ORD004026,CUST00126,PROD00047,4,0.05,2024-03-10
ORD006199,CUST00736,PROD00309,5,0.25,2022-10-05
ORD000033,CUST00780,PROD00517,6,0.2,2024-08-27
ORD008945,CUST00611,PROD00482,5,0.2,2022-11-26
ORD009517,CUST00290,PROD00198,12,0.15,2022-05-14
ORD002068,CUST01009,PROD00270,2,0.2,2023-07-27
ORD004064,CUST00029,PROD00067,9,0.0,2023-01-21
ORD009641,CUST00733,PROD00370,2,0.2,2022-04-15
ORD007302,CUST00352,PROD00021,1,0.2,2024-10-21
ORD005541,CUST00083,PROD00081,2,0.0,2023-10-23
ORD001698,CUST00386,PROD00292,12,0.2,2022-07-14
ORD002793,CUST00930,PROD00022,5,0.1,2024-05-26
ORD002223,CUST00443,PROD00209,4,0.1,2023-11-01
ORD005819,CUST00808,PROD00373,13,0.0,2024-11-22
ORD010405,CUST00824,PROD00307,10,0.0,2024-10-03
ORD003765,CUST00193,PROD00448,2,0.0,2022-10-05
ORD003867,CUST00652,PROD00410,3,0.05,2023-01-16
ORD007563,CUST00245,PROD00346,10,0.0,2022-04-15
ORD009330,CUST01020,PROD00284,3,0.0,2023-10-25
ORD009631,CUST00477,PROD99991,13,0.2,2024-01-24
ORD007781,CUST00021,PROD00344,9,0.05,2024-09-02
ORD002513,CUST00609,PROD00197,4,0.05,2022-06-27
ORD003759,CUST00728,PROD00035,11,0.0,2022-08-06
ORD002832,CUST00532,PROD00096,1,0.1,2023-02-18
ORD003228,CUST00655,PROD00346,4,,2024-08-14
ORD004215,CUST00539,PROD00013,9,0.0,2024-06-30
ORD003924,CUST00927,PROD00448,,0.05,2023-11-13
ORD003905,CUST00329,PROD00514,12,0.15,2023-05-08
ORD002278,CUST00268,PROD00263,10,0.05,2022-11-03
ORD007002,CUST00821,PROD00111,14,0.05,2023-04-27
ORD007941,CUST00614,PROD00487,5,,2023-01-15
ORD001402,CUST99306,PROD00389,11,0.0,2022-01-15
ORD000740,CUST00508,PROD00025,5,0.05,2024-03-29
ORD006553,CUST00930,PROD00095,3,0.0,2022-06-20
ORD004267,CUST00686,PROD00454,11,0.0,2022-09-14
ORD000136,CUST00306,PROD00322,3,0.0,2022-12-26
ORD004980,CUST00692,PROD00180,10,0.0,2022-01-12
ORD003254,CUST00651,PROD00407,4,0.25,2022-07-07
ORD003852,CUST00587,PROD00142,13,0.0,2022-06-20
ORD009297,CUST00960,PROD00518,13,0.05,2023-12-16
ORD002662,CUST00119,PROD00068,14,0.1,2024-01-06
ORD007589,CUST00277,PROD00386,10,0.0,2023-09-25
ORD009442,CUST00131,PROD00241,7,0.0,2024-03-18
ORD000675,CUST01016,PROD00428,10,0.3,2023-02-22
ORD007306,CUST00155,PROD00476,8,0.0,2024-09-13
ORD008222,CUST00821,PROD00324,13,0.15,2022-04-22
ORD007012,CUST00017,PROD00158,3,0.25,2023-09-12
ORD007413,CUST00417,PROD00222,5,0.1,2024-04-08
ORD003842,CUST01000,PROD00516,6,0.05,2024-05-27
ORD001816,CUST00201,PROD00198,13,0.0,2022-07-08
ORD008974,CUST00651,PROD00361,10,0.05,2023-03-08
ORD005573,CUST00439,PROD99271,3,0.3,2022-09-25
ORD009913,CUST00657,PROD00113,12,0.25,2022-07-10
ORD004654,CUST00197,PROD00418,10,0.05,2024-09-24
ORD003658,CUST00082,PROD00376,10,0.1,2022-11-30
ORD002101,CUST00868,PROD00264,6,0.0,2022-01-24
ORD005164,CUST00750,PROD00069,5,0.0,2024-02-12
ORD006709,CUST00646,PROD00473,8,0.0,2024-07-07
ORD001674,CUST00294,PROD00294,9,0.05,2024-05-21
ORD002102,CUST00931,PROD00296,6,0.0,2024-08-10
ORD004214,CUST00246,PROD00390,10,0.05,2023-09-08
ORD008910,CUST01029,PROD00338,4,0.15,2024-08-16
ORD001549,CUST00850,PROD00015,14,0.15,2022-05-14
ORD008264,CUST00147,PROD00441,6,0.1,2023-05-04
ORD008460,CUST00693,PROD00463,14,0.05,2023-08-10
ORD003324,CUST00527,PROD00196,14,0.05,2023-08-14
ORD008317,CUST00190,PROD00360,6,0.25,2023-01-20
ORD000356,CUST00008,PROD00450,8,0.05,2022-06-15
ORD005185,CUST00036,PROD00428,5,0.0,2022-06-20
ORD001462,CUST00359,PROD00120,10,0.1,2024-09-28
ORD008759,CUST00547,PROD00472,5,0.0,2022-02-19
ORD006632,CUST00913,PROD00032,5,0.1,2023-04-30
ORD010106,CUST00655,PROD00519,11,0.0,2022-09-29
ORD003221,CUST00461,PROD00077,6,0.1,2024-08-15
ORD000940,CUST00928,PROD00006,14,0.0,2023-03-17
ORD009866,CUST00022,PROD00360,8,0.1,2024-10-20
ORD005148,CUST00435,PROD00216,9,0.3,2023-08-25
ORD007171,CUST00901,PROD00414,14,0.0,2024-03-08
ORD006418,CUST00250,PROD00104,9,0.0,2024-12-22
ORD005924,CUST00498,PROD00304,6,0.0,2024-03-11
ORD008652,CUST00656,PROD00154,3,0.05,2024-11-15
ORD001752,CUST00244,PROD00095,7,0.0,2023-11-11
ORD003977,CUST00574,PROD00477,14,0.15,2023-06-13
ORD008505,CUST99663,PROD00210,10,0.1,2023-07-04
ORD001773,CUST00241,PROD00096,5,0.05,2022-11-02
ORD001197,CUST00060,PROD00498,11,0.2,2023-05-02
ORD001879,CUST00999,PROD00422,8,0.05,2023-09-15
ORD002669,CUST00899,PROD00309,7,0.15,2022-03-16
ORD003172,CUST00748,PROD00472,3,0.2,2023-01-16
ORD002017,CUST00774,PROD00444,2,0.0,2023-03-04
ORD002006,CUST00361,PROD00232,12,0.0,2024-01-08
ORD008932,CUST00234,PROD00071,10,0.25,2022-03-01
ORD003894,CUST99843,PROD00144,4,0.1,2023-02-23
ORD004476,CUST00596,PROD00293,11,0.1,2022-05-07
ORD003238,CUST00342,PROD00328,9,0.15,2022-02-20
ORD004425,CUST00522,PROD00426,13,,2022-06-01
ORD004745,CUST00692,PROD00160,4,0.1,2022-08-31
ORD009846,CUST00799,PROD00004,14,0.0,2023-04-03
ORD002079,CUST00296,PROD00431,6,0.15,2024-03-16
ORD005220,CUST00136,PROD00121,3,,2023-10-02
ORD000397,CUST00218,PROD00367,3,0.1,2022-03-18
ORD002789,CUST00242,PROD00227,7,0.0,2022-11-17
ORD002258,CUST00054,PROD00139,11,0.2,2024-03-23
ORD007591,CUST00333,PROD00208,14,0.05,2022-11-26
ORD004073,CUST01023,PROD00370,1,0.15,2024-05-08
ORD005575,CUST00691,PROD00496,2,0.0,2022-12-10
ORD010454,CUST00263,PROD00276,13,0.0,2023-10-12
ORD010237,CUST00795,PROD00418,4,0.25,2023-12-09
ORD005356,CUST00800,PROD00355,13,0.0,2023-08-24
ORD008303,CUST00896,PROD00215,4,0.0,2022-10-15
ORD006094,CUST00876,PROD00429,12,0.25,2023-01-26
ORD008281,CUST00097,PROD00080,4,0.15,2022-02-23
ORD001520,CUST99669,PROD00294,6,0.0,2024-05-01
ORD008826,CUST00493,PROD00304,10,,2024-12-06
ORD001379,CUST00773,PROD00377,5,0.0,2023-12-10
ORD005673,CUST00677,PROD00200,13,0.0,2023-10-26
ORD001024,CUST00894,PROD00156,8,0.1,2022-08-20
ORD002588,CUST00061,PROD00265,12,0.0,2022-03-18
ORD010390,CUST00113,PROD00330,10,0.1,2024-02-17
ORD001670,CUST00167,PROD00246,11,0.05,2024-11-24
ORD005622,CUST00831,PROD00328,13,0.25,2022-11-28
ORD010298,CUST00843,PROD00277,6,0.05,2022-11-18
ORD005009,CUST00306,PROD00396,14,0.15,2024-07-07
ORD002858,CUST00073,PROD00199,,0.0,2023-08-12
ORD008889,CUST00173,PROD00509,9,0.05,2023-05-07
ORD005772,CUST00729,PROD00075,11,0.1,2024-07-10
ORD005843,CUST00016,PROD00489,10,0.1,2024-12-27
ORD007123,CUST99336,PROD00239,14,0.0,2022-09-04
ORD008772,CUST01021,PROD00278,5,0.0,2024-08-25
ORD005833,CUST00782,PROD00328,3,,2022-11-29
ORD001630,CUST00406,PROD00183,6,0.1,2024-03-24
ORD004889,CUST00628,PROD00210,13,0.1,2023-06-21
ORD004527,CUST00589,PROD00418,9,0.3,2023-01-17
ORD003524,CUST00850,PROD00453,11,0.0,2023-09-26
ORD005905,CUST00099,PROD00320,10,0.0,2022-02-09
ORD000523,CUST00861,PROD00183,11,0.05,2024-07-14
ORD003608,CUST99257,PROD00361,5,0.0,2024-01-08
ORD010141,CUST00712,PROD00310,9,0.2,2022-08-01
ORD005221,CUST00115,PROD00503,13,0.05,2024-02-28
ORD007181,CUST00770,PROD00424,14,0.0,2024-09-14
ORD000235,CUST00128,PROD00193,10,0.0,2022-11-14
ORD003989,CUST00409,PROD00364,6,0.05,2022-03-25
ORD003797,CUST00984,PROD00358,7,0.25,2024-04-06
ORD004119,CUST00400,PROD00228,1,0.15,2022-02-14
ORD006319,CUST00184,PROD00098,7,0.0,2022-06-28
ORD005002,CUST00091,PROD00448,1,0.2,2022-11-04
ORD007095,CUST00700,PROD00259,5,0.0,2023-04-14
ORD006776,CUST00038,PROD00348,12,0.25,2022-04-24
ORD003801,CUST00808,PROD00398,9,0.05,2024-04-15
ORD008484,CUST00886,PROD00079,10,0.0,2022-01-07
ORD003900,CUST00314,PROD00245,12,0.1,2023-03-21
ORD005025,CUST00011,PROD00291,3,0.0,2023-09-26
ORD001949,CUST00154,PROD00310,3,0.1,2024-05-27
ORD006362,CUST00835,PROD00504,5,0.0,2022-09-10
ORD000471,CUST00964,PROD00328,2,0.1,2022-08-20
ORD002449,CUST00020,PROD00483,2,0.05,2023-08-28
ORD003493,CUST00407,PROD00178,10,0.05,2024-08-16
ORD006835,CUST01030,PROD00484,14,0.2,2022-04-29
ORD006092,CUST00224,PROD00189,,0.25,2023-01-01
ORD002672,CUST00266,PROD00234,7,0.0,2024-03-18
ORD000711,CUST00414,PROD00389,5,0.15,2022-03-11
ORD002225,CUST00030,PROD99940,12,0.0,2024-09-13
ORD001107,CUST00256,PROD00313,8,0.2,2024-10-15
ORD002189,CUST00319,PROD00360,3,0.0,2023-12-14
ORD000819,CUST00505,PROD00217,14,0.2,2022-08-11
ORD007055,CUST00606,PROD99126,9,0.05,2023-03-08
ORD006756,CUST00462,PROD00219,11,0.05,2023-10-22
ORD005572,CUST00406,PROD00009,6,0.1,2024-09-30
ORD004524,CUST00332,PROD00363,5,0.1,2022-04-30
ORD005794,CUST00510,PROD00417,12,0.05,2024-05-02
ORD010102,CUST00367,PROD00268,11,0.1,2024-01-20
ORD009463,CUST00219,PROD00380,14,0.2,2023-10-17
ORD005739,CUST00779,PROD00169,11,0.0,2023-04-02
ORD002625,CUST00594,PROD00501,12,0.05,2022-07-15
ORD004729,CUST00411,PROD00435,6,0.05,2022-10-29
ORD010113,CUST00344,PROD00261,13,0.25,2024-08-10
ORD006320,CUST00152,PROD00355,3,0.15,2023-01-25
ORD009822,CUST00757,PROD00317,9,0.1,2023-09-06
ORD000889,CUST00121,PROD00301,2,0.25,2022-01-23
ORD008643,CUST00965,PROD00517,10,0.15,2024-05-31
ORD007889,CUST00718,PROD00147,6,0.0,2022-01-06
ORD002438,CUST00590,PROD00047,6,0.0,2022-04-12
ORD006057,CUST00334,PROD00012,,0.2,2022-08-15
ORD009055,CUST00171,PROD00263,4,0.15,2024-10-22
ORD000818,CUST00868,PROD00498,11,0.0,2022-10-26
ORD009627,CUST01032,PROD00074,10,0.3,2022-01-24
ORD003415,CUST00876,PROD00012,11,0.1,2023-03-04
ORD006353,CUST00241,PROD00268,10,0.05,2022-05-27
ORD002342,CUST00435,PROD00018,9,0.1,2024-07-26
ORD009727,CUST00642,PROD00381,9,0.0,2024-03-06
ORD003168,CUST00530,PROD00191,12,0.05,2023-05-01
ORD001810,CUST00256,PROD00431,2,0.05,2022-05-04
ORD008521,CUST00428,PROD00177,4,0.1,2023-09-30
ORD008737,CUST00652,PROD00456,13,0.05,2022-03-04
ORD007162,CUST00672,PROD00519,12,0.1,2024-05-24
ORD001265,CUST00834,PROD00043,12,0.05,2023-10-05
ORD005087,CUST99189,PROD00185,7,0.05,2023-04-04
ORD008758,CUST00620,PROD00156,6,0.25,2022-11-13
ORD005836,CUST00866,PROD00472,6,0.0,2023-11-04
ORD007017,CUST00797,PROD00479,1,0.05,2023-10-18
ORD005195,CUST00706,PROD00412,5,0.0,2022-06-06
ORD004450,CUST00187,PROD00236,2,0.05,2024-02-01
ORD004946,CUST00891,PROD00229,2,0.05,2024-10-14
ORD007458,CUST00542,PROD00075,6,0.2,2024-01-01
ORD004046,CUST00653,PROD00382,3,0.0,2023-09-19
ORD010427,CUST01049,PROD00337,4,0.15,2024-04-02
ORD003703,CUST00460,PROD00164,1,0.15,2022-03-04
ORD001036,CUST00265,PROD00233,5,,2024-01-26
ORD009969,CUST00344,PROD00222,13,,2023-04-11
ORD006920,CUST00035,PROD00321,5,0.1,2024-09-23
ORD005591,CUST00136,PROD00510,9,0.1,2023-03-10
ORD007227,CUST01006,PROD00358,4,0.1,2024-04-15
ORD001229,CUST00005,PROD00317,3,0.0,2024-06-06
ORD008325,CUST00818,PROD99874,11,0.2,2022-03-09
ORD007628,CUST00676,PROD00230,1,0.05,2022-01-01
ORD009995,CUST01009,PROD00148,6,0.05,2022-02-02
ORD005142,CUST00623,PROD00225,7,0.0,2023-01-21
ORD007933,CUST00911,PROD00115,6,0.0,2024-03-14
ORD006552,CUST00827,PROD00333,1,0.0,2024-11-15
ORD000053,CUST00414,PROD00384,11,0.1,2023-05-07
ORD001012,CUST00017,PROD00228,9,0.05,2023-12-31
ORD006556,CUST00991,PROD00314,9,0.05,2024-11-06
ORD008407,CUST00832,PROD00022,5,0.0,2024-07-27
ORD007182,CUST00999,PROD00442,14,0.1,2024-08-22
ORD009035,CUST00798,PROD00080,13,0.25,2022-08-18
ORD000160,CUST00238,PROD00222,8,0.0,2022-09-19
ORD008485,CUST00309,PROD00100,10,0.05,2024-07-25
ORD001588,CUST99882,PROD00232,,0.1,2022-11-18
ORD001590,CUST00852,PROD00008,8,0.1,2024-05-12
ORD005012,CUST00101,PROD00450,7,0.0,2023-10-23
ORD008658,CUST00739,PROD00192,4,0.15,2024-05-15
ORD010193,CUST00913,PROD00473,12,0.15,2024-03-17
ORD010047,CUST00193,PROD00122,9,0.05,2024-03-25
ORD006688,CUST00575,PROD00213,5,0.15,2022-09-23
ORD010059,CUST00361,PROD00389,9,0.1,2022-08-21
ORD008075,CUST00780,PROD00022,8,0.3,2022-05-28
ORD008773,CUST00329,PROD00211,8,0.25,2023-08-31
ORD006175,CUST00375,PROD00113,13,0.0,2022-03-24
ORD008651,CUST00265,PROD00019,10,0.0,2023-05-17
ORD010179,CUST00371,PROD00222,12,0.0,2024-12-29
ORD007481,CUST00008,PROD00007,14,0.1,2023-01-28
ORD003859,CUST00078,PROD00476,10,0.05,2024-12-05
ORD010356,CUST00085,PROD00220,5,0.1,2023-08-15
ORD007802,CUST00830,PROD00063,1,0.05,2022-03-24
ORD002829,CUST00590,PROD00026,9,0.0,2024-11-16
ORD000437,CUST00361,PROD00256,6,0.0,2022-07-08
ORD005790,CUST00419,PROD00481,1,0.05,2022-04-06
ORD010228,CUST00309,PROD00453,4,0.15,2023-05-05
ORD010190,CUST00542,PROD00417,4,0.1,2023-11-17
ORD008810,CUST00264,PROD00186,13,0.05,2023-10-17
ORD003879,CUST00504,PROD00064,3,0.15,2023-05-02
ORD001589,CUST00767,PROD00449,13,0.0,2022-03-29
ORD007399,CUST00529,PROD00481,2,0.0,2024-06-23
ORD002781,CUST00992,PROD00318,1,0.1,2022-05-22
ORD009676,CUST00009,PROD00058,10,0.0,2022-06-20
ORD009218,CUST00457,PROD00203,7,0.15,2023-08-16
ORD005687,CUST00610,PROD00378,6,0.1,2023-01-22
ORD003966,CUST00175,PROD00507,3,0.2,2023-09-05
ORD004728,CUST00673,PROD00215,,0.0,2023-01-05
ORD000974,CUST00194,PROD00372,10,0.1,2022-10-07
ORD001239,CUST00018,PROD00003,9,0.0,2022-06-18
ORD002952,CUST00638,PROD00046,3,0.2,2024-10-08
ORD002343,CUST00211,PROD00236,10,0.0,2024-05-26
ORD007609,CUST00529,PROD00076,7,0.15,2023-10-27
ORD008352,CUST00919,PROD99489,5,0.0,2023-05-23
ORD006047,CUST00644,PROD00212,11,0.0,2023-11-27
ORD002159,CUST00724,PROD00271,2,0.05,2022-10-06
ORD010002,CUST00919,PROD00317,4,0.15,2022-10-13
ORD007749,CUST00459,PROD00498,10,0.1,2022-10-17
ORD001498,CUST00443,PROD00049,5,0.05,2022-07-15
ORD004546,CUST00292,PROD00050,12,0.1,2022-09-25
ORD006466,CUST00765,PROD00123,5,0.15,2022-02-16
ORD007356,CUST00049,PROD00413,8,0.2,2023-06-01
ORD007526,CUST00202,PROD00210,3,0.0,2023-01-06
ORD007548,CUST00956,PROD00390,3,0.0,2024-04-28
ORD004258,CUST00327,PROD00008,2,0.05,2023-12-10
ORD002423,CUST00866,PROD00211,2,0.25,2024-01-08
ORD009223,CUST00981,PROD00484,14,0.1,2024-01-11
ORD010360,CUST00261,PROD00024,12,0.0,2024-02-08
ORD005186,CUST00584,PROD00070,1,0.0,2023-05-21
ORD005648,CUST00470,PROD00474,4,0.0,2024-09-27
ORD000358,CUST00828,PROD00095,13,,2023-04-06
ORD005243,CUST00540,PROD00047,3,0.15,2022-06-03
ORD002131,CUST00816,PROD00158,2,0.05,2023-08-11
ORD009952,CUST00231,PROD00176,9,0.15,2022-03-22
ORD002093,CUST00287,PROD00001,10,0.0,2023-02-22
ORD005410,CUST00873,PROD00459,13,0.05,2023-06-04
ORD002016,CUST00025,PROD00233,8,0.0,2023-02-08
ORD009757,CUST00704,PROD00229,7,0.05,2023-05-27
ORD004045,CUST99762,PROD00224,13,,2023-05-11
ORD000188,CUST00191,PROD00088,8,0.1,2022-04-23
ORD010455,CUST00283,PROD00371,2,0.2,2022-05-23
ORD003656,CUST00489,PROD00285,13,0.15,2024-03-24
ORD003427,CUST00115,PROD00125,,,2023-10-04
ORD008288,CUST00038,PROD00238,12,0.0,2022-01-16
ORD001382,CUST00173,PROD00179,7,,2024-02-29
ORD008440,CUST00381,PROD00055,12,,2024-01-16
ORD000414,CUST00975,PROD00144,8,0.05,2022-04-26
ORD007428,CUST00801,PROD00090,4,0.0,2022-01-31
ORD007552,CUST00319,PROD00208,2,0.15,2024-08-13
ORD005038,CUST00325,PROD00314,11,0.15,2024-12-05
ORD004898,CUST01010,PROD00108,1,0.15,2023-10-17
ORD003337,CUST99969,PROD00192,1,,2023-02-23
ORD003607,CUST00615,PROD00234,9,0.0,2022-09-21
ORD003176,CUST00691,PROD00280,8,0.1,2022-12-29
ORD006847,CUST00367,PROD99459,11,0.1,2022-12-28
ORD002242,CUST00205,PROD00186,2,0.1,2024-10-26
ORD010452,CUST00798,PROD00105,8,0.0,2023-02-02
ORD008611,CUST00570,PROD99340,6,,2024-03-13
ORD000257,CUST00463,PROD00495,13,,2023-06-12
ORD008208,CUST99528,PROD00033,5,0.0,2024-11-26
ORD000201,CUST00261,PROD00023,5,,2023-06-23
ORD008564,CUST00793,PROD00016,1,0.1,2022-04-18
ORD002236,CUST00782,PROD00075,5,0.0,2022-05-11
ORD004744,CUST00233,PROD00111,10,0.0,2023-07-20
ORD001768,CUST00379,PROD00078,9,0.2,2023-05-24
ORD004237,CUST00892,PROD00520,12,0.1,2022-01-19
ORD007848,CUST99096,PROD00447,6,0.1,2024-01-17
ORD009090,CUST00437,PROD00483,14,0.1,2022-02-06
ORD008273,CUST00726,PROD00475,12,0.2,2024-12-01
ORD001573,CUST00344,PROD00472,10,0.15,2023-05-04
ORD000025,CUST00846,PROD00367,10,0.0,2022-01-06
ORD003364,CUST00975,PROD00421,6,0.0,2022-06-01
ORD001089,CUST00017,PROD99428,3,0.05,2023-06-30
ORD004675,CUST00070,PROD00230,12,0.05,2023-05-04
ORD002695,CUST00787,PROD00351,12,0.0,2024-02-28
ORD008499,CUST00278,PROD00419,10,0.1,2024-08-14
ORD003399,CUST00854,PROD00027,1,0.0,2024-09-18
ORD003560,CUST00270,PROD00449,5,0.05,2023-05-05
ORD009862,CUST00710,PROD00398,7,0.1,2024-09-18
ORD002842,CUST00874,PROD00459,3,0.05,2022-06-14
ORD002312,CUST00189,PROD00087,8,0.0,2023-04-06
ORD007538,CUST00120,PROD00300,3,0.0,2022-02-17
ORD008972,CUST00555,PROD00194,6,0.05,2023-08-03
ORD003235,CUST00757,PROD00349,12,0.05,2023-04-17
ORD007471,CUST00420,PROD00285,12,0.0,2024-03-13
ORD004153,CUST00811,PROD00252,10,0.1,2024-02-09
ORD001310,CUST00893,PROD00039,7,0.25,2023-05-08
ORD000696,CUST00571,PROD00298,2,0.05,2024-10-06
ORD004140,CUST00071,PROD00258,10,0.0,2022-11-09
ORD003753,CUST00680,PROD00150,14,0.0,2024-03-07
ORD006338,CUST00173,PROD00180,3,0.0,2024-03-12
ORD001228,CUST99708,PROD00074,8,0.0,2023-11-09
ORD002000,CUST00418,PROD00359,2,0.1,2022-03-18
ORD000277,CUST00623,PROD00237,14,0.1,2023-09-02
ORD007895,CUST00516,PROD00235,4,0.25,2024-09-15
ORD002368,CUST00249,PROD00419,11,0.0,2023-07-12
ORD005930,CUST00125,PROD00217,6,0.05,2022-02-27
ORD002954,CUST00833,PROD00491,7,0.0,2022-03-08
ORD003638,CUST01013,PROD00314,14,0.05,2024-12-03
ORD003907,CUST00615,PROD00328,11,0.2,2023-03-21
ORD004779,CUST00698,PROD00328,2,0.1,2023-10-18
ORD005846,CUST00513,PROD00465,3,0.1,2022-06-24
ORD010442,CUST00804,PROD00469,11,0.05,2022-05-27
ORD004118,CUST00125,PROD00387,14,0.05,2023-01-19
ORD008186,CUST00924,PROD00491,7,0.05,2024-09-15
ORD001138,CUST00242,PROD00415,7,0.2,2022-09-08
ORD002768,CUST00249,PROD00338,6,0.0,2024-07-27
ORD002335,CUST00149,PROD00058,,0.3,2024-01-08
ORD004383,CUST00154,PROD00122,10,0.0,2022-05-06
ORD007662,CUST00471,PROD00406,5,0.3,2023-02-17
ORD000943,CUST00580,PROD00136,11,0.25,2024-08-17
ORD008545,CUST00396,PROD00148,9,0.0,2022-06-28
ORD007875,CUST00736,PROD00363,5,0.15,2024-03-19
ORD002491,CUST00253,PROD00421,12,0.05,2023-01-13
ORD010422,CUST00949,PROD00301,9,0.0,2024-04-13
ORD006291,CUST00182,PROD00274,9,1.5,2023-10-23
ORD004936,CUST00419,PROD00488,10,0.0,2022-06-24
ORD003936,CUST00997,PROD00291,10,,2022-01-15
ORD006881,CUST00364,PROD00503,13,0.15,2024-11-22
ORD008385,CUST00577,PROD00134,12,0.0,2023-08-28
ORD002385,CUST00847,PROD00340,7,0.0,2024-09-20
ORD007085,CUST00572,PROD00083,6,0.0,2022-03-28
ORD000116,CUST00522,PROD00116,3,0.05,2023-04-03
ORD001864,CUST00242,PROD00141,9,0.05,2023-08-18
ORD007497,CUST00622,PROD00269,5,0.0,2023-01-03
ORD009937,CUST00979,PROD00462,12,0.1,2022-11-03
ORD003120,CUST00286,PROD00127,12,0.3,2022-04-08
ORD004259,CUST00286,PROD00233,10,0.0,2023-04-22
ORD007819,CUST01017,PROD00110,3,0.05,2023-10-22
ORD000903,CUST00262,PROD00414,12,0.0,2022-12-24
ORD002820,CUST01041,PROD00380,8,0.0,2024-06-30
ORD003823,CUST00381,PROD00285,9,0.1,2023-03-18
ORD008241,CUST99508,PROD00373,12,0.0,2022-10-22
ORD008032,CUST01039,PROD00178,5,0.2,2022-02-28
ORD009789,CUST00856,PROD00510,10,0.0,2024-04-04
ORD004700,CUST00801,PROD00383,2,0.0,2024-03-23
ORD009608,CUST00538,PROD00034,7,0.05,2022-03-25
ORD003803,CUST00278,PROD00001,10,0.05,2023-07-13
ORD008951,CUST00731,PROD00164,3,0.1,2024-11-18
ORD006069,CUST00001,PROD00387,2,0.0,2023-03-05
ORD005811,CUST00086,PROD00254,9,,2024-07-04
ORD003537,CUST00096,PROD00128,8,0.0,2022-01-10
ORD003826,CUST00032,PROD00291,6,0.0,2023-05-28
ORD006643,CUST00624,PROD00479,13,0.0,2022-05-26
ORD009309,CUST00706,PROD00409,4,0.0,2022-04-18
ORD009272,CUST00619,PROD00312,-1,0.2,2023-12-28
ORD004811,CUST00977,PROD00455,4,0.05,2024-11-03
ORD001947,CUST00391,PROD00469,7,0.0,2024-10-03
ORD009397,CUST00928,PROD00253,2,0.25,2022-04-26
ORD008250,CUST00942,PROD00371,12,0.0,2023-02-14
ORD005336,CUST00823,PROD00395,4,0.15,2022-02-05
ORD003489,CUST00901,PROD00010,11,0.15,2023-05-14
ORD001611,CUST00788,PROD00157,6,0.0,2022-04-23
ORD007270,CUST00954,PROD00508,6,0.0,2024-03-07
ORD009884,CUST00271,PROD00508,7,0.05,2023-06-02
ORD008206,CUST00145,PROD00477,14,0.3,2023-05-28
ORD007167,CUST00945,PROD00383,8,0.0,2022-07-11
ORD004678,CUST00517,PROD00210,14,0.15,2022-11-11
ORD004960,CUST00232,PROD00008,9,0.15,2023-04-08
ORD006964,CUST00126,PROD00095,,0.0,2024-07-10
ORD005868,CUST00111,PROD00127,4,0.05,2022-05-01
ORD009535,CUST99629,PROD00003,1,0.15,2023-01-01
ORD007472,CUST00634,PROD00003,13,0.0,2022-03-10
ORD004762,CUST00390,PROD00005,8,0.0,2024-02-20
ORD002195,CUST00434,PROD00382,14,0.15,2022-10-22
ORD000883,CUST00939,PROD00106,4,0.05,2023-09-22
ORD008080,CUST00557,PROD00301,9,0.25,2022-01-17
ORD005702,CUST00593,PROD00511,7,0.05,2023-10-19
ORD007692,CUST00806,PROD00279,9,0.0,2022-02-10
ORD005114,CUST00603,PROD00027,9,0.1,2023-05-25
ORD000558,CUST00906,PROD00248,6,0.0,2022-03-23
ORD010384,CUST00886,PROD00363,11,0.0,2024-12-19
ORD005140,CUST00541,PROD00415,13,0.2,2024-05-04
ORD001208,CUST00952,PROD00305,11,0.0,2023-11-27
ORD008189,CUST99124,PROD00451,11,0.2,2022-09-24
ORD007685,CUST00822,PROD00210,2,0.15,2022-04-02
ORD008351,CUST99382,PROD00276,8,0.0,2023-10-19
ORD001511,CUST00344,PROD00219,7,0.15,2023-11-15
ORD007894,CUST00843,PROD00494,3,0.0,2024-05-18
ORD003830,CUST00678,PROD00082,5,,2022-03-22
ORD003733,CUST00303,PROD00049,11,,2022-07-07
ORD008698,CUST00800,PROD00369,14,0.0,2024-08-15
ORD003212,CUST00895,PROD00393,11,0.0,2023-05-05
ORD003631,CUST00524,PROD00265,6,,2022-12-16
ORD001709,CUST00944,PROD00063,1,0.0,2024-05-05
ORD001846,CUST00586,PROD00350,4,0.1,2024-10-05
ORD000267,CUST00161,PROD00307,7,0.1,2023-01-17
ORD005986,CUST99708,PROD00197,9,0.0,2022-09-03
ORD001141,CUST00293,PROD00048,6,0.1,2022-08-19
ORD003163,CUST00264,PROD00471,9,0.05,2024-07-17
ORD006208,CUST00793,PROD00119,14,0.0,2023-01-07
ORD002047,CUST00871,PROD00216,7,0.0,2023-06-27
ORD003731,CUST00118,PROD00287,10,0.0,2022-02-02
ORD001910,CUST00576,PROD00499,14,0.0,2024-05-07
ORD002212,CUST00297,PROD00411,11,0.05,2024-02-05
ORD002661,CUST00703,PROD00012,2,0.05,2023-07-27
ORD000657,CUST00713,PROD00077,9,0.25,2023-11-20
ORD006661,CUST00457,PROD00202,10,0.0,2022-09-09
ORD001308,CUST00282,PROD00346,13,0.1,2022-05-07
ORD002568,CUST00727,PROD00392,8,0.0,2024-05-09
ORD000999,CUST00386,PROD00105,12,0.1,2024-08-13
ORD008417,CUST00902,PROD00223,9,0.0,2024-04-26
ORD002835,CUST00424,PROD00050,5,0.2,2024-10-01
ORD010305,CUST99657,PROD00238,4,0.0,2022-10-11
ORD009886,CUST00643,PROD00047,8,0.25,2023-06-09
ORD005881,CUST00213,PROD00184,5,0.1,2022-12-20
ORD001238,CUST00734,PROD00027,4,0.0,2024-05-31
ORD002152,CUST01019,PROD00399,14,0.15,2023-05-11
ORD003836,CUST00866,PROD00153,4,0.1,2023-10-13
ORD010439,CUST00048,PROD00046,,0.1,2024-10-27
ORD008285,CUST00026,PROD00466,6,0.05,2024-07-02
ORD008867,CUST00469,PROD00158,12,0.1,2023-11-11
ORD006579,CUST99430,PROD00410,3,0.0,2024-09-26
ORD005092,CUST00027,PROD00004,11,,2022-07-11
ORD002187,CUST00976,PROD00244,2,0.2,2024-04-04
ORD009296,CUST00789,PROD00438,9,0.0,2023-04-03
ORD001135,CUST00837,PROD00241,3,0.0,2022-02-24
ORD005005,CUST00700,PROD00428,4,0.05,2022-10-29
ORD006627,CUST00977,PROD00280,1,0.15,2023-02-26
ORD001304,CUST00259,PROD00435,3,0.15,2023-12-27
ORD009281,CUST00127,PROD00454,11,0.2,2024-03-18
ORD001628,CUST00350,PROD00442,10,0.0,2022-01-23
ORD008639,CUST00036,PROD00360,1,0.0,2024-10-28
ORD001523,CUST00571,PROD00358,11,0.15,2023-10-30
ORD002458,CUST00688,PROD00186,10,0.05,2022-07-10
ORD000359,CUST00144,PROD00397,1,0.05,2022-08-17
ORD000139,CUST00340,PROD00019,13,0.1,2024-02-29
ORD000300,CUST00542,PROD00026,11,0.0,2023-01-23
ORD001557,CUST00376,PROD00444,12,0.2,2024-05-01
ORD005100,CUST00119,PROD00303,12,0.1,2022-04-17
ORD000383,CUST00434,PROD00187,5,0.1,2024-06-03
ORD008950,CUST00112,PROD00443,4,0.05,2024-10-31
ORD008095,CUST01047,PROD00038,9,0.0,2024-02-06
ORD007665,CUST00468,PROD00044,8,0.1,2024-07-23
ORD004858,CUST99474,PROD00326,1,0.1,2023-09-08
ORD010007,CUST00433,PROD00427,13,0.15,2023-11-18
ORD003181,CUST00943,PROD00198,11,0.1,2022-11-09
ORD001440,CUST00144,PROD00118,4,0.1,2024-11-30
ORD008248,CUST00146,PROD00218,5,0.0,2023-07-21
ORD005674,CUST00052,PROD00269,14,0.1,2024-09-20
ORD007043,CUST00237,PROD00065,13,0.1,2024-08-05
ORD000947,CUST00817,PROD00130,1,0.2,2023-06-11
ORD002391,CUST00541,PROD00485,6,0.1,2022-01-16
ORD005499,CUST00351,PROD00488,13,0.05,2023-10-16
ORD004917,CUST00014,PROD00180,7,0.05,2022-01-23
ORD009942,CUST00801,PROD00366,9,,2024-08-28
ORD002722,CUST00658,PROD00058,7,0.25,2024-07-24
ORD001933,CUST00659,PROD00468,10,0.0,2022-01-07
ORD002353,CUST00485,PROD00498,7,0.1,2023-04-08
ORD007657,CUST00417,PROD00171,3,0.1,2022-06-24
ORD003237,CUST00958,PROD00442,7,0.3,2023-04-11
ORD003141,CUST00670,PROD00237,14,0.0,2023-06-06
ORD004164,CUST00811,PROD00431,13,0.25,2024-05-07
ORD009578,CUST01021,PROD00120,8,0.15,2022-10-18
ORD008926,CUST00476,PROD00189,4,0.0,2022-06-30
ORD003808,CUST00659,PROD00276,13,0.25,2023-02-01
ORD010208,CUST00163,PROD00210,4,0.1,2022-02-11
ORD008133,CUST00167,PROD00122,8,0.15,2024-11-07
ORD009594,CUST00412,PROD00297,8,,2023-12-04
ORD006782,CUST00774,PROD00196,4,0.05,2023-12-11
ORD008035,CUST00096,PROD00240,2,,2024-11-10
ORD004155,CUST00919,PROD00438,7,0.0,2023-10-28
ORD004173,CUST00337,PROD00376,4,0.05,2023-12-07
ORD000797,CUST00996,PROD00153,4,0.0,2022-08-14
ORD002417,CUST00173,PROD00372,8,0.1,2024-12-24
ORD008275,CUST00162,PROD00325,10,0.05,2023-02-01
ORD006140,CUST00913,PROD00014,5,0.25,2024-07-10
ORD000786,CUST00484,PROD00301,13,0.3,2023-02-06
ORD008938,CUST00240,PROD00132,3,0.05,2022-04-07
ORD006790,CUST01020,PROD00009,5,0.0,2022-09-22
ORD003159,CUST00170,PROD00079,7,,2022-09-17
ORD007203,CUST00544,PROD00507,11,0.05,2022-11-04
ORD000124,CUST00982,PROD00270,8,,2024-10-22
ORD010186,CUST00035,PROD00371,12,0.05,2024-09-19
ORD010227,CUST00148,PROD00464,7,0.15,2023-05-30
ORD002173,CUST00117,PROD00241,14,0.0,2023-05-08
ORD002170,CUST00847,PROD00182,11,0.05,2022-08-10
ORD008021,CUST00812,PROD00076,3,0.05,2024-11-09
ORD004010,CUST00699,PROD00295,7,0.0,2024-06-16
ORD010010,CUST00234,PROD00032,11,0.0,2024-01-27
ORD004341,CUST00179,PROD00160,4,0.05,2023-01-05
ORD000911,CUST00310,PROD00508,7,0.0,2023-06-11
ORD006269,CUST00168,PROD00264,10,0.25,2022-07-10
ORD008909,CUST00400,PROD00135,8,0.0,2024-08-17
ORD002310,CUST00260,PROD00397,6,0.1,2024-02-19
ORD010401,CUST00290,PROD00269,13,0.0,2024-11-10
ORD003635,CUST00461,PROD00512,,,2022-12-31
ORD001258,CUST00562,PROD00132,10,0.0,2024-06-19
ORD006592,CUST00964,PROD00447,10,0.0,2024-12-08
ORD004459,CUST00792,PROD00288,6,0.15,2024-09-01
ORD006134,CUST00622,PROD00248,2,0.1,2022-09-25
ORD007598,CUST99820,PROD99710,7,0.2,2024-12-02
ORD001179,CUST00204,PROD00040,9,0.0,2022-08-05
ORD008305,CUST00485,PROD00146,,0.05,2023-01-09
ORD004653,CUST00533,PROD00245,7,0.2,2022-09-07
ORD006219,CUST00017,PROD00209,9,0.0,2024-03-27
ORD003651,CUST00770,PROD00214,3,0.0,2022-09-27
ORD000443,CUST00226,PROD00484,10,0.25,2024-04-21
ORD003416,CUST00668,PROD00132,6,,2023-08-03
ORD001400,CUST00283,PROD00232,5,,2024-03-05
ORD009415,CUST00436,PROD00462,1,0.0,2024-07-06
ORD008284,CUST99251,PROD00358,6,0.0,2024-07-05
ORD001458,CUST00081,PROD00265,5,0.2,2024-06-12
ORD008470,CUST00306,PROD00478,2,0.3,2022-06-14
ORD005745,CUST00868,PROD00438,3,0.0,2022-01-02
ORD001040,CUST00429,PROD00070,4,0.0,2024-01-30
ORD001055,CUST00209,PROD00032,11,0.0,2022-10-11
ORD008519,CUST00918,PROD00242,,0.0,2024-03-10
ORD007654,CUST00960,PROD00506,6,0.0,2022-11-28
ORD003276,CUST00331,PROD00154,4,0.0,2023-12-30
ORD001464,CUST00885,PROD00381,,0.1,2022-06-09
ORD003700,CUST00084,PROD00282,3,0.0,2024-08-29
ORD003760,CUST00882,PROD00430,5,0.2,2024-03-05
ORD000930,CUST01021,PROD00122,11,0.1,2023-12-07
ORD005512,CUST00806,PROD00353,14,0.25,2024-05-17
ORD006469,CUST00304,PROD00489,10,0.05,2023-07-03
ORD009052,CUST00515,PROD00108,3,0.05,2022-04-01
ORD001830,CUST00293,PROD00493,14,0.0,2024-11-05
ORD002929,CUST00871,PROD00488,4,0.1,2023-06-21
ORD008082,CUST00570,PROD00463,5,0.1,2023-01-17
ORD006539,CUST00434,PROD00261,10,0.05,2023-06-18
ORD004222,CUST00983,PROD00044,5,0.25,2022-05-18
ORD003547,CUST00527,PROD00159,7,0.05,2024-06-16
ORD005599,CUST00736,PROD00263,3,0.0,2022-04-11
ORD009630,CUST00287,PROD00035,8,0.0,2024-01-10
ORD009190,CUST01020,PROD00303,2,0.0,2022-10-13
ORD008785,CUST00711,PROD00167,12,0.05,2024-06-05
ORD002012,CUST00148,PROD00034,11,0.2,2024-11-23
ORD000914,CUST00376,PROD00358,11,0.05,2024-04-29
ORD007612,CUST00231,PROD00393,7,0.0,2022-12-23
ORD008883,CUST00892,PROD00016,5,0.3,2022-07-11
ORD007837,CUST00211,PROD00487,9,0.2,2023-05-30
ORD009074,CUST00664,PROD00016,13,0.0,2023-05-03
ORD003220,CUST00652,PROD00195,3,0.3,2023-04-28
ORD002607,CUST00332,PROD00322,8,0.1,2022-06-28
ORD003265,CUST00841,PROD00516,5,0.0,2022-06-27
ORD004929,CUST00322,PROD00150,7,0.2,2022-03-22
ORD009537,CUST00577,PROD00306,8,,2023-07-28
ORD006565,CUST00188,PROD00489,13,0.0,2024-07-04
ORD010235,CUST00877,PROD00174,12,0.0,2024-07-25
ORD000007,CUST00299,PROD00206,4,0.1,2024-08-19
ORD002981,CUST99426,PROD00148,10,0.1,2022-06-19
ORD007836,CUST00817,PROD99755,5,,2024-02-18
ORD006584,CUST00922,PROD00216,2,0.15,2022-11-25
ORD003362,CUST00150,PROD00363,13,0.1,2024-08-09
ORD004775,CUST00950,PROD00135,10,0.0,2024-03-19
ORD001944,CUST00787,PROD00264,9,0.0,2022-12-30
ORD010035,CUST00378,PROD00231,,0.05,2024-12-21
ORD005500,CUST00875,PROD00355,3,0.05,2022-01-11
ORD001636,CUST00838,PROD00434,6,0.0,2024-10-24
ORD001142,CUST00864,PROD00090,11,0.0,2023-09-07
ORD002042,CUST00578,PROD00258,1,0.15,2024-12-27
ORD006816,CUST00083,PROD00415,8,0.05,2022-07-31
ORD006704,CUST00748,PROD00162,5,0.05,2022-03-30
ORD007243,CUST00515,PROD00246,5,0.0,2024-02-09
ORD000360,CUST00007,PROD99349,-3,0.0,2024-02-10
ORD002071,CUST00450,PROD00039,14,0.05,2023-01-20
ORD003135,CUST00808,PROD00503,1,0.05,2024-09-08
ORD005161,CUST00608,PROD00410,2,0.05,2023-08-24
ORD006991,CUST00040,PROD00442,10,0.05,2023-06-18
ORD003244,CUST00270,PROD00312,2,0.05,2024-05-01
ORD005276,CUST01024,PROD00162,7,0.05,2023-04-19
ORD002243,CUST01031,PROD00135,8,0.25,2022-08-20
ORD001475,CUST01034,PROD00009,13,0.05,2024-05-23
ORD009250,CUST00456,PROD00145,11,0.2,2022-01-26
ORD001890,CUST00584,PROD00128,11,0.05,2024-04-04
ORD003436,CUST00534,PROD00088,4,0.0,2024-01-25
ORD003260,CUST00007,PROD00032,1,0.2,2022-11-20
ORD005150,CUST00255,PROD00136,7,0.0,2024-10-04
ORD003706,CUST00443,PROD00028,8,0.0,2022-12-04
ORD002022,CUST00020,PROD00205,8,0.05,2024-03-19
ORD004021,CUST00163,PROD00092,6,0.05,2022-12-24
ORD009516,CUST00150,PROD00423,5,0.3,2024-06-01
ORD009083,CUST00009,PROD00486,9,0.15,2024-04-05
ORD003501,CUST00649,PROD00429,4,0.05,2023-08-24
ORD002659,CUST00242,PROD00343,1,0.0,2024-01-05
ORD009096,CUST00164,PROD00011,8,0.05,2024-07-10
ORD008029,CUST00576,PROD00400,11,0.1,2023-12-09
ORD001131,CUST00933,PROD00137,11,0.3,2023-08-13
ORD005558,CUST01024,PROD00088,6,0.15,2023-12-31
ORD008378,CUST00882,PROD00393,7,0.15,2022-07-19
ORD001820,CUST00628,PROD00450,1,0.0,2024-09-12
ORD007462,CUST00530,PROD00437,1,0.2,2023-09-07
ORD009662,CUST00051,PROD00213,9,0.1,2024-05-23
ORD008448,CUST00295,PROD00327,6,0.05,2023-06-13
ORD008815,CUST00870,PROD00213,2,0.2,2022-01-24
ORD007065,CUST00141,PROD00427,2,0.05,2023-02-07
ORD004319,CUST01006,PROD00187,,0.0,2022-06-15
ORD010344,CUST00672,PROD00027,8,0.1,2024-06-25
ORD004145,CUST00140,PROD00396,13,0.1,2023-04-11
ORD004670,CUST00682,PROD00398,11,0.15,2024-08-10
ORD001237,CUST00771,PROD00198,7,0.3,2022-09-13
ORD005477,CUST00828,PROD00396,12,0.1,2022-06-09
ORD007130,CUST00215,PROD00192,4,0.0,2023-04-24
ORD002877,CUST00804,PROD00385,13,0.0,2023-03-17
ORD007479,CUST00259,PROD00331,12,0.0,2024-09-24
ORD001857,CUST00461,PROD00323,10,0.25,2022-11-26
ORD002283,CUST00106,PROD99696,1,0.1,2024-12-17
ORD009366,CUST00571,PROD00371,3,0.05,2023-08-30
ORD010037,CUST00521,PROD00005,,0.2,2024-04-16
ORD004094,CUST00679,PROD00190,9,0.15,2022-02-22
ORD004009,CUST99013,PROD00339,9,0.05,2022-05-08
ORD005201,CUST00643,PROD00285,11,0.15,2022-01-15
ORD006402,CUST00491,PROD00203,5,0.05,2024-12-01
ORD009267,CUST00011,PROD00361,11,0.2,2023-03-13
ORD003422,CUST00963,PROD00422,12,0.0,2024-11-21
ORD009983,CUST00918,PROD00147,11,0.0,2022-10-24
ORD000387,CUST00076,PROD00454,4,0.0,2023-09-14
ORD009203,CUST00043,PROD00243,7,0.0,2024-05-02
ORD001629,CUST00382,PROD00234,13,0.0,2024-06-14
ORD003586,CUST00606,PROD00031,2,0.1,2023-05-08
ORD004725,CUST00589,PROD00168,2,0.1,2024-11-05
ORD002715,CUST00562,PROD00081,9,0.0,2022-04-19
ORD002502,CUST00066,PROD00505,11,0.05,2024-02-28
ORD009075,CUST00203,PROD00456,13,0.2,2023-03-14
ORD010038,CUST00863,PROD00350,9,0.1,2023-12-15
ORD005660,CUST00684,PROD00402,13,0.05,2024-12-03
ORD007719,CUST00952,PROD00372,6,0.0,2023-03-30
ORD008300,CUST00659,PROD00351,5,0.0,2024-10-08
ORD006857,CUST00569,PROD00182,9,0.2,2022-07-12
ORD003190,CUST00812,PROD00315,7,0.15,2022-01-04
ORD006350,CUST00389,PROD00013,14,0.0,2024-03-20
ORD004306,CUST00193,PROD00340,6,0.1,2023-02-05
ORD000910,CUST01007,PROD00159,1,0.0,2022-03-27
ORD005386,CUST00792,PROD00123,3,0.2,2024-08-25
ORD001997,CUST00528,PROD00165,7,0.0,2022-10-18
ORD001867,CUST99646,PROD00483,4,0.15,2022-01-22
ORD001843,CUST00158,PROD00385,11,0.1,2022-05-15
ORD002498,CUST00318,PROD00420,14,0.0,2024-12-14
ORD000202,CUST00831,PROD00012,7,0.0,2024-02-26
ORD009698,CUST00401,PROD00099,11,0.1,2023-06-27
ORD003869,CUST00700,PROD00395,12,0.05,2023-01-09
ORD005055,CUST00596,PROD00138,11,0.1,2024-07-26
ORD005890,CUST01013,PROD00157,10,0.25,2024-08-06
ORD004007,CUST00486,PROD00052,9,0.1,2024-12-12
ORD007786,CUST00613,PROD00029,9,0.0,2024-05-29
ORD002703,CUST00538,PROD00410,7,0.0,2024-02-13
ORD007923,CUST00077,PROD00445,4,0.1,2022-03-26
ORD003450,CUST00124,PROD00120,3,0.0,2022-04-23
ORD000332,CUST00378,PROD99095,1,0.1,2023-01-24
ORD003809,CUST00797,PROD00252,9,0.2,2022-05-20
ORD009654,CUST00218,PROD00352,12,0.05,2024-04-03
ORD008905,CUST00148,PROD00112,1,0.15,2024-05-17
ORD000936,CUST00983,PROD00214,1,0.15,2023-03-10
ORD002460,CUST00528,PROD00218,11,0.15,2022-01-08
ORD001775,CUST99457,PROD00451,12,0.0,2022-05-09
ORD008068,CUST00481,PROD00415,1,0.0,2022-08-02
ORD006629,CUST00553,PROD00437,2,0.15,2022-07-27
ORD009114,CUST99648,PROD00016,13,0.0,2023-06-28
ORD009220,CUST00120,PROD00508,3,,2023-05-28
ORD002687,CUST00432,PROD00515,12,0.3,2024-08-17
ORD009852,CUST01032,PROD00422,1,0.1,2024-12-26
ORD000990,CUST99119,PROD00068,2,0.0,2024-01-25
ORD009413,CUST00519,PROD00340,1,0.1,2024-11-15
ORD008987,CUST00673,PROD00187,9,0.1,2023-08-29
ORD008742,CUST00638,PROD00122,1,0.0,2022-04-05
ORD006994,CUST00418,PROD00314,9,,2024-10-02
ORD009206,CUST00881,PROD00096,3,0.2,2022-01-12
ORD005807,CUST00130,PROD00488,3,0.0,2023-08-13
ORD010183,CUST00672,PROD00111,5,0.15,2022-07-29
ORD009370,CUST00645,PROD00505,5,0.15,2022-05-27
ORD006575,CUST00558,PROD00130,14,0.1,2022-01-13
ORD003053,CUST00649,PROD00304,11,0.0,2024-06-08
ORD009304,CUST00723,PROD00338,12,0.25,2024-11-30
ORD005463,CUST00590,PROD00425,2,0.1,2024-09-03
ORD000174,CUST00556,PROD00101,5,,2022-06-19
ORD004955,CUST00606,PROD00369,13,0.1,2024-10-02
ORD007321,CUST00814,PROD00488,9,0.15,2024-08-31
ORD004616,CUST00497,PROD00128,11,0.05,2024-11-07
ORD007621,CUST00096,PROD00518,2,0.05,2024-07-07
ORD003322,CUST00264,PROD00106,11,0.15,2022-01-14
ORD008212,CUST00786,PROD00010,6,0.05,2022-04-21
ORD006247,CUST00810,PROD00153,-5,0.1,2022-12-01
ORD006746,CUST00177,PROD00489,8,0.05,2023-07-21
ORD003373,CUST00555,PROD00146,10,0.15,2024-05-06
ORD006049,CUST00936,PROD00016,11,0.0,2022-08-07
ORD003312,CUST00923,PROD00141,2,0.0,2023-10-08
ORD008409,CUST00129,PROD00473,12,0.0,2023-04-08
ORD003340,CUST00245,PROD00059,5,0.1,2023-11-16
ORD001133,CUST00757,PROD00198,14,0.2,2023-12-08
ORD010098,CUST00638,PROD00080,3,0.1,2022-03-21
ORD009496,CUST00126,PROD00071,13,0.0,2023-03-25
ORD004552,CUST00106,PROD00466,8,0.0,2024-05-29
ORD004680,CUST00815,PROD00356,13,0.15,2023-11-28
ORD003404,CUST00725,PROD00039,8,,2023-08-03
ORD000019,CUST00961,PROD00331,3,0.15,2023-07-05
ORD003692,CUST00186,PROD00200,1,0.0,2023-09-22
ORD009322,CUST00419,PROD00018,11,,2022-10-15
ORD004097,CUST00486,PROD00499,11,0.0,2023-12-05
ORD003629,CUST00700,PROD00237,3,0.0,2022-08-06
ORD010223,CUST00577,PROD00021,14,,2022-03-08
ORD002175,CUST00017,PROD99559,3,0.25,2022-01-21
ORD001357,CUST00767,PROD00280,3,0.05,2022-04-30
ORD005003,CUST00006,PROD00095,11,0.0,2024-08-12
ORD007827,CUST00201,PROD00191,10,0.15,2024-02-23
ORD004814,CUST00508,PROD00495,11,0.1,2022-08-12
ORD006923,CUST00818,PROD00509,8,0.0,2024-08-16
ORD005824,CUST01038,PROD00237,12,0.05,2022-08-14
ORD010232,CUST00451,PROD00363,14,0.0,2024-06-09
ORD005671,CUST00826,PROD00108,8,0.2,2023-01-13
ORD003113,CUST00480,PROD00241,2,0.05,2024-05-18
ORD000183,CUST00914,PROD00365,5,0.0,2022-10-16
ORD003643,CUST01041,PROD00198,10,0.3,2024-12-12
ORD009546,CUST00980,PROD00206,14,0.05,2022-10-09
ORD001813,CUST00684,PROD00241,12,0.0,2022-06-14
ORD000856,CUST00407,PROD00067,1,0.15,2023-04-11
ORD007697,CUST00297,PROD00227,13,0.05,2022-08-28
ORD009082,CUST00622,PROD00135,10,0.15,2023-11-20
ORD004913,CUST00485,PROD00501,10,0.1,2023-12-04
ORD005669,CUST00973,PROD99672,1,0.05,2023-11-18
ORD009197,CUST00825,PROD00044,11,0.05,2023-07-25
ORD001801,CUST00294,PROD00344,4,0.15,2023-11-22
ORD009964,CUST00465,PROD00497,2,0.0,2024-03-11
ORD002430,CUST00074,PROD00488,11,0.0,2022-04-19
ORD001085,CUST00119,PROD00263,3,0.0,2024-09-01
ORD005483,CUST00545,PROD00223,4,0.1,2024-03-02
ORD006762,CUST01009,PROD00162,4,0.0,2023-07-25
ORD000347,CUST00218,PROD00182,14,0.15,2022-04-14
ORD009233,CUST01050,PROD00119,12,0.0,2024-10-05
ORD001969,CUST00557,PROD00370,11,0.05,2024-03-07
ORD008978,CUST00316,PROD00374,,0.0,2024-06-22
ORD008795,CUST00998,PROD00377,11,0.25,2024-06-07
ORD008566,CUST00911,PROD00317,8,0.05,2022-05-27
ORD004698,CUST00303,PROD00212,13,0.1,2024-02-15
ORD007009,CUST00872,PROD00246,2,0.0,2022-01-20
ORD004988,CUST00761,PROD00377,14,0.0,2022-05-01
ORD005119,CUST00810,PROD00021,9,0.05,2024-06-17
ORD004651,CUST00583,PROD00309,10,0.15,2023-12-23
ORD001160,CUST00182,PROD00337,3,0.1,2022-12-28
ORD001214,CUST00436,PROD00139,8,0.0,2024-09-01
ORD008368,CUST00294,PROD00376,5,0.15,2024-03-25
ORD001326,CUST00858,PROD00346,13,,2024-07-12
ORD008463,CUST00193,PROD00421,13,0.05,2023-03-13
ORD008497,CUST00642,PROD00018,6,0.0,2022-06-18
ORD004797,CUST00254,PROD00336,10,0.0,2022-10-06
ORD006797,CUST00756,PROD00504,8,0.0,2022-12-19
ORD005809,CUST00134,PROD00436,10,0.15,2023-05-02
ORD005944,CUST00138,PROD00302,10,0.0,2024-07-24
ORD009997,CUST00499,PROD00336,4,0.1,2022-12-03
ORD005280,CUST01007,PROD00407,2,0.1,2022-02-10
ORD001456,CUST00506,PROD00339,6,0.05,2022-08-08
ORD005411,CUST00650,PROD00265,12,0.05,2022-08-01
ORD008245,CUST00859,PROD00499,10,0.05,2022-01-31
ORD009068,CUST00123,PROD00212,10,0.1,2023-07-20
ORD004963,CUST00369,PROD00149,,0.0,2022-12-24
ORD002801,CUST00726,PROD00509,7,0.0,2024-12-02
ORD001645,CUST00015,PROD00251,14,0.0,2023-09-16
ORD002141,CUST00192,PROD00375,3,0.0,2024-06-29
ORD004537,CUST00753,PROD00252,9,0.0,2023-04-18
ORD007617,CUST00618,PROD00210,12,0.15,2023-10-22
ORD004458,CUST00892,PROD00106,5,,2022-02-24
ORD009644,CUST00823,PROD00457,12,0.15,2024-07-29
ORD005587,CUST00770,PROD00263,12,0.05,2024-12-12
ORD007816,CUST00805,PROD00123,3,0.1,2023-01-10
ORD004379,CUST00261,PROD00514,3,0.05,2024-12-11
ORD000730,CUST00723,PROD00102,14,0.05,2024-07-05
ORD004358,CUST00019,PROD00471,1,0.0,2024-03-09
ORD008590,CUST00526,PROD99538,3,0.0,2024-12-27
ORD006717,CUST00270,PROD00393,7,0.2,2023-01-01
ORD001937,CUST00745,PROD00067,9,0.05,2024-06-27
ORD003794,CUST01006,PROD00256,9,0.05,2023-04-01
ORD003737,CUST01006,PROD00347,6,0.2,2023-04-09
ORD002262,CUST00802,PROD00518,5,0.1,2022-01-16
ORD007430,CUST00144,PROD00068,10,0.0,2024-03-30
ORD004006,CUST00316,PROD00228,14,0.0,2023-02-16
ORD001111,CUST00583,PROD00020,3,0.15,2023-09-29
ORD007752,CUST00888,PROD00348,5,0.15,2023-06-22
ORD009726,CUST00803,PROD00029,5,0.0,2023-07-03
ORD005481,CUST00658,PROD00289,4,0.3,2023-09-06
ORD002999,CUST00260,PROD00328,4,0.15,2023-03-17
ORD002395,CUST00154,PROD00513,6,0.25,2024-01-28
ORD001186,CUST00120,PROD00073,11,0.0,2024-09-29
ORD002008,CUST00370,PROD00399,5,0.0,2022-08-22
ORD000194,CUST00803,PROD00318,11,0.05,2022-08-09
ORD005612,CUST00046,PROD00236,11,0.0,2022-04-11
ORD002902,CUST00041,PROD00135,7,0.15,2024-04-30
ORD000579,CUST00180,PROD00168,5,0.1,2023-01-11
ORD008109,CUST00062,PROD00282,10,0.05,2022-05-18
ORD006220,CUST00713,PROD00482,8,0.0,2023-10-07
ORD005526,CUST00498,PROD00319,9,0.15,2023-06-15
ORD000772,CUST00370,PROD00392,10,0.05,2022-10-15
ORD006684,CUST00653,PROD00395,9,0.1,2024-08-30
ORD002396,CUST00124,PROD00133,3,0.0,2022-11-29
ORD001479,CUST00055,PROD00355,7,0.25,2023-05-21
ORD001847,CUST01010,PROD00277,12,0.15,2024-02-17
ORD009809,CUST00893,PROD00241,6,0.0,2024-11-13
ORD004275,CUST00386,PROD00393,3,0.1,2023-10-07
ORD003741,CUST00624,PROD00449,2,0.05,2022-01-15
ORD004601,CUST00572,PROD00283,10,0.0,2022-08-28
ORD008765,CUST00876,PROD00199,11,0.0,2023-08-09
ORD001574,CUST00866,PROD00172,13,0.0,2024-11-28
ORD007987,CUST00033,PROD00284,4,0.05,2023-10-14
ORD006677,CUST00575,PROD00160,,0.15,2022-06-17
ORD006376,CUST01023,PROD00267,7,0.25,2023-06-16
ORD000406,CUST00758,PROD00411,1,0.05,2024-08-07
ORD010271,CUST00684,PROD00043,8,0.2,2023-06-30
ORD004916,CUST00568,PROD00484,4,0.0,2022-04-22
ORD002074,CUST00036,PROD00223,7,0.3,2022-08-11
ORD004755,CUST00329,PROD00408,11,0.15,2022-04-14
ORD001897,CUST00261,PROD00363,6,0.0,2024-02-02
ORD010302,CUST00273,PROD00401,4,,2022-06-27
ORD006703,CUST00877,PROD00338,4,0.05,2024-10-17
ORD006318,CUST00332,PROD00437,12,0.05,2022-08-26
ORD003660,CUST00077,PROD00237,7,0.05,2022-01-31
ORD006582,CUST00892,PROD00168,1,0.1,2023-10-25
ORD002380,CUST00675,PROD00303,2,0.0,2022-09-25
ORD001448,CUST00422,PROD00401,4,0.1,2023-09-20
ORD007599,CUST00731,PROD00520,11,,2023-02-17
ORD000343,CUST00411,PROD00466,1,0.1,2024-06-29
ORD007469,CUST00181,PROD00489,7,0.0,2023-12-19
ORD005128,CUST00182,PROD00054,1,0.25,2024-10-20
ORD003137,CUST00950,PROD00191,12,0.0,2022-11-27
ORD002528,CUST00805,PROD00257,11,0.0,2023-08-16
ORD000728,CUST00802,PROD00494,2,0.05,2024-05-02
ORD004578,CUST00901,PROD00305,6,0.15,2022-05-26
ORD000977,CUST00034,PROD00074,5,0.0,2023-11-13
ORD009031,CUST00053,PROD00067,6,0.2,2023-12-01
ORD005444,CUST00471,PROD00373,10,0.0,2023-06-01
ORD009732,CUST00596,PROD00314,4,0.1,2023-05-30
ORD003517,CUST00510,PROD00386,2,0.0,2022-02-18
ORD009580,CUST99830,PROD00030,5,0.2,2024-12-13
ORD008705,CUST00818,PROD00136,2,0.0,2024-04-05
ORD007157,CUST00258,PROD00503,13,0.0,2024-12-29
ORD007852,CUST00905,PROD00313,14,0.2,2024-08-09
ORD001349,CUST00228,PROD00272,14,0.1,2024-07-24
ORD000661,CUST00029,PROD99797,1,0.2,2022-08-05
ORD001493,CUST00801,PROD00494,7,0.2,2023-03-16
ORD009183,CUST00840,PROD00050,6,0.0,2022-03-19
ORD005155,CUST00586,PROD00337,7,0.2,2024-03-24
ORD010316,CUST00443,PROD00349,11,0.1,2024-03-22
ORD002525,CUST00620,PROD00014,11,0.25,2022-12-02
ORD010428,CUST00048,PROD00247,7,0.0,2022-07-04
ORD009121,CUST00453,PROD00114,1,0.0,2022-01-12
ORD005375,CUST00692,PROD00255,1,0.1,2024-10-08
ORD003199,CUST00301,PROD00310,1,0.1,2023-10-14
ORD005718,CUST00919,PROD00431,3,,2022-08-26
ORD009437,CUST00100,PROD00088,14,0.0,2024-10-11
ORD009803,CUST00029,PROD00452,8,0.0,2023-09-13
ORD008872,CUST00172,PROD00354,12,0.15,2022-11-15
ORD008675,CUST00313,PROD00022,3,0.05,2024-03-11
ORD000041,CUST00101,PROD00221,,0.0,2022-12-07
ORD009524,CUST00193,PROD00269,4,0.2,2022-10-19
ORD006817,CUST00460,PROD00020,12,0.1,2024-03-27
ORD008302,CUST00783,PROD00246,1,0.0,2023-11-18
ORD010267,CUST00732,PROD00043,4,0.2,2022-12-02
ORD002724,CUST00036,PROD00295,8,0.15,2022-12-07
ORD009893,CUST00404,PROD00169,12,0.0,2022-01-17
ORD009237,CUST00678,PROD00100,8,0.05,2022-01-24
ORD010480,CUST00807,PROD00116,1,0.1,2024-02-18
ORD007156,CUST99981,PROD00134,13,0.05,2023-06-16
ORD008298,CUST00044,PROD00049,10,,2023-11-27
ORD009932,CUST00782,PROD00171,9,,2023-01-24
ORD007231,CUST00246,PROD00074,14,0.05,2023-06-19
ORD005076,CUST00406,PROD00032,5,0.25,2022-03-22
ORD007881,CUST99520,PROD00453,3,0.15,2023-03-03
ORD005395,CUST00232,PROD99221,12,0.0,2024-01-11
ORD009210,CUST99068,PROD00506,7,0.15,2024-01-22
ORD007790,CUST00356,PROD00099,3,0.05,2022-05-17
ORD010055,CUST00627,PROD00470,13,0.1,2022-08-03
ORD004089,CUST00505,PROD00134,9,0.25,2022-05-22
ORD001968,CUST00800,PROD00221,8,0.15,2023-05-06
ORD009684,CUST00037,PROD00340,1,,2024-04-18
ORD009485,CUST00677,PROD00305,14,0.15,2024-07-23
ORD010325,CUST00006,PROD00401,9,0.15,2024-12-08
ORD007000,CUST00562,PROD00301,11,0.05,2024-11-21
ORD000424,CUST00394,PROD00011,13,0.2,2024-08-13
ORD009239,CUST00671,PROD99701,2,0.1,2022-02-13
ORD006143,CUST00688,PROD00056,12,0.1,2024-02-28
ORD005662,CUST00321,PROD00343,8,0.0,2023-07-06
ORD004597,CUST00763,PROD00367,11,0.3,2022-03-27
ORD002660,CUST00754,PROD00518,1,0.1,2022-07-22
ORD000142,CUST00632,PROD00371,4,0.1,2022-04-20
ORD002598,CUST00235,PROD00389,14,0.05,2022-09-22
ORD006702,CUST00252,PROD00048,14,0.2,2022-02-21
ORD001378,CUST00627,PROD00484,8,0.0,2024-02-02
ORD003675,CUST00353,PROD00468,14,0.05,2022-04-11
ORD000566,CUST00455,PROD00129,1,,2024-05-26
ORD006363,CUST00492,PROD00230,9,0.0,2023-09-17
ORD010082,CUST00345,PROD00029,9,0.15,2024-11-26
ORD004742,CUST00136,PROD00354,1,0.05,2022-08-25
ORD001139,CUST00767,PROD00349,2,0.2,2022-02-13
ORD007375,CUST00341,PROD00156,7,0.05,2022-08-29
ORD001788,CUST00722,PROD00505,3,0.0,2022-12-30
ORD008664,CUST00909,PROD00346,1,0.1,2024-12-14
ORD004647,CUST00801,PROD00333,3,0.2,2024-08-20
ORD007569,CUST00959,PROD00341,10,0.0,2024-04-01
ORD000460,CUST00349,PROD00082,12,0.1,2022-12-28
ORD006116,CUST00415,PROD00121,13,0.05,2024-09-21
ORD008180,CUST00707,PROD00404,5,0.05,2023-12-02
ORD000949,CUST00825,PROD00178,10,0.1,2023-08-16
ORD006371,CUST00484,PROD00076,5,0.1,2023-12-04
ORD004629,CUST00338,PROD00255,14,0.0,2022-12-08
ORD007359,CUST00225,PROD00056,9,0.2,2022-04-07
ORD005926,CUST00063,PROD00417,13,0.15,2023-06-05
ORD006041,CUST00383,PROD00005,4,0.1,2024-11-04
ORD000442,CUST00668,PROD00135,11,0.0,2024-03-01
ORD006660,CUST00454,PROD00022,7,0.1,2022-01-21
ORD003831,CUST00799,PROD00490,9,0.05,2024-01-20
ORD010116,CUST00513,PROD00122,10,0.3,2022-04-15
ORD006145,CUST00327,PROD00149,4,0.15,2023-04-12
ORD009750,CUST00708,PROD00365,5,0.0,2024-02-24
ORD006345,CUST00403,PROD00504,7,0.1,2024-04-28
ORD001959,CUST00139,PROD00161,2,0.1,2022-10-23
ORD000156,CUST00294,PROD00252,14,0.05,2023-11-23
ORD004579,CUST00548,PROD00520,8,0.1,2022-11-13
ORD001090,CUST00301,PROD99462,10,0.3,2023-01-16
ORD006050,CUST00185,PROD00310,5,0.05,2024-11-08
ORD007951,CUST00599,PROD00053,13,0.0,2023-08-24
ORD001675,CUST01034,PROD00230,9,0.25,2024-12-11
ORD006764,CUST00931,PROD00268,14,0.2,2022-11-11
ORD009028,CUST00785,PROD00354,2,0.05,2022-07-24
ORD006417,CUST00038,PROD00210,14,0.15,2024-04-07
ORD002327,CUST00132,PROD00281,8,0.05,2023-11-17
ORD007097,CUST00230,PROD00163,12,,2022-07-29
ORD009252,CUST00286,PROD00455,3,0.0,2023-12-07
ORD008498,CUST01032,PROD00090,6,0.15,2024-10-29
ORD006451,CUST00400,PROD00015,13,0.2,2023-06-02
ORD001716,CUST00253,PROD00090,14,0.1,2023-09-09
ORD003832,CUST00762,PROD00309,1,0.05,2024-07-24
ORD006300,CUST00568,PROD00328,1,0.0,2022-01-22
ORD003349,CUST00115,PROD00425,10,0.05,2023-07-06
ORD003330,CUST00349,PROD00041,3,0.0,2023-07-30
ORD000588,CUST00770,PROD00463,,0.0,2022-05-05
ORD010253,CUST00974,PROD00193,11,0.1,2023-12-28
ORD002991,CUST00563,PROD00465,8,0.05,2022-10-09
ORD009994,CUST00020,PROD00234,14,0.05,2024-04-18
ORD008536,CUST00322,PROD00479,14,0.1,2024-07-31
ORD009560,CUST00592,PROD00427,12,0.3,2022-12-21
ORD000265,CUST00164,PROD00289,9,,2023-07-18
ORD008522,CUST00446,PROD00344,6,0.05,2022-09-26
ORD006789,CUST00549,PROD00325,9,0.2,2022-02-13
ORD009167,CUST00269,PROD00090,10,0.25,2022-04-03
ORD003865,CUST01032,PROD00411,9,0.0,2024-05-15
ORD006275,CUST00696,PROD00295,2,0.2,2022-05-12
ORD009925,CUST00900,PROD00153,5,0.2,2022-06-23
ORD003712,CUST00819,PROD00161,6,0.15,2024-11-12
ORD001530,CUST00796,PROD00477,11,0.2,2023-06-03
ORD008855,CUST00770,PROD00018,9,0.0,2023-05-28
ORD000924,CUST00345,PROD00400,14,0.1,2024-08-16
ORD008486,CUST01010,PROD00390,4,0.0,2022-05-10
ORD007330,CUST00427,PROD00307,9,0.0,2022-08-19
ORD004365,CUST00146,PROD00479,2,0.0,2024-11-11
ORD000670,CUST00727,PROD00221,11,0.1,2024-09-22
ORD003605,CUST00863,PROD00374,,0.2,2022-09-08
ORD005109,CUST01036,PROD00403,12,0.15,2022-06-16
ORD005249,CUST00351,PROD00166,13,0.1,2024-04-11
ORD007184,CUST00237,PROD00328,1,0.2,2022-08-28
ORD002592,CUST00475,PROD00494,2,0.1,2023-10-04
ORD005907,CUST00346,PROD00142,13,0.1,2023-06-05
ORD006510,CUST00101,PROD00146,4,0.1,2024-03-05
ORD007134,CUST00234,PROD00276,13,0.05,2024-06-18
ORD002308,CUST00445,PROD00328,8,0.2,2023-11-20
ORD003691,CUST00156,PROD00365,11,0.05,2023-04-16
ORD000688,CUST00812,PROD00391,7,0.05,2022-08-10
ORD000613,CUST00278,PROD00236,12,0.05,2022-11-28
ORD007168,CUST00143,PROD00410,8,0.15,2024-10-15
ORD008531,CUST00894,PROD00477,1,0.3,2022-12-07
ORD003201,CUST00162,PROD00291,12,0.05,2022-06-03
ORD006630,CUST00323,PROD00024,4,0.0,2024-02-13
ORD004136,CUST00756,PROD00057,14,0.05,2024-07-23
ORD001899,CUST00797,PROD00173,10,0.0,2024-12-24
ORD000283,CUST00169,PROD00345,10,0.2,2022-04-11
ORD000259,CUST00485,PROD00387,3,0.0,2022-12-03
ORD010147,CUST00430,PROD00441,5,0.0,2022-10-14
ORD004944,CUST00323,PROD00208,3,0.3,2023-08-14
ORD002823,CUST00366,PROD00468,1,0.05,2024-03-26
ORD003526,CUST00311,PROD00147,6,0.0,2022-09-10
ORD010399,CUST00513,PROD00468,8,,2022-12-12
ORD005224,CUST00659,PROD00066,2,0.0,2024-08-28
ORD002286,CUST00252,PROD00135,5,0.0,2023-06-24
ORD006064,CUST00764,PROD00247,13,0.2,2024-08-14
ORD008079,CUST00333,PROD00094,,0.15,2024-07-23
ORD004655,CUST00459,PROD00350,8,0.0,2023-01-28
ORD005001,CUST00891,PROD00516,9,0.0,2022-06-09
ORD006711,CUST00759,PROD00247,5,0.05,2023-01-31
ORD010042,CUST00249,PROD00491,12,,2022-08-04
ORD005417,CUST00785,PROD00270,4,0.15,2022-12-06
ORD000476,CUST00026,PROD00236,4,0.1,2023-02-26
ORD002556,CUST00493,PROD99989,6,0.2,2023-09-16
ORD008088,CUST00012,PROD00382,6,0.15,2024-04-11
ORD000008,CUST00653,PROD00490,5,0.0,2023-02-25
ORD006412,CUST00649,PROD00500,6,0.1,2024-10-20
ORD009871,CUST00635,PROD00385,5,0.05,2023-03-11
ORD009606,CUST00104,PROD00194,5,0.3,2024-04-22
ORD005547,CUST00334,PROD00344,11,0.05,2022-12-26
ORD002427,CUST00224,PROD00365,9,0.25,2023-11-02
ORD006745,CUST00205,PROD00094,9,0.0,2023-09-12
ORD010366,CUST00209,PROD00428,4,0.05,2023-06-10
ORD002275,CUST00314,PROD00417,9,0.05,2023-01-24
ORD001578,CUST00171,PROD00301,6,0.05,2022-02-22
ORD007265,CUST00155,PROD00415,11,0.05,2024-06-08
ORD003971,CUST00657,PROD00195,12,0.15,2023-07-12
ORD005880,CUST00138,PROD00013,5,0.05,2023-05-27
ORD009070,CUST00126,PROD00010,9,0.0,2023-05-31
ORD010045,CUST00201,PROD00138,13,0.15,2023-03-11
ORD007194,CUST00605,PROD00072,8,,2023-03-02
ORD003868,CUST00030,PROD00486,8,0.0,2024-04-18
ORD010138,CUST00704,PROD00384,9,0.1,2022-07-27
ORD006824,CUST00231,PROD00455,10,0.2,2023-04-12
ORD007549,CUST00850,PROD99061,10,0.0,2023-08-04
ORD000782,CUST00132,PROD00045,5,0.05,2022-09-07
ORD001750,CUST00305,PROD00088,2,0.15,2022-03-07
ORD006520,CUST00664,PROD00382,5,0.15,2023-12-07
ORD005775,CUST00257,PROD00505,10,0.3,2023-08-07
ORD002325,CUST00880,PROD00212,14,,2022-10-11
ORD005056,CUST01035,PROD00285,1,0.0,2024-07-16
ORD009717,CUST00858,PROD00224,12,0.2,2024-07-24
ORD001728,CUST00970,PROD00120,3,0.1,2024-02-11
ORD000611,CUST00334,PROD00349,13,0.25,2023-12-17
ORD004667,CUST00242,PROD00440,13,0.2,2024-05-29
ORD005414,CUST00224,PROD00195,10,0.05,2024-10-13
ORD008104,CUST00824,PROD00162,9,0.0,2023-05-21
ORD008175,CUST00842,PROD00492,2,0.25,2023-06-09
ORD003751,CUST00061,PROD00332,8,0.3,2022-02-23
ORD000098,CUST00429,PROD00251,6,0.15,2022-09-12
ORD006986,CUST00199,PROD00305,12,0.2,2022-03-30
ORD003138,CUST00197,PROD00413,13,0.1,2024-04-02
ORD001538,CUST00255,PROD00055,12,0.15,2022-09-18
ORD003649,CUST00545,PROD00287,6,0.1,2024-02-26
ORD001518,CUST00217,PROD00028,11,0.25,2024-08-27
ORD010069,CUST00464,PROD00258,3,0.0,2023-01-06
ORD004625,CUST01008,PROD00473,7,0.05,2022-04-23
ORD006567,CUST00386,PROD00489,13,0.05,2023-08-02
ORD002091,CUST00853,PROD00367,8,0.15,2024-08-14
ORD007098,CUST00697,PROD00040,9,0.0,2024-10-29
ORD006172,CUST99880,PROD00124,5,0.05,2022-06-03
ORD007522,CUST00568,PROD00328,8,0.1,2023-08-09
ORD000573,CUST01048,PROD00426,,0.25,2024-01-29
ORD009772,CUST00890,PROD00465,6,0.0,2022-07-27
ORD003063,CUST00007,PROD00187,8,0.05,2022-11-27
ORD000598,CUST00006,PROD00231,9,0.05,2023-12-23
ORD006634,CUST00981,PROD00446,7,0.1,2022-05-20
ORD007876,CUST00394,PROD00089,10,0.0,2022-11-27
ORD007346,CUST00881,PROD00061,6,,2024-11-16
ORD006305,CUST00212,PROD00408,3,0.1,2022-05-04
ORD010164,CUST00888,PROD00478,13,,2022-06-30
ORD005977,CUST01024,PROD00425,3,0.1,2023-11-02
ORD001939,CUST00028,PROD00285,2,0.0,2022-07-20
ORD008101,CUST00099,PROD00400,11,0.05,2022-01-22
ORD001754,CUST00354,PROD00491,10,0.0,2023-10-01
ORD003671,CUST00539,PROD00280,7,0.15,2024-03-28
ORD008669,CUST00185,PROD00179,11,0.2,2024-07-11
ORD002362,CUST00851,PROD00151,1,0.1,2022-02-07
ORD004261,CUST00812,PROD00302,6,0.0,2022-09-29
ORD005433,CUST00696,PROD00103,13,0.15,2023-03-11
ORD006286,CUST00111,PROD00281,13,0.0,2024-03-23
ORD008541,CUST00034,PROD00118,8,0.0,2023-12-09
ORD010191,CUST00891,PROD00415,13,0.2,2022-07-15
ORD008467,CUST00601,PROD00359,14,0.15,2024-11-29
ORD009216,CUST00652,PROD00254,12,0.25,2023-04-19
ORD005592,CUST00003,PROD00257,12,0.1,2022-12-12
ORD001172,CUST00910,PROD00147,8,0.0,2023-01-11
ORD007928,CUST00801,PROD00207,12,0.15,2024-09-11
ORD009431,CUST00192,PROD00262,7,0.1,2023-04-18
ORD010070,CUST00023,PROD00304,7,0.15,2023-06-04
ORD008727,CUST00672,PROD00274,1,0.05,2022-12-27
ORD009870,CUST00071,PROD00175,3,0.0,2023-11-30
ORD000875,CUST00442,PROD00467,4,0.15,2023-04-27
ORD002298,CUST00366,PROD00184,6,0.1,2024-10-20
ORD010019,CUST00675,PROD00138,10,0.05,2022-09-02
ORD002644,CUST00981,PROD00030,2,0.3,2022-05-27
ORD005348,CUST00402,PROD00130,6,0.0,2023-03-27
ORD005206,CUST00637,PROD00465,10,0.15,2024-09-02
ORD000582,CUST00592,PROD00011,4,0.0,2022-07-11
ORD000205,CUST00945,PROD00448,14,0.1,2023-08-04
ORD007897,CUST00348,PROD00332,13,0.2,2022-03-03
ORD002015,CUST00282,PROD00041,14,0.1,2022-03-04
ORD000906,CUST00540,PROD00490,4,0.0,2022-11-17
ORD000632,CUST00157,PROD00307,6,0.25,2024-09-12
ORD009337,CUST00305,PROD00504,7,0.0,2023-05-23
ORD001975,CUST00452,PROD99775,6,0.1,2024-11-01
ORD000163,CUST00095,PROD00473,8,0.05,2023-11-13
ORD004999,CUST00087,PROD00390,5,0.0,2022-08-12
ORD004714,CUST00009,PROD00424,12,0.0,2024-06-27
ORD001432,CUST00925,PROD00217,,,2024-08-11
ORD006869,CUST00008,PROD00105,13,0.0,2023-06-17
ORD009843,CUST00836,PROD00139,14,0.05,2024-10-10
ORD007711,CUST00532,PROD00517,2,0.0,2024-10-18
ORD007737,CUST00159,PROD00166,14,0.0,2024-03-16
ORD004284,CUST00064,PROD00403,6,0.0,2023-12-18
ORD007532,CUST00061,PROD00013,6,0.1,2023-08-24
ORD008595,CUST00414,PROD00399,1,0.2,2024-05-07
ORD003385,CUST00194,PROD00123,14,0.1,2023-02-03
ORD010299,CUST00786,PROD00072,12,0.15,2023-06-08
ORD009704,CUST00591,PROD00024,,0.25,2024-07-21
ORD008986,CUST00587,PROD00489,3,0.1,2023-06-05
ORD007463,CUST00095,PROD00052,9,0.0,2024-11-12
ORD003332,CUST01027,PROD00468,12,0.0,2022-11-15
ORD006405,CUST00244,PROD00237,12,,2022-11-08
ORD002097,CUST00320,PROD00106,13,0.0,2024-03-23
ORD009047,CUST00206,PROD00071,2,0.1,2023-04-18
ORD008000,CUST00720,PROD00471,4,0.15,2023-03-13
ORD005018,CUST00943,PROD00043,8,0.15,2022-07-22
ORD001450,CUST00636,PROD00036,6,0.0,2023-11-15
ORD006901,CUST00667,PROD00193,12,0.1,2023-04-01
ORD002611,CUST00288,PROD00443,8,,2023-05-31
ORD001901,CUST00259,PROD00069,10,0.2,2023-08-11
ORD008187,CUST00763,PROD00069,9,0.05,2022-08-13
ORD003921,CUST00837,PROD00254,10,0.1,2022-03-28
ORD002758,CUST00434,PROD00341,1,0.1,2023-02-03
ORD006398,CUST00662,PROD00238,9,0.1,2022-04-20
ORD009335,CUST00690,PROD00205,3,0.05,2022-12-05
ORD002098,CUST00066,PROD00411,10,0.1,2024-12-07
ORD008330,CUST00643,PROD00430,9,0.05,2024-04-22
ORD005625,CUST00760,PROD00512,13,0.05,2022-08-28
ORD003472,CUST00309,PROD00468,8,0.05,2022-11-09
ORD008267,CUST00490,PROD00087,2,0.2,2023-06-13
ORD002172,CUST00088,PROD00365,10,0.0,2024-01-04
ORD009943,CUST00361,PROD00088,9,0.0,2024-03-27
ORD009892,CUST00484,PROD00499,9,0.1,2022-09-10
ORD002011,CUST00385,PROD00229,2,0.1,2024-02-11
ORD005467,CUST00390,PROD00211,7,0.2,2023-06-13
ORD001284,CUST00899,PROD00028,2,0.0,2022-12-15
ORD010336,CUST00157,PROD00108,2,0.0,2022-11-16
ORD001020,CUST00131,PROD00171,11,0.05,2023-05-14
ORD002811,CUST00376,PROD00496,3,0.1,2022-11-15
ORD009298,CUST00155,PROD00457,1,0.0,2023-12-04
ORD001652,CUST00491,PROD00055,8,0.0,2022-06-24
ORD010351,CUST00365,PROD00465,6,0.1,2022-04-30
ORD001170,CUST00564,PROD99312,1,0.0,2023-02-05
ORD006257,CUST00463,PROD00064,9,0.0,2023-12-29
ORD005470,CUST00015,PROD00034,,0.0,2022-07-04
ORD000868,CUST99538,PROD00308,13,0.0,2022-11-13
ORD005094,CUST01019,PROD00441,9,0.15,2024-06-07
ORD005434,CUST00865,PROD00361,12,0.1,2024-12-07
ORD000542,CUST00240,PROD00429,8,,2022-03-30
ORD008919,CUST00525,PROD00165,7,0.2,2024-05-04
ORD006355,CUST00842,PROD00295,13,0.15,2024-03-15
ORD010052,CUST00692,PROD00444,14,0.0,2024-08-24
ORD003391,CUST00967,PROD00314,12,0.15,2022-09-29
ORD008673,CUST00640,PROD00022,13,0.05,2022-03-26
ORD007411,CUST00533,PROD00464,3,0.05,2024-05-22
ORD003960,CUST00969,PROD00362,11,0.15,2022-05-17
ORD006644,CUST00132,PROD00263,11,0.0,2024-10-09
ORD006842,CUST00244,PROD00507,,0.0,2022-12-08
ORD008936,CUST00357,PROD00402,12,0.0,2023-01-02
ORD003587,CUST00712,PROD00508,13,0.0,2024-11-02
ORD009204,CUST00570,PROD00096,4,0.0,2023-02-12
ORD002564,CUST00581,PROD00301,5,0.1,2024-07-13
ORD005037,CUST00630,PROD00372,11,,2023-04-02
ORD001081,CUST00645,PROD00020,2,0.05,2024-07-28
ORD005892,CUST00163,PROD99293,2,0.1,2022-07-21
ORD004967,CUST00152,PROD00474,8,0.15,2024-06-13
ORD002024,CUST00694,PROD00367,,0.1,2022-11-12
ORD009682,CUST00478,PROD00071,2,0.05,2024-06-05
ORD007910,CUST00584,PROD00375,9,0.05,2022-03-31
ORD009393,CUST00597,PROD00379,14,0.2,2023-12-25
ORD007322,CUST99350,PROD00091,9,0.25,2023-12-19
ORD000227,CUST00916,PROD00280,6,0.1,2022-02-05
ORD001014,CUST01016,PROD00026,7,0.15,2022-08-10
ORD001930,CUST00506,PROD00050,12,0.3,2023-09-19
ORD005252,CUST00420,PROD00313,5,0.05,2023-02-07
ORD002180,CUST00715,PROD00061,11,0.25,2022-11-14
ORD000698,CUST00820,PROD00361,3,0.05,2024-12-22
ORD001125,CUST01003,PROD00418,,0.0,2022-11-28
ORD007379,CUST00004,PROD00191,7,0.0,2022-12-12
ORD008849,CUST00137,PROD00173,3,0.0,2022-09-11
ORD005111,CUST00687,PROD00273,3,0.0,2023-03-07
ORD007903,CUST00909,PROD00415,11,0.05,2022-06-24
ORD001779,CUST00072,PROD00409,8,,2024-11-15
ORD008605,CUST00549,PROD00045,13,0.3,2024-02-17
ORD002635,CUST00067,PROD00270,11,0.05,2023-01-20
ORD007545,CUST00973,PROD00162,7,0.15,2023-01-26
ORD007605,CUST00298,PROD00342,1,0.1,2022-11-13
ORD003490,CUST00769,PROD00023,13,0.15,2024-07-26
ORD001038,CUST00207,PROD00368,9,,2022-10-08
ORD008820,CUST00387,PROD00476,12,0.2,2022-12-03
ORD008506,CUST00970,PROD00330,14,0.0,2022-02-12
ORD002650,CUST00467,PROD00409,10,0.05,2024-09-24
ORD002980,CUST00971,PROD00485,12,0.0,2024-06-29
ORD002548,CUST01036,PROD00501,,0.0,2023-11-30
ORD005133,CUST00521,PROD00011,5,0.1,2024-12-06
ORD002160,CUST00367,PROD00413,12,0.0,2024-07-31
ORD006446,CUST00094,PROD00009,9,0.0,2022-04-17
ORD003968,CUST00615,PROD00281,1,0.0,2024-02-27
ORD001429,CUST00131,PROD00170,13,0.1,2022-07-19
ORD009062,CUST00149,PROD00213,2,0.05,2022-01-07
ORD002521,CUST00841,PROD00188,11,0.1,2022-08-21
ORD008034,CUST00675,PROD00112,10,0.05,2024-10-03
ORD009299,CUST00772,PROD00164,11,0.0,2023-08-26
ORD002956,CUST01001,PROD00042,6,0.2,2022-09-13
ORD000449,CUST00893,PROD00178,9,0.15,2023-04-30
ORD009135,CUST00563,PROD00404,13,0.0,2023-02-20
ORD005996,CUST00593,PROD00127,3,0.05,2022-06-23
ORD008662,CUST00600,PROD00124,8,0.05,2024-07-19
ORD003728,CUST00894,PROD00290,6,0.05,2024-04-25
ORD007354,CUST01025,PROD00383,6,0.1,2023-12-12
ORD008554,CUST00595,PROD00471,9,0.15,2022-09-04
ORD006280,CUST00983,PROD00013,5,0.0,2023-04-25
ORD009635,CUST00995,PROD00257,5,0.25,2023-07-19
ORD007296,CUST00197,PROD00219,14,0.0,2023-06-28
ORD006252,CUST00160,PROD00260,13,0.1,2023-07-25
ORD005927,CUST00778,PROD00254,4,0.1,2022-02-06
ORD002461,CUST00520,PROD00516,13,0.0,2024-04-12
ORD000023,CUST00464,PROD00417,9,0.15,2024-12-18
ORD002067,CUST01019,PROD00372,11,0.1,2022-11-07
ORD001654,CUST00118,PROD00018,10,0.05,2023-08-22
ORD001377,CUST00481,PROD00412,12,0.0,2024-04-19
ORD001725,CUST00803,PROD00426,1,0.0,2024-07-07
ORD003755,CUST00794,PROD00199,2,0.1,2022-05-25
ORD004184,CUST00420,PROD00251,6,0.0,2022-10-09
ORD004083,CUST00879,PROD99163,14,0.0,2024-04-07
ORD008475,CUST00701,PROD00227,1,0.0,2023-06-25
ORD006580,CUST00951,PROD00084,6,0.2,2023-12-17
ORD004559,CUST01050,PROD00339,1,0.05,2024-11-17
ORD003538,CUST00348,PROD00377,,0.2,2024-11-26
ORD007004,CUST00080,PROD00234,8,0.0,2022-12-06
ORD010198,CUST00354,PROD00200,,0.3,2022-12-19
ORD000647,CUST00068,PROD00482,6,0.15,2022-08-10
ORD006382,CUST00929,PROD00175,4,0.25,2023-10-27
ORD007528,CUST00330,PROD00443,1,0.05,2024-08-30
ORD010441,CUST01035,PROD00310,9,0.0,2024-12-02
ORD007166,CUST00278,PROD00422,14,0.05,2022-09-15
ORD008612,CUST00436,PROD00468,13,0.25,2022-10-27
ORD007698,CUST00857,PROD00031,12,,2024-09-25
ORD010129,CUST00528,PROD00084,8,0.0,2024-07-08
ORD004876,CUST00760,PROD00459,13,0.0,2024-06-01
ORD009256,CUST00804,PROD00391,1,0.1,2022-12-11
ORD005342,CUST00945,PROD00375,12,0.15,2023-05-05
ORD007032,CUST00968,PROD00478,12,0.0,2024-06-22
ORD002161,CUST00944,PROD00220,13,0.25,2024-01-15
ORD000686,CUST00753,PROD00047,7,0.05,2024-04-14
ORD002462,CUST00028,PROD00169,10,0.15,2024-01-15
ORD007129,CUST00802,PROD00514,4,0.25,2024-02-25
ORD006268,CUST00681,PROD00508,10,,2022-10-15
ORD004942,CUST00072,PROD00062,9,0.0,2024-11-02
ORD005947,CUST00737,PROD00104,14,0.15,2024-07-25
ORD004584,CUST99136,PROD00465,1,0.0,2022-01-14
ORD005785,CUST00130,PROD00331,11,0.0,2022-02-28
ORD007570,CUST00851,PROD00189,13,0.05,2022-06-16
ORD000522,CUST00271,PROD00244,5,0.05,2024-05-18
ORD003984,CUST00939,PROD00337,14,0.05,2022-03-20
ORD010295,CUST00837,PROD00365,6,0.0,2022-11-01
ORD000781,CUST00841,PROD00423,13,0.05,2022-03-15
ORD008863,CUST00556,PROD00375,14,0.1,2023-09-07
ORD005608,CUST01014,PROD00510,9,0.2,2022-08-02
ORD005979,CUST00431,PROD00378,9,0.15,2024-05-13
ORD003748,CUST00848,PROD00138,13,0.15,2023-02-10
ORD002197,CUST00361,PROD00411,1,0.1,2023-06-09
ORD008562,CUST00665,PROD00372,10,0.05,2022-07-25
ORD005799,CUST00738,PROD00021,6,0.1,2023-01-21
ORD004286,CUST00147,PROD00451,13,0.0,2024-04-29
ORD008570,CUST00289,PROD00102,11,0.1,2024-06-24
ORD006980,CUST99047,PROD00053,10,0.05,2024-07-30
ORD001828,CUST00262,PROD00469,4,0.05,2024-12-24
ORD010415,CUST00934,PROD00230,10,0.0,2024-08-03
ORD002377,CUST00108,PROD00148,7,0.0,2022-07-26
ORD008552,CUST00264,PROD00045,7,0.2,2024-04-03
ORD003840,CUST00848,PROD00240,11,0.2,2023-07-24
ORD001247,CUST01012,PROD00342,4,0.25,2022-11-10
ORD007505,CUST00689,PROD00370,2,,2024-11-01
ORD006512,CUST00981,PROD00324,3,0.0,2024-12-18
ORD005440,CUST00053,PROD00501,2,0.0,2022-11-29
ORD009955,CUST00056,PROD00299,11,0.1,2024-12-02
ORD005511,CUST01010,PROD00110,9,0.0,2024-05-26
ORD005331,CUST00581,PROD00070,12,0.05,2023-06-28
ORD004532,CUST00725,PROD00194,1,0.0,2024-08-18
ORD000366,CUST00942,PROD00108,1,0.15,2022-01-08
ORD002336,CUST00762,PROD00154,11,0.05,2022-03-01
ORD000148,CUST00620,PROD00219,2,0.0,2022-08-05
ORD001669,CUST00820,PROD00332,9,0.05,2024-10-07
ORD009531,CUST00084,PROD00019,11,0.1,2023-09-04
ORD007651,CUST00892,PROD00459,5,0.0,2022-01-08
ORD008600,CUST00086,PROD00464,3,0.0,2022-12-26
ORD007789,CUST00071,PROD00273,14,0.15,2022-09-27
ORD003457,CUST00155,PROD00413,,,2022-04-11
ORD003272,CUST00967,PROD00105,2,0.05,2023-09-30
ORD004941,CUST00016,PROD00038,10,0.1,2024-06-25
ORD006231,CUST00066,PROD00092,12,0.0,2023-08-29
ORD009596,CUST00117,PROD00101,3,0.15,2022-03-17
ORD008747,CUST00210,PROD00438,14,0.0,2023-11-18
ORD003927,CUST00321,PROD00397,13,0.05,2023-12-22
ORD009202,CUST00627,PROD00270,5,0.15,2024-09-20
ORD008081,CUST01050,PROD00397,5,,2022-06-12
ORD000079,CUST00570,PROD00092,13,0.15,2023-06-08
ORD007089,CUST00815,PROD00080,6,0.0,2022-12-07
ORD002248,CUST00962,PROD00096,5,0.0,2024-02-09
ORD008898,CUST00656,PROD00104,12,0.0,2023-10-22
ORD008167,CUST00836,PROD00259,10,0.0,2022-07-14
ORD007452,CUST00294,PROD00269,11,0.05,2023-11-03
ORD002280,CUST00455,PROD00334,9,0.0,2022-04-20
ORD008124,CUST00935,PROD00467,1,0.05,2024-07-14
ORD003898,CUST00513,PROD00057,6,0.15,2024-10-12
ORD008689,CUST00912,PROD00192,11,0.1,2024-03-15
ORD007178,CUST00598,PROD00470,7,,2022-01-27
ORD010181,CUST00754,PROD00368,5,0.0,2022-01-08
ORD003632,CUST00956,PROD00159,5,0.0,2022-05-01
ORD009290,CUST99460,PROD00081,9,0.1,2023-04-08
ORD006273,CUST00193,PROD00323,10,0.0,2022-04-24
ORD008617,CUST00559,PROD99072,3,0.0,2022-10-13
ORD000393,CUST00630,PROD00189,12,0.15,2023-07-30
ORD003192,CUST00259,PROD00333,11,0.05,2022-01-17
ORD000017,CUST00736,PROD00396,5,0.05,2024-01-05
ORD004201,CUST00585,PROD00075,7,0.05,2022-06-27
ORD002673,CUST00981,PROD00360,14,0.1,2024-05-23
ORD006165,CUST00549,PROD00409,11,0.0,2023-06-10
ORD003494,CUST00780,PROD00109,6,0.2,2024-03-09
ORD007395,CUST00092,PROD00056,13,0.05,2024-06-20
ORD004840,CUST00148,PROD00314,14,0.0,2024-09-23
ORD000594,CUST01005,PROD00505,3,0.0,2023-05-09
ORD010030,CUST00447,PROD00405,8,0.25,2024-05-08
ORD005828,CUST00101,PROD00396,9,0.05,2024-02-09
ORD007962,CUST00449,PROD99711,4,0.05,2024-01-07
ORD005888,CUST00031,PROD00484,1,0.1,2022-12-05
ORD002356,CUST00010,PROD00477,2,0.1,2022-03-27
ORD006037,CUST00048,PROD00355,8,,2022-06-08
ORD004799,CUST00162,PROD00505,4,0.2,2024-10-02
ORD009313,CUST00328,PROD00024,6,0.0,2024-12-11
ORD004593,CUST00340,PROD00115,12,0.1,2024-06-09
ORD008657,CUST00880,PROD00161,10,0.0,2024-06-09
ORD000164,CUST00640,PROD00398,7,0.05,2022-03-31
ORD009974,CUST00298,PROD00116,8,0.0,2022-07-30
ORD010158,CUST00824,PROD00124,5,0.1,2023-07-18
ORD001958,CUST00241,PROD00343,12,0.0,2022-04-11
ORD007381,CUST99021,PROD00429,12,0.05,2023-07-06
ORD008878,CUST00649,PROD00398,12,0.0,2022-04-24
ORD006357,CUST00657,PROD00338,8,0.05,2024-08-04
ORD005543,CUST00484,PROD00298,9,0.15,2022-10-01
ORD006008,CUST00008,PROD00371,11,0.05,2022-07-21
ORD007994,CUST00602,PROD00458,6,0.15,2023-06-04
ORD007639,CUST00228,PROD00125,7,0.15,2024-11-06
ORD006794,CUST00818,PROD00270,3,0.1,2022-01-24
ORD007759,CUST00461,PROD00304,8,0.05,2023-04-30
ORD004838,CUST00083,PROD00050,9,0.0,2023-12-10
ORD002294,CUST00860,PROD00147,12,0.25,2023-09-23
ORD006549,CUST00151,PROD00286,2,0.15,2023-04-10
ORD007899,CUST00179,PROD00463,4,0.1,2024-12-21
ORD004482,CUST00707,PROD00383,5,0.05,2023-06-12
ORD003717,CUST00481,PROD00039,9,0.3,2023-04-25
ORD006141,CUST00567,PROD00512,13,0.1,2022-07-07
ORD001550,CUST00591,PROD00191,12,0.0,2023-11-29
ORD002045,CUST00310,PROD99202,3,0.0,2024-01-05
ORD000768,CUST00615,PROD00058,2,0.05,2022-02-12
ORD005694,CUST00600,PROD00229,11,0.0,2024-08-20
ORD007871,CUST00957,PROD00237,3,0.15,2023-09-21
ORD007858,CUST01028,PROD00419,7,0.0,2023-02-05
ORD003303,CUST00751,PROD00460,8,0.25,2023-10-20
ORD004518,CUST00320,PROD00494,9,0.1,2022-09-19
ORD009776,CUST01016,PROD00411,8,0.0,2024-04-02
ORD003293,CUST00248,PROD00435,4,0.05,2022-12-12
ORD001404,CUST00828,PROD00301,7,0.15,2022-05-18
ORD001383,CUST00721,PROD00269,13,0.0,2023-06-06
ORD006929,CUST00333,PROD00323,7,0.0,2024-10-24
ORD005672,CUST00206,PROD00132,12,0.0,2023-11-27
ORD001639,CUST00176,PROD00286,9,0.0,2024-11-07
ORD006908,CUST99920,PROD00475,,0.1,2022-01-05
ORD008592,CUST01050,PROD00164,3,0.1,2024-09-20
ORD006407,CUST00586,PROD00214,9,0.0,2022-11-07
ORD001180,CUST00585,PROD00112,12,0.05,2022-12-26
ORD005449,CUST00012,PROD00517,12,0.1,2023-03-16
ORD005079,CUST00081,PROD00240,3,0.0,2022-03-11
ORD008649,CUST00326,PROD00028,12,0.15,2023-07-27
ORD005176,CUST00242,PROD00031,13,0.25,2024-07-21
ORD000690,CUST00809,PROD00165,1,0.05,2022-11-19
ORD010301,CUST00033,PROD00463,4,0.0,2022-12-06
ORD006526,CUST00970,PROD00073,14,0.25,2022-12-24
ORD005787,CUST00232,PROD00284,9,0.0,2023-07-13
ORD006489,CUST00456,PROD00249,3,0.05,2023-10-12
ORD007155,CUST00164,PROD00276,10,0.05,2023-04-21
ORD009064,CUST00296,PROD00058,12,0.05,2022-09-14
ORD006611,CUST00677,PROD00274,8,0.05,2024-08-14
ORD009226,CUST00618,PROD00324,9,0.0,2024-03-07
ORD004350,CUST00380,PROD00137,13,0.0,2023-06-22
ORD001885,CUST00899,PROD00035,2,0.1,2022-01-16
ORD009306,CUST00925,PROD00308,11,,2023-03-16
ORD002495,CUST00283,PROD00253,1,0.0,2024-11-11
ORD005948,CUST00876,PROD00334,9,0.0,2024-04-06
ORD003037,CUST00519,PROD00112,12,0.0,2023-11-01
ORD005778,CUST00820,PROD00042,7,,2022-03-25
ORD000846,CUST00377,PROD00461,7,0.15,2022-12-16
ORD008735,CUST00675,PROD00272,11,0.0,2024-10-04
ORD007968,CUST01027,PROD00229,8,0.1,2022-10-09
ORD009130,CUST00799,PROD00339,12,0.2,2022-08-13
ORD007341,CUST00719,PROD00077,,0.0,2024-11-07
ORD009703,CUST00962,PROD00062,13,0.15,2022-06-09
ORD008927,CUST00268,PROD00282,8,0.0,2022-04-29
ORD007138,CUST00690,PROD00165,5,0.3,2024-08-10
ORD002965,CUST00897,PROD00252,14,0.05,2022-12-25
ORD002530,CUST00943,PROD00092,2,0.1,2023-01-20
ORD005773,CUST00498,PROD00084,13,0.25,2022-08-19
ORD001049,CUST00697,PROD00403,13,0.1,2022-01-31
ORD007046,CUST00113,PROD00168,10,0.0,2022-12-30
ORD001961,CUST00342,PROD00168,13,0.0,2023-10-10
ORD002531,CUST00174,PROD00493,7,0.1,2023-09-01
ORD008430,CUST00815,PROD00216,9,0.1,2023-03-14
ORD004918,CUST01003,PROD00350,6,0.05,2023-02-10
ORD005902,CUST00981,PROD99282,10,0.0,2024-03-07
ORD008287,CUST00241,PROD00245,8,0.05,2024-03-21
ORD004260,CUST00422,PROD00461,8,0.0,2022-06-25
ORD005657,CUST00880,PROD00495,3,0.1,2024-05-22
ORD006098,CUST00279,PROD00168,1,,2022-06-09
ORD005908,CUST00543,PROD00490,9,0.15,2022-10-12
ORD007374,CUST00020,PROD00022,10,0.0,2023-05-24
ORD002979,CUST00278,PROD00248,7,0.15,2023-11-30
ORD009550,CUST00674,PROD00201,7,,2023-07-14
ORD010044,CUST00535,PROD00218,3,0.2,2023-11-10
ORD006722,CUST00765,PROD00289,7,0.05,2024-03-01
ORD007843,CUST00282,PROD00470,4,0.0,2024-12-10
ORD008265,CUST00070,PROD00433,14,0.0,2023-11-23
ORD009778,CUST00717,PROD00216,14,0.0,2022-08-11
ORD003139,CUST00652,PROD00202,10,0.3,2023-03-25
ORD008326,CUST00245,PROD00443,5,0.0,2022-04-22
ORD009138,CUST00863,PROD00072,14,2.0,2024-01-24
ORD001827,CUST00825,PROD00410,2,0.0,2023-10-11
ORD005549,CUST00306,PROD00341,9,0.2,2024-08-28
ORD000561,CUST00240,PROD00406,14,,2024-11-13
ORD009491,CUST00699,PROD00180,6,0.2,2024-03-12
ORD008436,CUST01014,PROD00092,3,0.2,2023-12-02
ORD005436,CUST00590,PROD00331,5,0.2,2023-08-07
ORD004438,CUST00867,PROD00402,10,0.2,2023-08-19
ORD008598,CUST99794,PROD00258,13,0.05,2023-08-02
ORD001443,CUST00842,PROD00328,1,0.0,2023-10-17
ORD008454,CUST00336,PROD00098,1,0.05,2023-02-24
ORD004407,CUST00286,PROD00424,11,0.1,2022-06-18
ORD010265,CUST00569,PROD00055,12,0.0,2024-08-19
ORD001690,CUST00682,PROD00395,6,0.0,2022-07-12
ORD008820,CUST00387,PROD00476,12,0.2,2022-12-03
ORD009689,CUST00351,PROD00126,2,0.25,2022-04-18
ORD005963,CUST00645,PROD00238,14,0.1,2022-01-19
ORD002497,CUST01029,PROD00214,4,0.1,2022-08-09
ORD008830,CUST00082,PROD00385,9,0.0,2022-05-12
ORD000341,CUST00543,PROD00010,9,0.3,2024-07-18
ORD002409,CUST00630,PROD99396,10,0.0,2023-06-26
ORD008998,CUST00403,PROD00390,6,0.0,2024-09-10
ORD005783,CUST00912,PROD00389,2,0.0,2024-12-29
ORD004577,CUST00774,PROD00127,4,0.0,2024-10-02
ORD003726,CUST00109,PROD00059,3,0.0,2022-10-28
ORD002786,CUST00835,PROD00350,2,0.1,2024-05-09
ORD001013,CUST00885,PROD00437,13,0.0,2024-12-18
ORD005281,CUST00374,PROD00477,13,0.25,2024-03-15
ORD004896,CUST00689,PROD00334,5,0.1,2022-09-03
ORD007122,CUST00947,PROD00168,9,0.0,2022-05-22
ORD006550,CUST00499,PROD00161,7,0.05,2024-06-25
ORD004038,CUST00015,PROD00513,11,0.0,2022-11-29
ORD000149,CUST00767,PROD00310,1,0.0,2022-09-29
ORD000286,CUST00576,PROD00127,4,0.1,2023-04-29
ORD010394,CUST00784,PROD00346,5,0.05,2024-09-13
ORD008556,CUST00158,PROD00256,2,0.15,2024-01-05
ORD009050,CUST00890,PROD00010,5,0.0,2022-02-02
ORD006771,CUST00394,PROD00278,2,0.2,2023-07-20
ORD004444,CUST00725,PROD00330,3,0.1,2024-09-27
ORD007447,CUST00065,PROD00391,5,0.1,2022-05-26
ORD000237,CUST99573,PROD00148,7,0.0,2023-05-02
ORD010324,CUST00620,PROD00308,,0.0,2024-01-05
ORD007124,CUST00613,PROD00224,8,0.05,2023-06-30
ORD008996,CUST01025,PROD00101,7,0.1,2022-05-03
ORD003084,CUST00745,PROD00476,6,0.1,2022-04-03
ORD000633,CUST00269,PROD00403,6,0.25,2023-01-07
ORD006814,CUST00420,PROD00286,14,0.2,2022-09-19
ORD002494,CUST00002,PROD00265,11,0.15,2023-07-06
ORD002666,CUST00031,PROD00274,9,0.15,2024-09-23
ORD009140,CUST01049,PROD00139,12,0.05,2023-03-30
ORD009819,CUST00705,PROD00031,10,0.05,2022-01-21
ORD009116,CUST00134,PROD00101,10,0.1,2024-07-17
ORD004212,CUST00856,PROD00117,4,0.0,2024-09-20
ORD003875,CUST00377,PROD00144,1,0.1,2024-05-12
ORD002818,CUST00199,PROD00053,11,0.05,2022-12-27
ORD008903,CUST00877,PROD00151,3,0.1,2024-02-11
ORD007727,CUST00828,PROD00109,4,0.05,2024-04-16
ORD009675,CUST00740,PROD00271,4,0.2,2024-06-06
ORD007427,CUST00306,PROD00156,13,0.0,2024-12-27
ORD009265,CUST00784,PROD00223,,0.0,2022-05-02
ORD009119,CUST00736,PROD00518,12,0.05,2023-07-17
ORD009909,CUST00936,PROD00248,13,0.1,2022-05-18
ORD001736,CUST00336,PROD00072,6,0.0,2022-05-20
ORD007398,CUST00871,PROD00123,1,0.0,2024-02-08
ORD004256,CUST00704,PROD00447,2,0.1,2023-10-14
ORD008924,CUST00280,PROD00390,11,0.0,2024-10-05
ORD002476,CUST00801,PROD00271,14,0.25,2024-10-13
ORD006153,CUST00205,PROD00119,10,0.15,2022-05-16
ORD003714,CUST00746,PROD00286,1,0.0,2023-09-30
ORD009673,CUST00632,PROD00180,,0.2,2023-08-26
ORD001805,CUST01048,PROD00145,2,0.05,2023-04-29
ORD000708,CUST00670,PROD00082,13,0.0,2024-07-23
ORD009900,CUST00780,PROD00066,1,0.1,2024-03-03
ORD005190,CUST00302,PROD00462,9,0.0,2024-03-26
ORD005473,CUST00502,PROD00466,12,0.0,2023-10-02
ORD000073,CUST99509,PROD00175,6,0.0,2023-10-14
ORD007844,CUST00392,PROD00363,10,,2023-01-20
ORD005102,CUST00588,PROD00173,5,0.1,2023-05-19
ORD006765,CUST00044,PROD99000,3,0.1,2024-07-12
ORD001126,CUST00854,PROD00426,10,0.0,2023-09-18
ORD001242,CUST99760,PROD00203,2,0.15,2022-10-17
ORD008888,CUST00176,PROD00407,9,0.0,2022-12-25
ORD002350,CUST00563,PROD00284,10,0.25,2023-09-24
ORD006603,CUST00330,PROD00019,9,0.05,2022-07-24
ORD006781,CUST99383,PROD00155,9,0.0,2022-06-17
ORD004359,CUST00281,PROD00283,6,0.1,2024-11-22
ORD001344,CUST00504,PROD00332,9,0.05,2023-05-12
ORD010072,CUST00352,PROD00203,8,0.0,2024-03-30
ORD009350,CUST00063,PROD00393,5,0.15,2024-11-23
ORD010313,CUST00865,PROD00374,13,0.05,2024-04-07
ORD008633,CUST99734,PROD00419,13,0.0,2022-11-28
ORD006653,CUST00966,PROD00353,13,0.1,2024-04-13
ORD001101,CUST00530,PROD00031,4,0.0,2023-02-12
ORD008842,CUST00623,PROD00520,11,0.05,2024-06-19
ORD007328,CUST00972,PROD00457,7,0.2,2023-06-13
ORD007623,CUST00773,PROD00500,13,0.15,2022-03-13
ORD000988,CUST00218,PROD00434,14,0.05,2024-01-18
ORD002853,CUST00687,PROD00191,9,0.0,2023-03-07
ORD008854,CUST00996,PROD00119,2,0.1,2023-07-06
ORD000631,CUST00234,PROD00156,10,0.05,2024-06-01
ORD001250,CUST99840,PROD00142,7,0.0,2023-11-08
ORD003180,CUST00249,PROD00486,7,0.25,2022-12-05
ORD000483,CUST00050,PROD00222,7,0.15,2024-06-21
ORD003041,CUST00931,PROD00243,11,0.0,2024-07-16
ORD005011,CUST00659,PROD00175,5,0.2,2023-08-15
ORD009404,CUST99201,PROD00340,4,0.05,2024-04-28
ORD007001,CUST00865,PROD00239,6,,2022-04-18
ORD003274,CUST00798,PROD00127,6,0.0,2023-05-21
ORD007228,CUST00545,PROD00482,13,0.05,2024-03-13
ORD003684,CUST00897,PROD00258,13,0.0,2024-08-17
ORD006675,CUST00643,PROD00270,14,0.15,2022-09-22
ORD006808,CUST00608,PROD00175,1,0.1,2022-01-10
ORD010482,CUST00828,PROD00176,7,0.0,2024-10-03
ORD001317,CUST01039,PROD00488,8,0.05,2023-10-21
ORD003226,CUST00975,PROD00409,2,0.2,2024-01-24
ORD001073,CUST00864,PROD00260,4,0.2,2024-05-04
ORD004816,CUST00213,PROD00003,10,0.05,2022-12-29
ORD009262,CUST00363,PROD00325,6,0.2,2023-09-18
ORD005753,CUST00868,PROD00374,5,0.05,2022-12-04
ORD009850,CUST00876,PROD00110,10,0.15,2022-04-21
ORD004617,CUST00986,PROD00309,4,0.0,2024-08-23
ORD003098,CUST00763,PROD00471,12,0.0,2023-09-06
ORD006870,CUST00096,PROD00047,14,0.15,2023-12-08
ORD001301,CUST00222,PROD00251,6,0.0,2022-10-24
ORD007286,CUST00348,PROD00019,2,0.15,2023-01-12
ORD006285,CUST00977,PROD00233,3,0.1,2023-07-31
ORD005496,CUST00060,PROD00178,14,0.0,2024-02-06
ORD005292,CUST00694,PROD00216,,0.0,2023-12-02
ORD001799,CUST00171,PROD00198,4,0.0,2022-06-27
ORD005204,CUST00817,PROD00515,4,0.1,2022-11-22
ORD008228,CUST00006,PROD00149,6,0.0,2022-12-29
ORD005048,CUST00087,PROD00399,1,0.0,2022-10-05
ORD006442,CUST00732,PROD00117,6,0.0,2023-03-22
ORD008637,CUST00287,PROD00500,5,0.0,2024-02-05
ORD008106,CUST00850,PROD00299,6,0.0,2022-11-08
ORD002360,CUST00034,PROD00153,14,0.05,2022-06-19
ORD010101,CUST00115,PROD00201,7,0.0,2022-03-13
ORD003655,CUST00241,PROD00284,5,0.25,2023-11-23
ORD007053,CUST00731,PROD00468,12,0.0,2023-04-27
ORD001287,CUST00069,PROD00005,6,0.1,2022-07-23
ORD009830,CUST00379,PROD00112,8,0.0,2024-07-16
ORD004446,CUST00649,PROD00332,7,0.0,2022-01-03
ORD002138,CUST00077,PROD00024,6,0.05,2022-05-06
ORD006788,CUST00649,PROD00341,9,0.0,2024-06-02
ORD010496,CUST00611,PROD00183,9,0.0,2023-04-08
ORD009160,CUST00238,PROD00017,10,0.05,2024-10-08
ORD009661,CUST00757,PROD99065,1,0.05,2024-04-28
ORD006895,CUST00412,PROD00356,12,0.05,2024-01-17
ORD009228,CUST00370,PROD00140,14,0.1,2024-08-21
ORD008565,CUST00495,PROD00374,13,0.0,2024-11-14
ORD007152,CUST00809,PROD00319,4,0.0,2023-08-10
ORD000964,CUST00318,PROD00385,2,,2023-09-07
ORD006013,CUST00799,PROD00177,6,0.0,2024-07-15
ORD004883,CUST00375,PROD99217,3,0.0,2023-10-21
ORD000141,CUST00240,PROD00309,11,0.0,2022-01-18
ORD009730,CUST00965,PROD00025,10,0.1,2024-04-25
ORD008907,CUST00402,PROD00422,,0.15,2023-07-31
ORD006937,CUST00624,PROD99966,4,0.0,2022-04-25
ORD006543,CUST00002,PROD00185,1,0.0,2023-12-17
ORD005244,CUST00539,PROD00126,13,0.05,2024-04-29
ORD004432,CUST00642,PROD00405,2,0.3,2023-03-07
ORD000407,CUST00899,PROD00029,8,0.15,2024-10-06
ORD008213,CUST00278,PROD00167,12,0.15,2022-12-29
ORD009015,CUST00663,PROD00321,7,0.15,2024-01-28
ORD009293,CUST00705,PROD00005,12,0.25,2022-09-07
ORD008235,CUST00247,PROD00319,2,,2022-09-09
ORD004400,CUST00664,PROD00316,7,,2024-10-20
ORD005253,CUST00337,PROD00212,14,0.05,2024-02-22
ORD000012,CUST00385,PROD00501,6,0.05,2023-12-10
ORD004761,CUST00825,PROD00515,10,0.05,2024-12-20
ORD001178,CUST00187,PROD00476,12,0.0,2023-03-23
ORD002864,CUST01018,PROD00310,6,0.05,2024-07-18
ORD006472,CUST00357,PROD00329,13,,2023-01-11
ORD006229,CUST00454,PROD00093,10,0.05,2022-05-30
ORD002990,CUST00029,PROD00094,3,0.05,2023-11-25
ORD007118,CUST00152,PROD00431,6,0.0,2022-12-11
ORD007011,CUST00371,PROD99148,5,0.15,2023-04-05
ORD009214,CUST00761,PROD00136,4,0.0,2023-12-29
ORD008928,CUST00361,PROD00500,14,0.2,2022-07-11
ORD001441,CUST00755,PROD00386,9,0.1,2024-06-01
ORD010491,CUST00227,PROD00426,1,0.0,2024-03-03
ORD002876,CUST00994,PROD00012,4,0.0,2023-08-10
ORD009798,CUST00528,PROD00294,,0.1,2024-03-08
ORD009472,CUST00682,PROD00293,2,0.0,2024-10-01
ORD007233,CUST00555,PROD00091,9,0.05,2022-01-12
ORD003727,CUST00897,PROD00004,9,0.0,2023-11-03
ORD002773,CUST00674,PROD00459,11,0.05,2023-10-06
ORD000455,CUST00123,PROD00519,13,0.05,2024-10-26
ORD008190,CUST00354,PROD00422,6,0.05,2023-07-07
ORD001368,CUST00795,PROD00387,11,0.1,2022-02-09
ORD003713,CUST00793,PROD00125,14,0.1,2022-12-20
ORD000968,CUST00262,PROD00224,12,0.0,2023-10-31
ORD001389,CUST00051,PROD00088,13,0.25,2023-01-05
ORD001001,CUST00298,PROD00267,9,0.0,2022-05-30
ORD007762,CUST00179,PROD00019,5,0.1,2024-03-04
ORD003554,CUST00828,PROD00412,1,0.0,2024-07-19
ORD004115,CUST00410,PROD00449,3,0.1,2024-02-03
ORD001668,CUST00479,PROD00027,4,0.1,2022-09-30
ORD003174,CUST00786,PROD00410,5,0.0,2024-06-04
ORD010118,CUST00393,PROD00103,4,0.05,2024-10-27
ORD000489,CUST00682,PROD00275,4,0.1,2023-08-27
ORD003231,CUST00349,PROD00197,1,0.0,2022-10-11
ORD003829,CUST00010,PROD00470,12,0.0,2024-09-12
ORD009319,CUST00234,PROD00229,14,0.1,2023-10-02
ORD005209,CUST00337,PROD00519,5,0.0,2022-02-15
ORD007849,CUST00286,PROD00120,11,0.0,2022-10-12
ORD005705,CUST00138,PROD00155,12,0.1,2024-05-11
ORD010381,CUST00621,PROD00463,3,0.2,2022-05-27
ORD008134,CUST00605,PROD00031,12,0.1,2022-05-06
ORD000704,CUST00276,PROD00381,14,0.05,2023-06-30
ORD005106,CUST00286,PROD00518,8,0.0,2022-01-07
ORD009583,CUST00177,PROD00177,5,0.1,2023-03-27
ORD003292,CUST00533,PROD00260,8,0.2,2023-10-28
ORD008126,CUST00863,PROD00370,11,0.0,2022-10-14
ORD010372,CUST00730,PROD00066,8,,2024-06-17
ORD009718,CUST00407,PROD00142,14,0.05,2022-02-22
ORD004910,CUST00575,PROD00191,5,0.15,2024-05-02
ORD004441,CUST00568,PROD00434,12,0.05,2023-11-11
ORD000987,CUST00532,PROD00447,3,0.0,2024-04-30
ORD009948,CUST00199,PROD00497,8,0.05,2023-04-13
ORD009760,CUST00704,PROD00238,11,0.0,2022-09-25
ORD007706,CUST00949,PROD00052,3,0.25,2023-04-01
ORD006258,CUST00013,PROD00301,7,0.15,2024-03-20
ORD006090,CUST00762,PROD00066,13,0.15,2024-01-24
ORD005239,CUST01008,PROD00313,11,0.0,2023-05-22
ORD001199,CUST00039,PROD00150,14,0.0,2024-01-18
ORD009768,CUST00060,PROD00115,4,0.0,2023-01-06
ORD007520,CUST01030,PROD00249,1,0.0,2024-11-05
ORD006813,CUST00696,PROD00307,7,0.1,2022-09-05
ORD008321,CUST00776,PROD00016,1,0.0,2023-09-10
ORD007176,CUST00684,PROD00023,12,0.15,2022-05-12
ORD004471,CUST00159,PROD00084,2,0.0,2023-09-27
ORD000892,CUST00094,PROD00233,14,0.15,2022-05-07
ORD001970,CUST00008,PROD00420,9,0.0,2024-09-06
ORD005758,CUST00773,PROD00371,9,0.1,2022-11-22
ORD006528,CUST00567,PROD00444,3,0.05,2024-05-20
ORD006295,CUST00738,PROD00437,9,0.25,2023-11-18
ORD007596,CUST00934,PROD00073,8,0.0,2023-03-08
ORD003250,CUST00721,PROD00298,13,0.0,2023-04-29
ORD006571,CUST00325,PROD00330,7,0.0,2023-09-22
ORD006639,CUST00271,PROD00494,3,0.1,2024-01-26
ORD007352,CUST00950,PROD00020,8,0.15,2024-04-05
ORD009879,CUST00610,PROD00418,7,0.05,2023-02-20
ORD007474,CUST00717,PROD00031,9,0.15,2022-01-13
ORD009916,CUST00226,PROD00376,3,0.25,2024-06-15
ORD009343,CUST00529,PROD00061,10,0.0,2023-12-27
ORD001240,CUST00759,PROD00224,12,0.1,2022-11-12
ORD002290,CUST00426,PROD00357,9,0.05,2022-02-01
ORD002741,CUST00724,PROD00374,2,0.05,2024-01-01
ORD008468,CUST00609,PROD00319,10,0.0,2023-04-06
ORD004586,CUST00311,PROD00179,8,0.05,2023-04-27
ORD001230,CUST00009,PROD00224,3,0.2,2022-11-22
ORD006981,CUST00800,PROD00204,3,0.0,2023-08-26
ORD005179,CUST00357,PROD00312,11,0.2,2022-01-23
ORD004294,CUST00086,PROD00124,6,,2024-03-04
ORD001059,CUST00322,PROD00171,12,0.0,2024-03-24
ORD006263,CUST01002,PROD00357,3,0.0,2023-06-22
ORD000282,CUST00056,PROD00235,7,0.05,2024-09-04
ORD000969,CUST00616,PROD00271,7,0.05,2023-08-25
ORD003954,CUST00962,PROD00313,4,2.0,2022-06-12
ORD001940,CUST00267,PROD00003,14,0.05,2023-08-10
ORD009105,CUST00447,PROD00314,1,0.05,2023-01-22
ORD001275,CUST00512,PROD00256,7,0.15,2023-02-25
ORD000620,CUST00343,PROD00248,5,0.1,2024-09-04
ORD010457,CUST00201,PROD00213,12,0.25,2022-02-22
ORD001743,CUST00303,PROD00197,4,0.0,2023-01-27
ORD001391,CUST00156,PROD00451,10,0.0,2022-01-29
ORD002204,CUST00878,PROD00012,6,0.1,2023-01-07
ORD003569,CUST99492,PROD00146,1,0.1,2023-06-25
ORD006117,CUST00170,PROD00179,13,0.1,2022-09-09
ORD010369,CUST00179,PROD00356,2,0.0,2023-05-20
ORD006053,CUST00153,PROD00105,9,0.05,2023-05-02
ORD003179,CUST00952,PROD99149,2,0.0,2022-07-29
ORD003193,CUST01011,PROD00039,13,0.2,2024-08-16
ORD006100,CUST00882,PROD00232,13,0.05,2022-05-29
ORD007030,CUST00379,PROD00174,14,0.15,2022-08-04
ORD000576,CUST00764,PROD00256,13,0.1,2022-07-16
ORD006657,CUST00535,PROD00492,2,0.0,2022-12-21
ORD007116,CUST00147,PROD00057,12,0.1,2022-08-23
ORD009487,CUST00877,PROD00304,8,0.0,2022-01-08
ORD006277,CUST00443,PROD00107,12,0.0,2023-02-20
ORD009679,CUST00916,PROD00377,,0.0,2022-07-09
ORD005898,CUST00871,PROD00118,13,0.05,2023-06-29
ORD005725,CUST00818,PROD00303,7,0.1,2022-10-30
ORD000270,CUST00640,PROD00166,10,0.05,2022-10-09
ORD000630,CUST00386,PROD00054,1,0.2,2024-12-06
ORD003082,CUST00901,PROD00503,,0.2,2024-10-11
ORD003467,CUST00886,PROD00196,8,0.0,2022-07-19
ORD006431,CUST00336,PROD00035,3,0.15,2023-03-30
ORD010028,CUST00254,PROD00454,2,0.1,2024-12-31
ORD007063,CUST00256,PROD00279,14,0.15,2024-07-31
ORD000304,CUST00479,PROD00238,11,0.25,2023-01-03
ORD005544,CUST00168,PROD00336,7,0.0,2022-04-16
ORD004357,CUST00545,PROD00223,9,0.25,2023-07-11
ORD002114,CUST00338,PROD00390,2,0.0,2022-11-26
ORD008220,CUST00210,PROD00174,10,0.1,2022-09-23
ORD003217,CUST99212,PROD00256,7,0.05,2024-03-08
ORD003815,CUST00099,PROD00452,3,0.15,2024-05-17
ORD008322,CUST00687,PROD00349,7,0.05,2024-02-03
ORD009249,CUST00597,PROD00445,14,0.1,2023-09-06
ORD002279,CUST00734,PROD00242,6,0.0,2024-04-16
ORD004600,CUST00669,PROD00069,13,0.0,2022-01-06
ORD000014,CUST00547,PROD00090,7,0.05,2023-02-15
ORD009937,CUST00979,PROD00462,12,0.1,2022-11-03
ORD001526,CUST01024,PROD00412,7,0.3,2023-08-29
ORD002366,CUST00097,PROD00393,7,0.25,2024-07-22
ORD004649,CUST00597,PROD00083,1,0.0,2023-06-24
ORD000375,CUST00052,PROD00346,8,0.05,2022-02-28
ORD009171,CUST00084,PROD00185,5,0.1,2023-07-02
ORD006478,CUST00072,PROD00082,6,0.1,2023-01-05
ORD000526,CUST00476,PROD00445,11,0.0,2022-12-09
ORD006896,CUST00313,PROD00407,5,,2022-04-17
ORD003592,CUST00455,PROD00302,10,0.1,2023-10-18
ORD007905,CUST00538,PROD00020,11,0.05,2022-12-05
ORD002959,CUST00990,PROD00144,13,0.0,2023-03-03
ORD000530,CUST00912,PROD00351,10,0.05,2022-06-01
ORD003715,CUST00540,PROD00252,11,0.05,2022-07-09
ORD004733,CUST00529,PROD00253,11,0.05,2024-09-11
ORD001395,CUST00467,PROD00106,6,0.05,2024-12-01
ORD005632,CUST00122,PROD00210,12,,2024-02-24
ORD006564,CUST00633,PROD00019,8,0.15,2023-08-30
ORD004704,CUST00935,PROD00009,1,0.05,2023-07-24
ORD001713,CUST00299,PROD00243,14,0.05,2022-12-04
ORD010500,CUST99971,PROD00141,9,0.15,2022-02-09
ORD000956,CUST00913,PROD00471,14,0.0,2023-12-03
ORD006676,CUST00289,PROD00070,0,0.0,2022-04-04
ORD003454,CUST00670,PROD00468,13,0.2,2022-05-26
ORD008596,CUST00833,PROD00303,11,0.1,2023-08-02
ORD002072,CUST00482,PROD00468,10,0.15,2024-03-08
ORD010484,CUST00680,PROD00210,14,0.15,2024-03-30
ORD000159,CUST00075,PROD00043,14,0.1,2022-11-09
ORD007006,CUST00705,PROD00009,2,0.1,2022-10-05
ORD009095,CUST00490,PROD00432,6,0.1,2022-11-10
ORD000353,CUST00002,PROD00001,2,0.0,2023-02-06
ORD006079,CUST00672,PROD00345,8,0.25,2022-01-07
ORD006237,CUST99907,PROD00031,6,0.25,2022-05-15
ORD008947,CUST00355,PROD00187,6,,2022-09-01
ORD002921,CUST00774,PROD00419,13,0.1,2024-11-14
ORD008504,CUST00554,PROD00205,3,0.05,2024-08-04
ORD004645,CUST00001,PROD00072,9,0.05,2022-07-08
ORD000662,CUST00393,PROD99446,11,0.05,2022-02-11
ORD007058,CUST00941,PROD00005,13,0.15,2024-05-09
ORD003666,CUST00936,PROD00299,4,,2023-05-12
ORD007980,CUST00007,PROD00088,7,0.05,2023-07-17
ORD000307,CUST00891,PROD00197,2,,2022-11-22
ORD004791,CUST00834,PROD00374,13,0.1,2023-11-04
ORD002357,CUST00583,PROD00494,13,0.05,2023-01-26
ORD001928,CUST00552,PROD00416,14,0.1,2024-05-13
ORD010050,CUST99790,PROD00374,10,0.15,2024-02-23
ORD003428,CUST00566,PROD00376,7,0.1,2024-04-07
ORD008942,CUST00683,PROD00502,4,0.1,2022-08-26
ORD003639,CUST00886,PROD00363,4,0.0,2023-11-30
ORD001267,CUST00090,PROD00421,2,0.0,2024-11-26
ORD001561,CUST00290,PROD00078,2,0.0,2023-03-25
ORD007180,CUST00685,PROD00314,11,0.1,2022-03-07
ORD004110,CUST00458,PROD00480,9,0.0,2022-03-26
ORD007868,CUST00881,PROD00240,3,0.1,2023-03-13
ORD004905,CUST00904,PROD00234,4,0.3,2024-02-22
ORD007295,CUST00642,PROD00234,13,0.1,2022-03-30
ORD000515,CUST00801,PROD00114,3,0.0,2023-08-01
ORD000895,CUST00760,PROD00351,2,0.0,2024-06-04
ORD008602,CUST99251,PROD00244,2,0.25,2022-11-01
ORD000022,CUST00282,PROD00343,8,0.0,2024-08-27
ORD000900,CUST00650,PROD00002,9,0.25,2024-03-12
ORD000208,CUST00988,PROD00351,-5,0.1,2023-09-17
ORD000459,CUST00605,PROD00320,14,0.25,2022-04-08
ORD002431,CUST00489,PROD00055,4,0.0,2022-07-09
ORD008443,CUST00501,PROD00440,2,0.0,2022-12-10
ORD003390,CUST00626,PROD00223,11,0.0,2023-03-28
ORD003912,CUST00832,PROD00260,12,0.05,2022-04-08
ORD005384,CUST00053,PROD00258,7,0.05,2022-06-24
ORD008908,CUST99034,PROD00124,14,0.05,2022-05-16
ORD000553,CUST00656,PROD00237,14,0.1,2023-07-11
ORD003145,CUST00365,PROD00472,4,0.05,2024-04-23
ORD006918,CUST00613,PROD00006,3,0.05,2024-11-28
ORD002057,CUST00980,PROD00396,1,0.1,2022-03-29
ORD001926,CUST01045,PROD00495,14,0.15,2022-10-10
ORD000635,CUST00743,PROD00161,13,0.0,2023-04-22
ORD006083,CUST00537,PROD00251,5,0.0,2022-06-21
ORD008509,CUST00283,PROD00255,3,0.15,2022-06-08
ORD009984,CUST00517,PROD00374,6,0.1,2022-06-04
ORD010421,CUST00521,PROD00099,7,0.1,2022-03-18
ORD008620,CUST00798,PROD00175,1,0.2,2023-03-06
ORD009254,CUST00042,PROD99275,9,0.0,2024-08-16
ORD000106,CUST00369,PROD00216,2,0.05,2023-06-12
ORD003042,CUST00970,PROD00245,4,0.1,2023-03-08
ORD001710,CUST00608,PROD00290,5,0.05,2022-05-25
ORD000090,CUST00191,PROD00384,4,0.25,2024-11-12
ORD007015,CUST00061,PROD00446,8,0.05,2024-09-09
ORD003175,CUST00164,PROD00279,7,0.0,2024-10-27
ORD000918,CUST00731,PROD00398,14,0.2,2023-10-19
ORD007834,CUST00310,PROD00233,,0.05,2024-08-11
ORD006733,CUST00903,PROD00185,10,0.0,2024-07-29
ORD001950,CUST00703,PROD00502,7,0.1,2022-01-05
ORD006369,CUST00383,PROD00153,7,0.0,2023-07-04
ORD000002,CUST00633,PROD00225,11,0.0,2023-06-15
ORD008033,CUST00447,PROD00074,14,0.0,2023-05-17
ORD006048,CUST00242,PROD00496,14,0.2,2023-01-31
ORD009128,CUST00378,PROD00365,2,0.1,2022-03-05
ORD009922,CUST00798,PROD00080,3,0.05,2023-03-26
ORD002721,CUST00026,PROD00034,7,,2022-10-12
ORD008784,CUST00764,PROD00425,4,,2022-10-30
ORD000319,CUST00369,PROD00339,10,0.05,2024-12-16
ORD003118,CUST00616,PROD00390,8,0.0,2022-04-02
ORD010194,CUST00069,PROD00448,5,0.1,2022-01-22
ORD003763,CUST00465,PROD00078,4,0.2,2024-04-27
ORD000214,CUST00160,PROD00400,2,0.05,2022-05-20
ORD000779,CUST00493,PROD00520,9,0.05,2023-10-15
ORD003497,CUST00250,PROD00287,12,0.0,2022-11-17
ORD009502,CUST00391,PROD00129,11,0.05,2023-08-20
ORD002044,CUST00174,PROD00457,5,,2022-04-03
ORD008921,CUST99880,PROD00501,13,0.05,2022-02-10
ORD005421,CUST00014,PROD99229,6,0.0,2022-09-21
ORD006155,CUST01040,PROD00093,6,0.0,2023-10-11
ORD008358,CUST00018,PROD00501,5,0.05,2024-10-03
ORD009380,CUST00045,PROD00392,4,0.05,2023-05-22
ORD008466,CUST00359,PROD00485,4,0.05,2022-04-08
ORD004168,CUST00083,PROD00254,1,0.0,2024-06-22
ORD003789,CUST00691,PROD00214,1,0.0,2023-09-26
ORD008587,CUST00850,PROD00099,9,0.15,2024-01-08
ORD000584,CUST00849,PROD00017,5,0.0,2022-02-16
ORD001731,CUST00400,PROD00230,4,0.0,2023-02-06
ORD003446,CUST00531,PROD00229,1,0.0,2022-03-30
ORD000117,CUST00631,PROD00369,8,0.0,2023-04-02
ORD006645,CUST00458,PROD00503,11,0.15,2022-08-29
ORD009731,CUST99520,PROD00130,11,0.0,2024-07-29
ORD005850,CUST00891,PROD00460,5,0.05,2024-02-28
ORD009653,CUST00496,PROD00039,6,0.25,2024-10-26
ORD008713,CUST00055,PROD00138,14,0.0,2023-10-31
ORD001764,CUST00371,PROD00354,10,0.05,2023-05-31
ORD001876,CUST00208,PROD00088,14,0.1,2023-09-22
ORD003225,CUST00674,PROD00110,7,,2023-01-04
ORD000527,CUST00688,PROD00473,5,,2024-04-18
ORD007726,CUST00550,PROD00061,7,0.15,2023-07-28
ORD002947,CUST01004,PROD00185,5,0.15,2023-10-22
ORD004474,CUST00644,PROD00399,11,0.05,2023-03-25
ORD005656,CUST00728,PROD00374,7,0.0,2023-10-10
ORD008885,CUST00766,PROD00331,8,0.1,2023-08-22
ORD006060,CUST00542,PROD00228,7,,2024-04-29
ORD000960,CUST00382,PROD00002,1,0.2,2022-03-03
ORD006343,CUST00075,PROD00507,4,0.05,2022-06-27
ORD003634,CUST00998,PROD00249,9,,2022-05-01
ORD001051,CUST00548,PROD00107,8,0.05,2022-10-12
ORD008783,CUST00615,PROD00194,12,0.2,2023-05-06
ORD008712,CUST00275,PROD00271,3,0.05,2023-09-12
ORD003381,CUST00654,PROD00083,3,0.1,2023-01-16
ORD003677,CUST00467,PROD00222,2,0.0,2024-07-16
ORD005777,CUST00455,PROD00192,9,0.0,2024-03-31
ORD009743,CUST00339,PROD00458,10,0.0,2022-04-05
ORD006574,CUST00996,PROD00466,5,0.0,2023-06-18
ORD005180,CUST00634,PROD00337,14,0.1,2024-11-01
ORD001608,CUST00302,PROD00024,1,0.25,2022-08-18
ORD003611,CUST00841,PROD00104,6,0.3,2024-12-14
ORD008516,CUST00827,PROD00417,6,0.15,2024-09-12
ORD006636,CUST00713,PROD00177,9,0.0,2022-07-13
ORD004727,CUST00797,PROD00031,12,0.2,2023-01-26
ORD000792,CUST00559,PROD00331,8,0.15,2024-06-12
ORD008985,CUST00436,PROD00190,7,0.0,2024-12-05
ORD003057,CUST00126,PROD00510,7,0.1,2024-01-26
ORD001981,CUST00554,PROD00231,10,0.1,2024-11-15
ORD003599,CUST00206,PROD00438,13,0.1,2024-04-21
ORD000934,CUST00315,PROD00380,7,0.05,2024-08-11
ORD007425,CUST00456,PROD99831,6,0.0,2024-03-10
ORD005627,CUST00871,PROD00305,,0.0,2022-06-22
ORD001683,CUST00184,PROD00069,9,0.1,2023-11-09
ORD004180,CUST00805,PROD00223,13,0.15,2024-01-21
ORD006447,CUST00312,PROD00221,12,0.05,2022-08-31
ORD004117,CUST00247,PROD00442,1,,2022-11-13
ORD000989,CUST00037,PROD00325,13,0.0,2024-09-18
ORD002897,CUST00094,PROD00461,11,0.1,2024-08-21
ORD003779,CUST00364,PROD00450,13,0.0,2022-10-14
ORD005659,CUST00247,PROD00325,13,0.05,2023-07-26
ORD003094,CUST00958,PROD00172,3,0.0,2024-07-13
ORD003156,CUST00864,PROD00217,14,0.05,2024-03-25
ORD001824,CUST00203,PROD00273,14,0.1,2024-09-18
ORD010363,CUST00758,PROD00448,6,0.0,2022-05-25
ORD001099,CUST00698,PROD00446,13,0.0,2022-08-18
ORD002845,CUST00246,PROD00291,1,0.0,2022-12-10
ORD009079,CUST00201,PROD00074,3,0.05,2024-12-22
ORD003343,CUST00468,PROD00384,4,0.05,2024-03-29
ORD000039,CUST00811,PROD00288,14,0.1,2023-06-29
ORD006541,CUST00733,PROD00430,12,0.1,2022-03-01
ORD010068,CUST00248,PROD00202,6,0.0,2023-10-27
ORD008708,CUST00684,PROD00059,1,0.05,2022-03-22
ORD003357,CUST00272,PROD00345,7,0.05,2024-03-23
ORD007814,CUST00118,PROD00016,5,0.0,2024-02-25
ORD009099,CUST00777,PROD00125,9,0.2,2023-03-11
ORD008221,CUST00535,PROD00193,7,0.0,2022-07-16
ORD009939,CUST00287,PROD00275,2,0.05,2024-07-27
ORD002429,CUST00450,PROD00519,8,,2024-02-02
ORD005044,CUST00084,PROD00320,9,0.0,2024-08-20
ORD005347,CUST00266,PROD00274,14,0.05,2023-10-13
ORD008955,CUST00739,PROD00334,9,0.0,2024-05-03
ORD004812,CUST00740,PROD00257,5,0.0,2024-01-22
ORD008477,CUST00907,PROD00396,5,0.1,2024-07-06
ORD000687,CUST01007,PROD00037,13,0.0,2023-07-15
ORD004800,CUST00567,PROD00449,1,0.1,2022-04-22
ORD007438,CUST99301,PROD00172,11,0.2,2022-06-13
ORD002354,CUST00584,PROD00272,3,0.1,2024-08-03
ORD006354,CUST00301,PROD00467,2,0.25,2024-08-19
ORD004570,CUST00669,PROD00323,2,0.05,2024-02-14
ORD008214,CUST00024,PROD00364,9,0.05,2022-09-28
ORD002753,CUST00768,PROD00118,14,0.05,2024-08-16
ORD009078,CUST00277,PROD00234,14,0.05,2023-02-24
ORD008074,CUST00858,PROD00452,6,0.25,2024-09-26
ORD009110,CUST00706,PROD00439,5,,2022-08-21
ORD001041,CUST00038,PROD00150,13,0.05,2022-05-12
ORD007492,CUST00165,PROD00217,4,0.0,2022-06-06
ORD001266,CUST00956,PROD00153,7,0.0,2024-03-21
ORD009978,CUST00255,PROD00025,2,,2022-09-27
ORD007060,CUST00417,PROD00265,12,0.0,2022-03-05
ORD000278,CUST00534,PROD00021,4,0.1,2022-05-21
ORD005085,CUST01026,PROD00170,,0.0,2024-08-30
ORD002383,CUST00944,PROD00070,14,,2022-10-01
ORD000572,CUST00651,PROD00331,12,0.0,2023-04-26
ORD001436,CUST01001,PROD00236,6,0.0,2022-01-17
ORD005353,CUST00487,PROD00253,2,0.0,2022-09-03
ORD005446,CUST00485,PROD00329,7,0.0,2024-06-05
ORD001008,CUST00966,PROD00255,5,0.2,2023-09-29
ORD004544,CUST00287,PROD00204,1,0.0,2022-08-28
ORD009501,CUST99557,PROD99438,2,0.15,2023-10-27
ORD002065,CUST00683,PROD00462,7,0.15,2023-04-28
ORD001137,CUST00083,PROD00314,5,0.0,2022-11-07
ORD005344,CUST00308,PROD00161,1,0.3,2023-05-15
ORD000295,CUST00316,PROD00408,3,0.1,2022-07-18
ORD008781,CUST00624,PROD00324,10,0.05,2024-05-15
ORD002404,CUST00449,PROD00036,10,0.05,2023-03-21
ORD003999,CUST00922,PROD00253,3,0.1,2024-06-24
ORD003742,CUST01041,PROD00255,10,0.05,2022-05-06
ORD009934,CUST00052,PROD00034,2,0.0,2022-12-30
ORD002720,CUST00514,PROD00128,3,0.05,2023-05-05
ORD009910,CUST00495,PROD00271,4,0.1,2023-04-15
ORD005151,CUST00759,PROD00289,5,0.1,2023-09-28
ORD002809,CUST00893,PROD00435,7,0.0,2024-01-23
ORD009018,CUST00608,PROD00274,14,0.05,2024-11-06
ORD000557,CUST00302,PROD00341,12,0.0,2024-03-26
ORD009617,CUST00621,PROD00420,7,0.0,2024-05-25
ORD004796,CUST00684,PROD00393,13,0.0,2023-04-03
ORD002470,CUST00183,PROD00038,6,0.0,2023-10-05
ORD003739,CUST00441,PROD00100,2,0.05,2023-07-21
ORD004287,CUST00927,PROD00416,5,0.05,2024-08-06
ORD002605,CUST01006,PROD00396,6,0.2,2022-05-17
ORD000363,CUST00621,PROD00369,5,0.05,2022-10-01
ORD006925,CUST00725,PROD00251,10,0.05,2023-04-09
ORD001705,CUST00748,PROD00091,1,0.15,2024-09-02
ORD002140,CUST00162,PROD00425,1,0.05,2024-10-19
ORD003240,CUST00048,PROD00102,1,0.15,2023-02-13
ORD002384,CUST00654,PROD00192,1,0.0,2023-04-26
ORD007315,CUST00628,PROD00214,2,0.15,2022-07-19
ORD004312,CUST00263,PROD00359,3,0.2,2022-01-12
ORD001313,CUST00633,PROD00111,2,0.15,2022-06-10
ORD003931,CUST00353,PROD00435,2,,2022-04-06
ORD006184,CUST00750,PROD00232,6,0.05,2022-04-06
ORD001592,CUST00631,PROD00273,11,0.0,2022-04-11
ORD010108,CUST00360,PROD00111,10,0.0,2024-12-14
ORD002163,CUST00906,PROD00332,2,0.1,2024-09-02
ORD002397,CUST00443,PROD00484,8,,2023-05-27
ORD000318,CUST00400,PROD00251,11,0.0,2022-07-11
ORD005234,CUST00920,PROD00414,12,0.1,2024-01-16
ORD005069,CUST00251,PROD00015,6,0.0,2024-08-08
ORD004037,CUST00707,PROD00453,11,0.0,2024-04-20
ORD008988,CUST00879,PROD00196,2,0.05,2022-08-25
ORD003021,CUST00892,PROD00378,8,0.1,2024-07-31
ORD008229,CUST00837,PROD00428,6,0.05,2024-07-07
ORD009106,CUST00842,PROD00182,12,0.15,2024-01-28
ORD005296,CUST00244,PROD00172,11,0.05,2024-06-06
ORD003973,CUST01014,PROD00287,12,0.0,2022-06-30
ORD005371,CUST00399,PROD00092,14,0.15,2023-07-04
ORD004134,CUST00035,PROD00423,1,0.3,2024-03-14
ORD000975,CUST00519,PROD00430,7,0.0,2023-05-25
ORD007292,CUST00403,PROD00230,11,0.0,2023-12-28
ORD009176,CUST00210,PROD00212,2,0.2,2024-09-26
ORD000955,CUST01050,PROD00426,12,0.1,2023-09-18
ORD010023,CUST00335,PROD00244,13,0.05,2024-08-26
ORD005017,CUST00493,PROD99567,11,0.15,2024-05-23
ORD010474,CUST00263,PROD00003,9,0.0,2024-02-08
ORD009180,CUST01046,PROD00349,10,0.0,2023-04-14
ORD007491,CUST00601,PROD00355,13,0.0,2023-02-16
ORD001641,CUST00061,PROD00500,13,0.05,2024-10-17
ORD001291,CUST00885,PROD00418,14,0.05,2022-01-21
ORD001381,CUST00174,PROD00196,,0.1,2022-10-06
ORD001934,CUST00967,PROD00484,9,0.0,2023-07-30
ORD004676,CUST00801,PROD00166,8,0.2,2023-12-15
ORD000893,CUST99516,PROD00311,9,0.05,2022-03-31
ORD007288,CUST00066,PROD00322,7,0.05,2023-06-05
ORD004877,CUST00203,PROD00480,1,0.1,2023-09-16
ORD007907,CUST00108,PROD00275,12,0.1,2023-03-11
ORD008195,CUST00174,PROD00420,3,0.05,2022-06-30
ORD010100,CUST00666,PROD00390,13,0.05,2024-03-05
ORD009042,CUST00475,PROD00391,8,0.05,2023-08-10
ORD002467,CUST00291,PROD00307,10,0.0,2024-05-26
ORD007658,CUST01025,PROD00224,5,0.1,2022-11-12
ORD001914,CUST00212,PROD00106,5,0.2,2024-10-31
ORD002737,CUST00650,PROD00282,6,0.15,2022-04-09
ORD000727,CUST00321,PROD00481,3,0.0,2022-08-05
ORD007215,CUST00844,PROD00493,14,0.05,2024-06-27
ORD008246,CUST00368,PROD00185,4,0.2,2024-05-01
ORD001797,CUST00523,PROD00416,5,0.0,2022-06-15
ORD003846,CUST00457,PROD00165,3,0.0,2024-05-09
ORD006403,CUST99890,PROD00285,4,0.0,2023-04-25
ORD000937,CUST00552,PROD00459,0,0.05,2022-12-24
ORD002266,CUST00356,PROD00050,4,0.1,2024-01-09
ORD000825,CUST00491,PROD00351,9,0.1,2023-06-03
ORD007275,CUST01016,PROD00337,5,0.1,2023-02-14
ORD001390,CUST00479,PROD00268,8,0.15,2023-07-12
ORD003565,CUST00030,PROD00123,14,0.15,2022-01-13
ORD009077,CUST00238,PROD00274,9,0.0,2022-12-27
ORD005430,CUST00344,PROD00311,5,0.25,2022-09-24
ORD007828,CUST00371,PROD00211,1,0.25,2024-10-16
ORD005691,CUST00134,PROD00448,12,0.2,2023-12-17
ORD007879,CUST00979,PROD00191,13,0.05,2022-04-30
ORD001869,CUST00073,PROD00456,2,0.15,2024-10-14
ORD008203,CUST00625,PROD00255,1,0.05,2022-02-16
ORD007487,CUST00906,PROD00156,3,0.2,2022-03-10
ORD000807,CUST00251,PROD00125,7,0.1,2024-01-14
ORD004806,CUST00861,PROD99934,3,0.1,2022-02-03
ORD009510,CUST01027,PROD00444,5,0.15,2022-11-20
ORD009857,CUST00944,PROD00351,8,0.1,2022-02-22
ORD009156,CUST00734,PROD00057,9,0.1,2022-03-09
ORD007512,CUST00181,PROD00284,1,0.05,2024-05-22
ORD008057,CUST00328,PROD00374,11,0.1,2023-12-12
ORD004495,CUST00523,PROD00175,5,0.0,2023-11-30
ORD002633,CUST00228,PROD00202,5,0.05,2024-08-28
ORD009590,CUST00416,PROD00216,2,0.0,2023-09-05
ORD008897,CUST00831,PROD00481,6,,2022-04-05
ORD008624,CUST00774,PROD00376,12,0.1,2023-05-19
ORD007833,CUST00562,PROD00231,8,0.05,2022-03-09
ORD004389,CUST00700,PROD00492,14,0.0,2024-12-10
ORD000146,CUST00762,PROD00121,9,0.1,2024-11-18
ORD006468,CUST00437,PROD00036,6,0.1,2022-06-26
ORD002034,CUST00851,PROD00225,14,0.15,2024-06-20
ORD009831,CUST00131,PROD00366,14,0.1,2022-03-22
ORD001166,CUST00388,PROD00508,9,0.2,2022-03-08
ORD002051,CUST01023,PROD00013,8,0.15,2023-03-21
ORD003761,CUST01024,PROD00369,11,0.05,2024-04-03
ORD004436,CUST00550,PROD00293,7,0.0,2022-03-07
ORD003431,CUST00152,PROD00484,4,0.05,2022-06-23
ORD008191,CUST00516,PROD00239,1,0.0,2023-01-28
ORD009433,CUST00002,PROD00315,3,0.2,2023-08-14
ORD007070,CUST00359,PROD00072,4,0.0,2022-05-19
ORD004362,CUST00973,PROD00314,3,0.05,2022-10-11
ORD001772,CUST00425,PROD00516,2,0.0,2023-09-05
ORD003512,CUST00173,PROD00335,1,,2024-02-11
ORD000272,CUST00023,PROD00411,11,0.0,2023-04-16
ORD008437,CUST00943,PROD00180,4,0.05,2024-05-24
ORD002033,CUST00608,PROD00237,11,0.0,2024-04-07
ORD009006,CUST00868,PROD00106,5,0.0,2022-10-13
ORD010407,CUST00782,PROD00400,1,0.05,2022-08-06
ORD003811,CUST00113,PROD00194,2,0.05,2022-05-09
ORD004347,CUST00914,PROD00421,13,0.0,2023-05-09
ORD000546,CUST00072,PROD00363,6,0.0,2022-10-29
ORD003242,CUST01006,PROD00061,3,,2023-11-21
ORD008931,CUST00095,PROD00372,11,0.1,2022-04-07
ORD008503,CUST00271,PROD00221,10,0.2,2023-04-13
ORD009324,CUST00996,PROD00299,14,0.0,2023-08-23
ORD005816,CUST00848,PROD00012,5,0.25,2024-05-31
ORD007565,CUST00909,PROD00500,3,0.0,2023-12-07
ORD000921,CUST00304,PROD00248,7,0.0,2023-09-16
ORD009821,CUST00312,PROD00453,1,0.05,2022-07-27
ORD006641,CUST00021,PROD00443,10,0.0,2022-10-11
ORD007695,CUST00482,PROD00372,7,0.0,2024-02-08
ORD008231,CUST00984,PROD00179,7,0.05,2023-08-05
ORD007127,CUST00423,PROD00367,10,,2022-05-19
ORD004279,CUST00628,PROD00411,4,0.0,2024-04-19
ORD002984,CUST00385,PROD00365,11,0.0,2022-12-27
ORD000131,CUST00614,PROD00107,3,0.0,2024-09-23
ORD007981,CUST00466,PROD00164,7,0.05,2024-07-10
ORD002668,CUST00157,PROD00210,2,0.0,2024-02-25
ORD007139,CUST00047,PROD00493,10,0.1,2024-06-21
ORD003224,CUST00944,PROD00170,11,1.5,2024-08-01
ORD009375,CUST00112,PROD00208,4,0.05,2023-03-20
ORD007694,CUST00686,PROD00037,12,0.15,2023-08-30
ORD005393,CUST01050,PROD00043,4,0.05,2023-05-25
ORD000615,CUST00860,PROD00157,14,0.15,2023-09-14
ORD002961,CUST00872,PROD00206,5,0.25,2024-05-15
ORD001467,CUST00090,PROD00435,1,0.0,2024-08-01
ORD004498,CUST00381,PROD00053,4,0.05,2022-10-11
ORD003043,CUST00213,PROD00071,5,0.0,2023-11-14
ORD009127,CUST00607,PROD00264,7,0.3,2022-07-24
ORD002420,CUST00684,PROD00443,3,0.05,2022-03-25
ORD005086,CUST00018,PROD00183,9,0.0,2023-04-27
ORD003295,CUST00123,PROD00486,5,0.05,2024-11-20
ORD006738,CUST00703,PROD00081,7,0.0,2024-12-07
ORD001501,CUST00632,PROD00439,2,0.1,2024-12-31
ORD009019,CUST00831,PROD00296,5,0.05,2024-12-23
ORD001522,CUST00451,PROD00433,11,,2024-06-22
ORD009820,CUST00186,PROD00063,10,0.0,2024-04-10
ORD004233,CUST00557,PROD00480,9,0.0,2024-02-22
ORD007687,CUST00257,PROD00212,1,,2024-06-17
ORD008821,CUST00927,PROD00035,3,0.0,2023-04-29
ORD004431,CUST00976,PROD00038,8,0.1,2022-06-10
ORD000391,CUST00268,PROD00417,10,,2024-08-22
ORD008759,CUST00547,PROD00472,5,0.0,2022-02-19
ORD007125,CUST00538,PROD00139,14,0.15,2023-03-30
ORD005914,CUST00880,PROD00519,2,0.15,2022-07-09
ORD008593,CUST00968,PROD00046,14,0.0,2024-03-26
ORD004807,CUST00683,PROD00438,7,0.0,2022-08-04
ORD009647,CUST00023,PROD00150,5,0.3,2022-09-26
ORD008239,CUST00647,PROD00388,9,0.2,2024-09-28
ORD008045,CUST00933,PROD99423,1,0.1,2024-12-25
ORD003185,CUST00367,PROD00426,2,0.25,2022-09-09
ORD003994,CUST00870,PROD00318,9,0.05,2023-08-28
ORD010284,CUST01028,PROD00445,12,0.0,2022-12-26
ORD006610,CUST00508,PROD00222,7,0.0,2022-10-11
ORD005320,CUST00260,PROD00446,12,0.05,2024-07-22
ORD009013,CUST00610,PROD00520,10,0.0,2023-09-28
ORD007120,CUST00385,PROD00025,10,0.05,2022-10-29
ORD002422,CUST00101,PROD00026,5,0.3,2022-04-12
ORD005605,CUST00987,PROD00271,3,0.0,2023-04-23
ORD001751,CUST00828,PROD99670,2,,2024-11-30
ORD009712,CUST00742,PROD00114,12,0.05,2024-06-28
ORD010462,CUST00916,PROD99521,2,0.1,2022-09-21
ORD000339,CUST00682,PROD00414,14,0.1,2023-01-20
ORD008408,CUST99201,PROD00231,10,0.0,2024-01-01
ORD001342,CUST00537,PROD00265,8,0.05,2024-01-22
ORD010277,CUST00028,PROD00240,5,0.1,2024-03-05
ORD007983,CUST00641,PROD00399,5,0.2,2023-08-13
ORD003641,CUST00574,PROD00520,5,0.0,2022-07-21
ORD000330,CUST00267,PROD00260,8,0.1,2024-04-23
ORD009514,CUST00126,PROD00032,8,0.0,2022-07-03
ORD003005,CUST00301,PROD00278,1,0.0,2022-01-30
ORD006961,CUST00286,PROD00124,4,0.1,2023-11-03
ORD004091,CUST00641,PROD00280,4,0.0,2022-03-10
ORD002323,CUST00557,PROD00065,7,0.05,2022-01-22
ORD006668,CUST00937,PROD00286,2,0.15,2023-07-03
ORD007010,CUST00378,PROD00396,10,0.15,2023-03-16
ORD004198,CUST00938,PROD00317,13,0.05,2023-03-02
ORD003550,CUST00402,PROD00069,3,0.15,2023-02-04
ORD008364,CUST99221,PROD00068,7,0.0,2024-10-28
ORD004204,CUST00064,PROD00060,8,0.05,2024-12-22
ORD010027,CUST00481,PROD00191,6,0.2,2023-08-30
ORD009629,CUST00256,PROD00396,5,0.05,2024-07-16
ORD006186,CUST00135,PROD00443,3,0.2,2023-11-29
ORD001640,CUST00567,PROD00432,8,0.0,2024-11-06
ORD009131,CUST00741,PROD00153,7,0.1,2024-06-22
ORD000061,CUST00328,PROD00448,6,0.0,2022-12-19
ORD001241,CUST00911,PROD00161,12,0.15,2022-01-01
ORD005761,CUST00093,PROD00271,3,0.15,2023-06-28
ORD005137,CUST00223,PROD00499,7,0.0,2024-06-17
ORD002344,CUST00154,PROD00153,8,0.0,2023-11-07
ORD002121,CUST00023,PROD00518,7,0.0,2022-02-28
ORD001525,CUST00448,PROD00420,5,,2023-09-10
ORD007618,CUST00871,PROD00027,8,0.05,2023-03-02
ORD000154,CUST00991,PROD00505,1,0.15,2024-06-05
ORD000482,CUST00941,PROD00244,13,0.0,2023-04-22
ORD006123,CUST00608,PROD00255,1,0.1,2024-09-09
ORD007675,CUST00924,PROD00320,4,0.15,2022-12-09
ORD007102,CUST00175,PROD00452,6,0.0,2022-10-05
ORD001763,CUST00194,PROD00487,1,0.0,2024-04-08
ORD008943,CUST00624,PROD00203,13,0.05,2024-09-07
ORD007716,CUST00361,PROD00095,7,0.0,2023-08-11
ORD009780,CUST00532,PROD00310,10,0.1,2022-02-17
ORD007480,CUST00376,PROD00181,12,0.0,2024-02-07
ORD006213,CUST00447,PROD00270,1,0.0,2024-10-04
ORD004854,CUST00724,PROD00238,5,0.0,2024-05-06
ORD002712,CUST00781,PROD00366,9,0.15,2024-09-08
ORD006767,CUST00232,PROD00343,5,0.1,2023-02-14
ORD004151,CUST01009,PROD00257,2,0.15,2024-09-01
ORD001334,CUST00378,PROD00056,3,0.3,2022-07-25
ORD010131,CUST00781,PROD00327,11,0.25,2023-12-09
ORD008379,CUST00950,PROD00275,14,0.0,2023-11-26
ORD009329,CUST00753,PROD00245,12,0.1,2023-12-04
ORD010110,CUST00783,PROD00145,10,0.05,2023-01-19
ORD010451,CUST00487,PROD00399,14,0.1,2024-03-13
ORD010303,CUST00703,PROD00402,2,0.1,2023-05-21
ORD003851,CUST00816,PROD00217,3,0.05,2022-08-18
ORD008341,CUST00558,PROD00410,6,0.05,2024-02-08
ORD004125,CUST00864,PROD00344,5,0.0,2023-03-11
ORD009657,CUST00889,PROD00135,3,0.0,2022-12-23
ORD004789,CUST00746,PROD00455,5,0.05,2023-11-25
ORD002867,CUST00439,PROD00314,5,0.0,2024-12-14
ORD001387,CUST00753,PROD00409,13,0.05,2023-06-16
ORD005942,CUST00812,PROD00106,4,0.05,2023-12-17
ORD003068,CUST00186,PROD00447,2,0.0,2022-06-22
ORD009756,CUST00010,PROD00379,6,0.0,2022-02-20
ORD003630,CUST00084,PROD00305,12,0.25,2023-01-25
ORD010184,CUST99999,PROD00475,6,0.0,2023-05-21
ORD009642,CUST00813,PROD00279,13,0.2,2022-07-20
ORD003029,CUST00740,PROD00474,14,0.1,2022-03-15
ORD002970,CUST00608,PROD00045,1,0.05,2023-07-05
ORD008647,CUST00137,PROD00100,10,0.0,2023-07-01
ORD006137,CUST00611,PROD00287,4,0.2,2023-01-01
ORD008802,CUST00588,PROD00215,4,0.1,2023-08-05
ORD004264,CUST00213,PROD00008,7,0.0,2022-05-27
ORD000646,CUST00088,PROD00071,2,0.1,2024-02-04
ORD010396,CUST00192,PROD00006,12,0.05,2023-09-17
ORD002075,CUST00971,PROD00083,1,0.05,2024-12-17
ORD000342,CUST00143,PROD00230,4,0.0,2022-07-22
ORD008042,CUST00661,PROD00010,5,0.0,2024-12-09
ORD001623,CUST00014,PROD00401,9,,2023-02-10
ORD007142,CUST00097,PROD00080,3,0.3,2024-11-08
ORD005797,CUST00681,PROD00378,8,0.2,2022-07-11
ORD007185,CUST00595,PROD00292,1,0.05,2024-11-27
ORD008233,CUST00014,PROD00232,8,0.0,2023-07-10
ORD005476,CUST00339,PROD00019,13,0.1,2023-07-05
ORD009965,CUST00162,PROD00265,8,0.05,2024-10-01
ORD000075,CUST01011,PROD00223,1,0.1,2024-10-02
ORD006548,CUST00184,PROD00131,1,0.05,2024-06-25
ORD008634,CUST00554,PROD00244,7,0.1,2024-11-04
ORD009941,CUST00141,PROD99550,3,0.1,2023-06-02
ORD002052,CUST00544,PROD00225,5,0.05,2022-03-09
ORD002542,CUST00014,PROD00450,12,0.0,2022-06-05
ORD001302,CUST00139,PROD00387,6,0.1,2022-07-02
ORD005878,CUST00971,PROD00453,14,0.15,2024-05-17
ORD007369,CUST00920,PROD00143,9,0.1,2023-10-20
ORD001305,CUST00525,PROD00018,3,0.0,2024-03-28
ORD008429,CUST00164,PROD00092,11,0.1,2022-11-14
ORD009793,CUST00513,PROD00262,9,0.1,2022-11-23
ORD002600,CUST00767,PROD00284,14,0.1,2024-06-03
ORD002574,CUST00358,PROD00397,5,0.05,2024-06-18
ORD003187,CUST99332,PROD00160,9,0.0,2022-11-23
ORD002769,CUST00106,PROD00463,12,0.1,2022-11-17
ORD004832,CUST01020,PROD00128,3,0.1,2022-04-07
ORD004224,CUST00815,PROD00102,3,0.15,2024-06-17
ORD010392,CUST00211,PROD00054,7,0.0,2024-10-06
ORD002107,CUST00189,PROD00377,3,0.0,2023-12-28
ORD002680,CUST00501,PROD00194,4,0.2,2024-12-01
ORD001388,CUST00650,PROD00087,12,0.0,2022-05-12
ORD009623,CUST00435,PROD00263,1,0.15,2022-09-20
ORD010402,CUST01032,PROD00512,10,,2023-10-01
ORD007084,CUST00980,PROD00509,11,0.1,2022-06-17
ORD001280,CUST00507,PROD00415,11,0.0,2024-02-21
ORD000805,CUST00516,PROD00033,13,0.1,2022-11-03
ORD001556,CUST00782,PROD00386,2,0.0,2022-04-21
ORD010215,CUST00302,PROD00474,9,0.0,2023-02-25
ORD004567,CUST00761,PROD00256,2,0.25,2024-10-28
ORD010412,CUST00472,PROD00167,11,0.15,2022-08-05
ORD004842,CUST00567,PROD00396,1,0.15,2023-01-12
ORD003595,CUST00311,PROD00495,12,0.0,2022-06-06
ORD006036,CUST00931,PROD00207,4,0.0,2022-08-20
ORD006853,CUST00995,PROD00494,4,0.1,2024-06-29
ORD008706,CUST00370,PROD00031,14,0.1,2022-08-27
ORD004178,CUST00525,PROD00249,3,0.05,2024-03-18
ORD001309,CUST00124,PROD00411,1,0.2,2024-06-20
ORD009107,CUST00888,PROD00021,,0.05,2022-07-23
ORD003453,CUST01033,PROD00087,4,0.0,2024-09-15
ORD003696,CUST00789,PROD00479,14,0.05,2023-12-14
ORD004243,CUST00761,PROD00347,6,0.2,2023-08-30
ORD002199,CUST00168,PROD00322,3,0.3,2023-12-30
ORD008967,CUST00216,PROD00027,14,0.15,2024-08-30
ORD004426,CUST00932,PROD00233,9,0.15,2023-11-30
ORD006151,CUST00634,PROD00384,10,0.05,2022-11-24
ORD000944,CUST00114,PROD00102,2,0.3,2024-02-13
ORD000823,CUST00072,PROD00107,5,0.2,2022-11-16
ORD005006,CUST00564,PROD00418,6,0.15,2023-06-30
ORD006613,CUST00630,PROD00345,9,0.05,2024-10-01
ORD008357,CUST00489,PROD00201,14,0.0,2023-01-24
ORD005620,CUST00121,PROD00457,1,0.2,2024-11-10
ORD004548,CUST00518,PROD00247,0,0.15,2022-11-19
ORD002539,CUST01015,PROD00313,3,0.0,2022-08-14
ORD009504,CUST00967,PROD00069,9,0.05,2024-05-03
ORD005208,CUST00084,PROD00104,13,0.2,2024-11-22
ORD010245,CUST00585,PROD00005,9,0.0,2023-02-27
ORD009705,CUST00669,PROD00078,1,0.2,2024-04-09
ORD003055,CUST00751,PROD00343,3,0.15,2024-06-05
ORD003676,CUST00183,PROD00137,1,0.0,2022-10-20
ORD007777,CUST00006,PROD00451,11,0.2,2022-10-08
ORD007219,CUST00355,PROD00077,7,0.1,2023-08-18
ORD006723,CUST00848,PROD00325,12,0.05,2022-08-10
ORD003301,CUST00538,PROD00512,12,0.0,2023-09-25
ORD003311,CUST00911,PROD00474,10,0.1,2024-07-23
ORD007222,CUST00553,PROD00170,8,0.15,2024-07-30
ORD008520,CUST00995,PROD00495,6,0.1,2022-06-13
ORD005955,CUST00657,PROD00464,3,0.1,2023-09-02
ORD000833,CUST00483,PROD00304,12,0.05,2022-11-17
ORD003463,CUST00954,PROD00334,1,0.0,2023-04-25
ORD007644,CUST01020,PROD00164,6,0.05,2022-05-23
ORD000055,CUST00336,PROD00498,12,0.05,2024-11-10
ORD003452,CUST00896,PROD00514,5,0.05,2023-08-08
ORD006306,CUST00398,PROD00459,3,0.15,2024-08-01
ORD001482,CUST00813,PROD99871,7,0.05,2024-01-28
ORD004874,CUST01044,PROD00234,7,0.05,2023-10-04
ORD008039,CUST01032,PROD00032,7,,2023-07-04
ORD003336,CUST00778,PROD00437,11,,2024-10-27
ORD006017,CUST00185,PROD00034,13,0.1,2023-03-14
ORD004927,CUST00044,PROD00308,8,0.05,2023-08-17
ORD009139,CUST00534,PROD00176,1,0.0,2024-01-07
ORD005798,CUST00045,PROD00484,2,0.05,2023-03-19
ORD008656,CUST00451,PROD00480,,0.0,2022-09-08
ORD005084,CUST00196,PROD00068,2,0.2,2023-05-24
ORD006646,CUST00057,PROD00295,6,0.1,2024-05-31
ORD005491,CUST00248,PROD00140,14,,2023-07-04
ORD000769,CUST00642,PROD99130,5,0.1,2022-07-25
ORD002066,CUST00504,PROD00439,1,0.05,2023-05-10
ORD010230,CUST00864,PROD00001,7,0.1,2022-11-23
ORD007312,CUST00228,PROD00003,8,0.2,2023-02-27
ORD008478,CUST00143,PROD00165,14,0.3,2024-12-09
ORD004525,CUST00087,PROD00408,9,0.05,2024-07-25
ORD002718,CUST00809,PROD00130,12,0.25,2024-10-06
ORD002080,CUST00863,PROD00372,2,0.25,2022-06-16
ORD008915,CUST00196,PROD00058,9,0.1,2024-05-25
ORD000952,CUST00636,PROD00114,11,0.05,2023-09-17
ORD008059,CUST00662,PROD00388,2,,2024-01-16
ORD002483,CUST00018,PROD00186,8,0.3,2023-04-14
ORD009182,CUST00538,PROD00348,8,0.15,2022-06-16
ORD001760,CUST00250,PROD00270,3,0.0,2024-07-12
ORD004423,CUST00806,PROD00192,12,0.0,2022-03-19
ORD006705,CUST00022,PROD00150,4,0.05,2023-01-05
ORD005183,CUST00741,PROD00038,8,0.1,2024-10-05
ORD008534,CUST00527,PROD00107,7,0.0,2024-10-23
ORD003702,CUST00561,PROD00053,11,0.1,2022-01-04
ORD004244,CUST00299,PROD00024,8,0.15,2024-04-06
ORD000689,CUST00175,PROD00410,8,0.2,2024-09-14
ORD003433,CUST00309,PROD00131,8,0.1,2024-02-18
ORD004945,CUST00315,PROD00215,8,0.0,2022-04-07
ORD000967,CUST00979,PROD00202,1,0.0,2024-05-01
ORD010213,CUST99301,PROD00318,5,0.05,2023-12-03
ORD002714,CUST00032,PROD99299,10,0.15,2023-03-09
ORD004758,CUST00798,PROD00074,13,0.15,2023-12-21
ORD010278,CUST00076,PROD00044,10,0.0,2023-07-28
ORD006321,CUST00775,PROD00037,7,0.05,2022-11-20
ORD005976,CUST00231,PROD00147,12,0.05,2023-04-04
ORD003573,CUST00539,PROD00325,12,0.0,2024-02-13
ORD005300,CUST00301,PROD00238,11,0.3,2023-03-19
ORD001991,CUST00022,PROD00487,10,0.0,2023-03-07
ORD001206,CUST00868,PROD00482,12,0.15,2023-11-21
ORD004972,CUST01005,PROD00353,9,0.15,2024-07-20
ORD010470,CUST00594,PROD00343,12,0.0,2024-09-17
ORD006784,CUST00642,PROD00507,1,0.1,2024-10-01
ORD003601,CUST00312,PROD00009,1,0.15,2022-12-25
ORD006491,CUST01010,PROD00264,3,0.0,2022-11-12
ORD008610,CUST00458,PROD99253,3,0.0,2022-03-28
ORD007873,CUST00564,PROD00088,12,0.1,2023-04-25
ORD008071,CUST00620,PROD00418,7,0.2,2024-12-16
ORD008578,CUST00735,PROD00289,6,0.3,2023-10-22
ORD007974,CUST00281,PROD00325,,0.0,2022-04-29
ORD001626,CUST00856,PROD00286,14,0.0,2023-03-09
ORD000537,CUST00341,PROD00045,13,,2023-11-18
ORD008767,CUST00447,PROD00003,,0.0,2024-08-29
ORD007971,CUST00601,PROD00189,11,0.0,2022-07-04
ORD004213,CUST00610,PROD00210,7,,2024-06-22
ORD006457,CUST00337,PROD00442,3,0.05,2023-04-01
ORD003508,CUST00205,PROD00118,14,0.3,2023-09-16
ORD008394,CUST00816,PROD00169,10,0.0,2022-03-06
ORD009525,CUST00875,PROD00350,13,0.15,2022-09-04
ORD007113,CUST00259,PROD00343,11,0.0,2024-09-19
ORD002709,CUST00589,PROD00475,9,0.15,2024-11-13
ORD005032,CUST00132,PROD00098,14,0.15,2022-09-01
ORD006515,CUST00557,PROD00482,13,,2022-03-05
ORD004663,CUST00634,PROD00383,1,0.15,2024-12-23
ORD004022,CUST00395,PROD00192,3,0.0,2022-06-03
ORD001855,CUST00087,PROD00028,1,0.1,2024-06-17
ORD008508,CUST00877,PROD00511,6,0.3,2023-07-11
ORD002873,CUST00992,PROD00148,1,0.25,2024-01-12
ORD003031,CUST00673,PROD00452,4,0.0,2023-08-16
ORD009398,CUST00295,PROD00370,4,0.15,2024-07-10
ORD001646,CUST00086,PROD00030,,0.05,2023-12-18
ORD003418,CUST01031,PROD00319,8,0.05,2022-11-04
ORD003477,CUST00313,PROD00355,13,0.05,2023-05-12
ORD010285,CUST00818,PROD00169,7,0.05,2023-05-02
ORD001793,CUST00441,PROD00050,8,0.1,2022-10-06
ORD003798,CUST00203,PROD00118,10,0.15,2022-11-09
ORD003369,CUST00907,PROD00011,9,0.25,2023-08-07
ORD007197,CUST00845,PROD00051,8,0.0,2023-10-13
ORD010383,CUST00834,PROD00428,2,0.15,2024-09-11
ORD005110,CUST00492,PROD00216,9,0.1,2024-07-30
ORD006025,CUST00415,PROD00458,5,0.15,2022-03-30
ORD008796,CUST00236,PROD00453,5,0.1,2024-07-22
ORD010008,CUST00110,PROD00514,9,0.0,2022-09-10
ORD000127,CUST00944,PROD00496,1,0.2,2022-04-07
ORD005960,CUST00872,PROD00062,10,0.15,2023-10-19
ORD003877,CUST00899,PROD00329,1,0.15,2023-12-17
ORD004452,CUST00256,PROD00481,14,0.0,2022-04-21
ORD007148,CUST00043,PROD00086,4,0.0,2023-09-09
ORD003532,CUST00544,PROD00296,4,0.0,2024-11-18
ORD000828,CUST00250,PROD00003,10,0.0,2023-10-10
ORD007791,CUST00714,PROD00460,14,0.1,2022-10-17
ORD000985,CUST00384,PROD00160,5,0.2,2022-09-29
ORD007784,CUST00340,PROD00096,5,0.0,2022-05-30
ORD002444,CUST00291,PROD00450,7,0.0,2024-12-22
ORD008555,CUST00102,PROD00118,5,0.1,2022-11-05
ORD000346,CUST00884,PROD00046,2,0.1,2023-07-08
ORD000815,CUST00115,PROD00129,,0.1,2022-09-06
ORD006167,CUST00002,PROD00389,6,0.05,2022-04-08
ORD005780,CUST00085,PROD00332,4,0.0,2023-07-07
ORD002117,CUST00214,PROD00400,5,0.05,2022-02-03
ORD000794,CUST00569,PROD00160,8,0.0,2024-09-03
ORD006899,CUST00383,PROD00369,3,0.15,2024-06-15
ORD002675,CUST00422,PROD00337,12,0.1,2024-11-25
ORD000095,CUST00276,PROD00103,10,0.15,2022-07-19
ORD004226,CUST00886,PROD00170,11,0.15,2024-10-15
ORD003757,CUST00284,PROD00294,6,0.2,2022-01-09
ORD002892,CUST00651,PROD00335,11,0.0,2022-02-13
ORD002372,CUST00662,PROD00485,13,0.0,2023-01-19
ORD010109,CUST00358,PROD00421,8,0.2,2022-02-07
ORD003229,CUST00911,PROD00088,10,0.0,2022-06-26
ORD007864,CUST00884,PROD00042,1,0.05,2023-05-25
ORD006360,CUST01010,PROD00003,1,0.0,2023-04-17
ORD009906,CUST00527,PROD00477,3,0.05,2023-06-16
ORD007327,CUST00914,PROD00027,5,0.05,2024-12-31
ORD006029,CUST00480,PROD00127,8,0.15,2023-09-25
ORD001866,CUST00437,PROD00386,1,0.0,2022-01-01
ORD004613,CUST01036,PROD00071,10,0.1,2022-05-30
ORD002646,CUST00214,PROD00482,2,0.0,2024-11-03
ORD002244,CUST00067,PROD00236,1,0.2,2022-05-11
ORD005374,CUST00672,PROD00442,6,0.2,2024-04-28
ORD002337,CUST00644,PROD99368,2,0.2,2023-12-16
ORD000951,CUST01006,PROD99682,13,0.15,2024-10-20
ORD001121,CUST00825,PROD00175,3,0.05,2023-11-20
ORD002205,CUST00609,PROD00032,7,0.0,2022-09-18
ORD000420,CUST01024,PROD00345,14,0.1,2023-07-20
ORD000923,CUST00582,PROD00494,1,0.1,2023-12-06
ORD009447,CUST00212,PROD00426,7,0.1,2022-04-29
ORD008670,CUST01026,PROD00408,1,0.05,2023-11-20
ORD005409,CUST00200,PROD00298,3,0.0,2022-02-27
ORD005789,CUST00335,PROD00129,4,0.1,2024-12-10
ORD005743,CUST01047,PROD00427,13,0.1,2023-06-25
ORD007668,CUST00618,PROD00186,9,0.0,2024-09-12
ORD005568,CUST00086,PROD00349,8,0.15,2022-06-17
ORD008136,CUST00766,PROD00025,3,0.1,2024-04-19
ORD001203,CUST01025,PROD00479,2,0.2,2023-08-26
ORD005766,CUST00880,PROD00489,2,0.05,2022-09-04
ORD008390,CUST00798,PROD00403,1,0.0,2023-06-15
ORD001971,CUST00447,PROD00137,2,0.05,2023-05-16
ORD004019,CUST99810,PROD00090,13,0.0,2023-09-27
ORD003688,CUST01037,PROD00509,12,0.05,2022-06-07
ORD001998,CUST00423,PROD00458,2,0.0,2023-05-26
ORD004034,CUST00608,PROD00008,1,0.1,2024-06-20
ORD001249,CUST00429,PROD00230,6,0.0,2024-09-12
ORD002193,CUST00741,PROD00310,3,0.1,2023-03-25
ORD002713,CUST00488,PROD00335,13,0.0,2023-04-18
ORD009185,CUST00264,PROD00045,12,0.2,2024-06-07
ORD002191,CUST00656,PROD00072,10,0.2,2024-12-20
ORD004671,CUST00490,PROD00312,13,0.25,2023-02-08
ORD005143,CUST00011,PROD00060,11,0.2,2022-06-20
ORD005985,CUST00005,PROD00194,7,0.1,2024-07-30
ORD006566,CUST00783,PROD00490,7,0.0,2024-12-06
ORD007805,CUST00503,PROD00492,4,0.0,2023-08-06
ORD006944,CUST00583,PROD00001,3,0.2,2022-12-12
ORD009511,CUST00654,PROD00308,6,0.1,2024-04-18
ORD002137,CUST00783,PROD00442,11,0.0,2022-07-25
ORD001066,CUST00852,PROD00438,11,0.1,2024-12-13
ORD000601,CUST00590,PROD00284,,0.25,2024-05-24
ORD004228,CUST00028,PROD00396,4,0.0,2024-05-06
ORD007578,CUST00406,PROD00399,1,0.05,2023-10-30
ORD000078,CUST00014,PROD00328,7,0.0,2024-04-30
ORD007547,CUST01017,PROD00475,4,0.05,2024-02-04
ORD002899,CUST00342,PROD00472,12,0.0,2024-01-04
ORD004821,CUST99535,PROD00326,8,0.0,2023-10-24
ORD009507,CUST00342,PROD00198,5,0.0,2024-07-19
ORD010018,CUST00496,PROD00501,7,0.05,2023-05-11
ORD006414,CUST00115,PROD99935,1,0.0,2024-04-14
ORD009445,CUST00438,PROD00221,14,0.0,2024-10-19
ORD009065,CUST00411,PROD00088,2,0.0,2022-11-08
ORD008008,CUST00069,PROD00258,2,0.15,2023-02-22
ORD005469,CUST00294,PROD00482,6,0.05,2023-08-03
ORD005952,CUST00446,PROD00358,12,0.0,2024-01-01
ORD003392,CUST00615,PROD00211,10,0.0,2024-09-26
ORD005416,CUST00725,PROD00274,11,,2024-05-28
ORD002561,CUST00564,PROD00486,2,0.1,2024-07-04
ORD005770,CUST00693,PROD00467,2,0.05,2023-10-30
ORD008163,CUST00405,PROD00284,,0.0,2023-01-24
ORD002636,CUST00535,PROD00330,6,0.05,2024-08-31
ORD005257,CUST00488,PROD00384,8,0.2,2024-04-23
ORD003531,CUST00765,PROD00437,9,0.15,2022-12-21
ORD008568,CUST00104,PROD00362,12,0.25,2024-06-09
ORD001909,CUST01048,PROD00167,,0.25,2023-06-18
ORD000236,CUST00109,PROD00019,13,0.3,2022-06-06
ORD001605,CUST00058,PROD00130,11,0.0,2023-02-20
ORD007985,CUST00801,PROD00287,9,0.0,2022-02-14
ORD009311,CUST00857,PROD00387,13,0.05,2022-12-08
ORD003491,CUST00428,PROD00318,5,0.15,2022-11-19
ORD001995,CUST00218,PROD00405,2,0.05,2023-12-15
ORD002825,CUST00432,PROD00393,14,0.15,2023-10-07
ORD001298,CUST00208,PROD00064,2,0.0,2022-09-08
ORD001343,CUST00696,PROD00430,12,,2023-03-31
ORD008513,CUST00502,PROD00148,13,0.05,2023-10-15
ORD001620,CUST00706,PROD00432,10,0.25,2024-09-04
ORD005288,CUST00475,PROD99894,1,0.0,2023-03-02
ORD002061,CUST00373,PROD00228,13,0.05,2022-10-15
ORD008672,CUST00741,PROD00506,6,0.2,2023-03-05
ORD002220,CUST00200,PROD00008,11,0.0,2022-06-12
ORD006039,CUST00179,PROD00413,8,0.0,2024-04-06
ORD000261,CUST00752,PROD99431,7,0.15,2022-01-04
ORD010086,CUST00754,PROD00181,6,0.1,2024-03-03
ORD009094,CUST00385,PROD00403,1,0.0,2024-10-12
ORD003745,CUST00109,PROD00514,5,0.15,2024-01-16
ORD002027,CUST00910,PROD00214,8,0.1,2024-06-07
ORD006989,CUST00107,PROD00441,12,,2023-09-14
ORD004235,CUST00918,PROD00008,10,,2023-08-03
ORD001918,CUST00271,PROD00246,12,0.0,2022-11-04
ORD001829,CUST00319,PROD00173,14,0.25,2024-06-06
ORD009766,CUST00206,PROD00424,3,0.0,2023-12-05
ORD006234,CUST00012,PROD00129,9,0.25,2023-06-15
ORD010051,CUST00820,PROD00421,2,0.05,2024-03-11
ORD006284,CUST00283,PROD00385,10,0.1,2024-04-05
ORD004209,CUST00754,PROD00244,7,0.2,2023-07-15
ORD000225,CUST00306,PROD00327,5,0.0,2024-02-16
ORD008916,CUST00315,PROD99098,10,0.1,2024-12-28
ORD009334,CUST00502,PROD00090,4,0.0,2022-04-14
ORD006470,CUST00907,PROD00024,7,0.0,2024-11-20
ORD010136,CUST00362,PROD00266,6,0.0,2023-04-25
ORD000847,CUST00279,PROD99965,10,0.05,2023-08-26
ORD004290,CUST99611,PROD00459,3,0.0,2023-11-17
ORD005561,CUST00311,PROD00127,4,0.15,2022-01-09
ORD002552,CUST00534,PROD00478,5,0.25,2022-09-04
ORD000118,CUST00664,PROD00478,3,0.0,2023-05-19
ORD008838,CUST00827,PROD00091,7,0.0,2022-10-30
ORD005967,CUST00520,PROD00285,10,0.25,2022-07-29
ORD008196,CUST00259,PROD00432,10,0.0,2023-08-29
ORD008660,CUST00574,PROD00270,3,0.1,2023-11-25
ORD007490,CUST00553,PROD00103,3,0.15,2024-03-24
ORD000006,CUST00243,PROD00082,2,0.0,2023-11-16
ORD005343,CUST01009,PROD00009,6,0.05,2022-11-07
ORD009112,CUST01018,PROD00236,8,0.1,2022-04-02
ORD004325,CUST00996,PROD00348,11,0.2,2023-07-24
ORD001064,CUST00283,PROD00208,7,0.05,2023-01-22
ORD002591,CUST00976,PROD00034,13,0.1,2023-11-15
ORD008435,CUST00399,PROD00358,13,0.0,2022-03-16
ORD009353,CUST00377,PROD00399,12,0.0,2024-08-28
ORD003736,CUST00057,PROD00497,6,0.25,2024-12-13
ORD003518,CUST00019,PROD00495,1,,2024-04-05
ORD006987,CUST00393,PROD00141,3,0.15,2024-05-07
ORD006768,CUST00772,PROD00437,6,0.2,2024-05-09
ORD005623,CUST00925,PROD00486,10,0.0,2022-04-13
ORD001606,CUST00303,PROD00353,8,0.25,2024-08-18
ORD001734,CUST00111,PROD00167,1,0.3,2023-10-20
ORD010060,CUST00944,PROD00423,13,0.0,2022-09-25
ORD009505,CUST00017,PROD00222,4,0.15,2022-10-01
ORD003813,CUST00183,PROD00274,12,0.05,2022-04-25
ORD010365,CUST00107,PROD00169,9,0.0,2022-04-23
ORD001762,CUST00983,PROD00505,7,0.0,2023-03-17
ORD005402,CUST00181,PROD00039,14,0.2,2022-12-10
ORD002740,CUST00034,PROD00190,9,0.0,2023-04-24
ORD002473,CUST00921,PROD00280,11,0.0,2024-03-28
ORD006739,CUST00578,PROD00379,13,0.05,2024-06-15
ORD006892,CUST00223,PROD00447,1,0.05,2024-10-03
ORD007944,CUST00590,PROD00373,9,0.15,2024-03-10
ORD009686,CUST00028,PROD00027,5,0.1,2024-04-06
ORD004207,CUST00782,PROD00191,14,0.15,2023-06-16
ORD006372,CUST00534,PROD00213,1,0.15,2023-02-21
ORD009362,CUST00791,PROD00271,4,0.05,2024-12-29
ORD000233,CUST01046,PROD00351,7,0.0,2024-09-01
ORD008259,CUST00462,PROD00118,6,,2023-12-10
ORD007562,CUST00692,PROD00455,10,0.1,2024-07-18
ORD009796,CUST00768,PROD00210,1,0.0,2022-07-19
ORD006169,CUST00643,PROD00160,6,0.15,2022-07-11
ORD003597,CUST00743,PROD00271,9,0.0,2023-05-13
ORD006289,CUST00469,PROD00501,2,0.2,2023-03-10
ORD004633,CUST00018,PROD00131,6,2.0,2024-02-25
ORD000126,CUST00987,PROD00269,6,0.05,2022-11-29
ORD007642,CUST00202,PROD00171,13,0.1,2023-06-10
ORD006230,CUST00196,PROD00413,7,0.05,2022-12-07
ORD001297,CUST00951,PROD00197,5,0.25,2024-01-27
ORD001977,CUST00351,PROD00252,7,0.1,2023-02-06
ORD010209,CUST00290,PROD00307,9,0.0,2022-07-30
ORD010160,CUST00529,PROD00002,9,0.1,2022-10-08
ORD005751,CUST00242,PROD00306,14,0.0,2024-04-19
ORD008153,CUST00901,PROD00293,3,,2022-05-17
ORD003087,CUST00790,PROD00344,1,0.2,2022-10-22
ORD009990,CUST00839,PROD00090,10,0.2,2023-10-22
ORD006883,CUST01028,PROD00414,4,0.0,2023-06-24
ORD010022,CUST00116,PROD00323,7,,2022-11-13
ORD007674,CUST00825,PROD00094,6,0.0,2024-02-09
ORD003346,CUST00675,PROD00410,9,0.3,2024-10-15
ORD008173,CUST00381,PROD00020,13,0.05,2024-10-20
ORD010144,CUST00017,PROD00437,9,0.05,2024-02-05
ORD005871,CUST00110,PROD00424,6,0.05,2022-03-23
ORD006507,CUST00725,PROD00452,6,0.0,2022-11-03
ORD002798,CUST00342,PROD00290,3,0.25,2023-01-11
ORD000919,CUST00994,PROD00095,10,0.1,2024-10-25
ORD001647,CUST00015,PROD00248,1,0.15,2024-10-22
ORD005123,CUST00037,PROD00343,13,0.2,2022-01-31
ORD005127,CUST00815,PROD00108,13,0.1,2023-11-15
ORD004622,CUST00684,PROD00132,4,0.15,2022-10-14
ORD006810,CUST00773,PROD00334,-5,0.15,2022-11-02
ORD000365,CUST00697,PROD00424,2,0.0,2023-04-11
ORD002126,CUST00092,PROD00035,9,0.0,2023-12-08
ORD008151,CUST00871,PROD00246,12,0.15,2024-07-20
ORD008718,CUST00271,PROD00444,5,0.0,2023-03-29
ORD000056,CUST00254,PROD00355,10,0.1,2024-09-20
ORD000639,CUST00243,PROD00078,10,0.0,2023-11-15
ORD000303,CUST00618,PROD00145,14,0.1,2023-12-31
ORD005812,CUST00006,PROD00395,4,0.1,2023-12-12
ORD001277,CUST00199,PROD00152,9,0.0,2022-06-21
ORD004433,CUST00371,PROD00464,11,0.1,2024-02-24
ORD003645,CUST00171,PROD00295,5,0.2,2022-09-05
ORD004144,CUST00271,PROD00306,14,0.1,2022-10-16
ORD002879,CUST00449,PROD00066,12,0.2,2023-01-29
ORD006494,CUST00529,PROD00054,12,0.05,2024-01-23
ORD005241,CUST00098,PROD00279,9,0.0,2023-11-28
ORD010130,CUST00760,PROD00440,7,0.3,2022-05-05
ORD006938,CUST00897,PROD00329,7,0.0,2023-10-31
ORD007241,CUST00440,PROD00021,14,0.2,2023-01-27
ORD009946,CUST00227,PROD00241,8,0.0,2023-07-15
ORD002594,CUST00357,PROD00222,7,0.2,2022-09-16
ORD002394,CUST00422,PROD00508,11,0.2,2023-06-23
ORD000524,CUST00044,PROD00482,5,0.2,2024-02-26
ORD006377,CUST00766,PROD00286,2,0.0,2024-02-28
ORD006982,CUST00826,PROD00047,7,0.1,2024-09-09
ORD006678,CUST00103,PROD00097,5,0.2,2024-07-17
ORD003901,CUST00738,PROD00021,11,0.05,2022-09-25
ORD010375,CUST00389,PROD00034,12,0.05,2024-08-06
ORD005586,CUST00308,PROD00223,3,0.1,2024-11-15
ORD010081,CUST00635,PROD00095,8,,2023-06-19
ORD007957,CUST99088,PROD00318,3,0.0,2023-11-30
ORD007571,CUST00057,PROD00078,2,0.2,2022-04-27
ORD006778,CUST00678,PROD00072,2,0.0,2023-08-10
ORD000672,CUST00467,PROD00518,14,0.05,2024-07-15
ORD004189,CUST00439,PROD00251,9,0.0,2022-09-18
ORD000667,CUST00973,PROD00431,4,0.05,2023-01-26
ORD003267,CUST00284,PROD00305,5,0.0,2023-09-12
ORD001888,CUST00012,PROD00339,12,0.05,2022-12-08
ORD008473,CUST00658,PROD00389,4,0.15,2024-05-13
ORD009912,CUST00057,PROD00420,3,0.0,2022-12-09
ORD009092,CUST00755,PROD00379,8,0.15,2023-01-25
ORD007688,CUST00884,PROD00115,13,0.1,2024-08-02
ORD006032,CUST00149,PROD00469,11,0.05,2022-07-12
ORD006091,CUST00365,PROD00490,5,0.2,2022-07-25
ORD006239,CUST00910,PROD00390,14,0.1,2024-04-11
ORD007351,CUST00863,PROD00445,8,0.1,2024-02-04
ORD007831,CUST00476,PROD00444,9,0.0,2023-03-20
ORD000761,CUST00824,PROD00278,12,0.1,2023-11-25
ORD006255,CUST99455,PROD00447,13,0.15,2023-09-15
ORD001907,CUST00170,PROD00121,13,0.15,2022-01-09
ORD003819,CUST00889,PROD00387,6,0.0,2024-06-15
ORD006270,CUST00641,PROD00240,13,0.2,2023-06-10
ORD004301,CUST01005,PROD00347,4,0.2,2023-11-17
ORD005570,CUST00703,PROD00408,3,,2022-04-12
ORD007942,CUST00410,PROD00166,5,0.1,2024-08-09
ORD004165,CUST99783,PROD00139,1,0.1,2024-11-06
ORD005972,CUST00464,PROD00108,3,0.0,2024-08-26
ORD003580,CUST00539,PROD00137,4,0.0,2024-12-13
ORD002833,CUST00218,PROD00210,13,0.1,2023-01-21
ORD005450,CUST00985,PROD00252,2,0.05,2024-03-15
ORD003473,CUST00457,PROD99055,12,0.05,2022-10-29
ORD006328,CUST00309,PROD00121,7,0.05,2024-06-25
ORD000138,CUST00769,PROD00382,14,0.05,2022-07-09
ORD007044,CUST00672,PROD00164,11,0.1,2023-04-13
ORD004893,CUST00731,PROD00171,12,,2022-07-13
ORD002181,CUST00953,PROD00413,10,0.05,2022-03-18
ORD007731,CUST00017,PROD00108,5,0.1,2023-01-24
ORD003178,CUST00932,PROD00070,12,0.15,2022-07-20
ORD004855,CUST00498,PROD00034,6,0.0,2022-01-01
ORD004638,CUST00067,PROD00184,5,0.05,2023-08-20
ORD005116,CUST00088,PROD00295,2,0.0,2022-01-07
ORD010079,CUST00193,PROD00111,14,0.1,2023-10-25
ORD007649,CUST00786,PROD00110,10,0.05,2024-04-27
ORD004262,CUST00859,PROD00348,14,0.1,2022-05-11
ORD001332,CUST00679,PROD00456,8,0.0,2024-05-10
ORD007003,CUST00767,PROD00491,11,0.0,2022-02-07
ORD009551,CUST00197,PROD00111,10,0.0,2023-05-17
ORD006942,CUST01020,PROD00337,7,0.1,2024-02-17
ORD008018,CUST00508,PROD00371,13,0.2,2024-06-08
ORD006242,CUST00686,PROD00066,13,0.05,2023-06-28
ORD009522,CUST00991,PROD00092,9,0.0,2023-03-25
ORD000677,CUST00084,PROD00153,10,0.0,2022-03-27
ORD006882,CUST00424,PROD00040,5,0.1,2024-10-05
ORD004531,CUST00956,PROD00358,8,0.0,2023-09-08
ORD004674,CUST00430,PROD00088,10,0.0,2022-02-10
ORD006997,CUST00621,PROD00431,12,0.0,2024-09-26
ORD001253,CUST00397,PROD00322,9,0.2,2023-04-01
ORD003375,CUST00990,PROD00499,3,0.0,2024-09-12
ORD002815,CUST00929,PROD00309,8,0.05,2023-07-25
ORD004720,CUST00854,PROD00423,10,0.1,2024-09-28
ORD006545,CUST00891,PROD00234,14,0.15,2023-01-11
ORD004859,CUST00123,PROD00388,13,0.2,2022-08-26
ORD007902,CUST00856,PROD00335,3,,2023-08-28
ORD008581,CUST00883,PROD00076,8,0.25,2024-03-04
ORD008428,CUST00253,PROD00445,3,0.1,2022-11-11
ORD001078,CUST00907,PROD00335,5,0.0,2023-05-20
ORD004364,CUST00795,PROD00087,9,0.0,2023-10-09
ORD000771,CUST00929,PROD00294,10,0.0,2022-11-03
ORD008866,CUST00370,PROD00065,5,0.0,2024-10-23
ORD000250,CUST00295,PROD00174,7,0.05,2022-09-29
ORD009767,CUST00490,PROD00041,7,0.15,2023-10-17
ORD007240,CUST00456,PROD00479,2,0.05,2022-12-05
ORD003420,CUST00498,PROD00210,13,0.05,2022-03-01
ORD010016,CUST00399,PROD00191,8,0.05,2024-02-25
ORD004977,CUST00165,PROD00194,4,0.0,2024-10-25
ORD004545,CUST00619,PROD00483,3,0.15,2022-03-26
ORD005566,CUST00784,PROD00328,10,0.1,2023-06-15
ORD007940,CUST00191,PROD00240,14,0.15,2023-12-21
ORD000717,CUST00645,PROD00047,2,0.0,2024-12-19
ORD010395,CUST00780,PROD00384,4,0.0,2023-01-15
ORD002049,CUST00588,PROD00085,10,0.05,2024-10-23
ORD005998,CUST00175,PROD00334,9,,2024-07-05
ORD006601,CUST00017,PROD00057,13,0.05,2023-09-27
ORD007246,CUST00715,PROD00276,1,0.25,2023-10-12
ORD004179,CUST00670,PROD00405,8,0.0,2023-09-05
ORD004810,CUST00009,PROD00018,7,0.15,2023-05-16
ORD010211,CUST00173,PROD00122,,0.2,2022-06-04
ORD007141,CUST00912,PROD99408,5,0.0,2022-08-13
ORD007191,CUST00864,PROD00511,3,0.05,2022-05-25
ORD001461,CUST00610,PROD00112,10,0.1,2024-09-25
ORD005990,CUST00985,PROD00427,13,0.1,2023-02-27
ORD009861,CUST00906,PROD00356,1,0.25,2024-08-01
ORD002001,CUST00810,PROD99941,5,0.0,2024-10-02
ORD008176,CUST00264,PROD00481,7,0.0,2022-07-31
ORD000405,CUST00851,PROD00389,12,,2022-07-04
ORD000385,CUST00306,PROD00136,3,0.15,2022-04-13
ORD006197,CUST00690,PROD00457,3,0.25,2024-08-25
ORD010216,CUST01003,PROD00151,6,0.0,2023-09-28
ORD001634,CUST00121,PROD00477,6,0.15,2024-01-07
ORD010288,CUST00652,PROD00117,4,0.05,2023-02-11
ORD004785,CUST00281,PROD99754,12,0.0,2024-10-27
ORD010185,CUST00570,PROD00478,5,0.0,2024-09-14
ORD006971,CUST00625,PROD00158,8,0.1,2022-02-16
ORD003926,CUST00445,PROD00145,13,0.1,2022-10-31
ORD004159,CUST00462,PROD00234,7,0.05,2022-08-28
ORD007450,CUST00049,PROD00312,6,0.15,2022-09-17
ORD008416,CUST00111,PROD00412,9,0.0,2024-01-19
ORD002194,CUST00970,PROD00227,10,0.15,2022-11-18
ORD010017,CUST00247,PROD00266,11,0.25,2024-10-19
ORD001016,CUST00819,PROD00342,10,0.0,2022-11-11
ORD005125,CUST00114,PROD00129,11,0.25,2022-11-17
ORD007419,CUST00885,PROD00240,14,0.05,2023-03-04
ORD007410,CUST00038,PROD00319,7,0.1,2024-03-31
ORD008990,CUST00208,PROD99431,7,0.1,2023-04-18
ORD002872,CUST00481,PROD00448,8,0.0,2022-09-18
ORD000010,CUST00622,PROD00338,2,0.2,2023-06-20
ORD001839,CUST00469,PROD00075,2,0.0,2022-07-17
ORD004805,CUST00084,PROD00162,6,0.05,2023-10-17
ORD000256,CUST00922,PROD00011,14,0.0,2022-12-01
ORD007027,CUST00341,PROD00151,2,0.05,2024-01-27
ORD005714,CUST00057,PROD00360,10,0.1,2022-05-12
ORD003325,CUST00058,PROD00197,8,0.05,2022-06-30
ORD007715,CUST00423,PROD00500,1,0.05,2024-09-30
ORD001582,CUST00950,PROD00347,5,0.2,2022-10-05
ORD000925,CUST00559,PROD00035,6,0.05,2024-08-03
ORD002780,CUST00157,PROD00292,5,0.05,2022-07-06
ORD007892,CUST00831,PROD00175,14,0.1,2024-04-21
ORD006133,CUST01031,PROD00222,9,0.15,2022-04-07
ORD005321,CUST00078,PROD00331,5,0.15,2022-06-25
ORD007313,CUST00141,PROD00221,4,0.05,2022-02-23
ORD007103,CUST00839,PROD00411,5,0.05,2023-11-23
ORD006043,CUST00012,PROD00433,10,0.05,2023-10-26
ORD003776,CUST00199,PROD00273,7,0.0,2024-12-30
ORD004836,CUST00246,PROD00430,14,0.15,2024-04-02
ORD004965,CUST00493,PROD00400,7,0.2,2024-10-03
ORD000540,CUST00360,PROD00020,10,0.2,2023-08-26
ORD007484,CUST00820,PROD00424,2,0.15,2022-11-25
ORD002746,CUST00418,PROD00127,6,0.0,2024-05-06
ORD003720,CUST00506,PROD00476,1,0.2,2023-08-29
ORD006820,CUST00311,PROD00127,11,,2023-10-18
ORD009338,CUST00150,PROD00315,5,0.15,2022-09-05
ORD004469,CUST00795,PROD00403,1,0.15,2023-06-10
ORD000668,CUST00380,PROD00472,12,0.15,2023-10-14
ORD007576,CUST00787,PROD00373,12,0.0,2022-02-24
ORD008550,CUST01007,PROD00451,6,0.0,2023-01-03
ORD005064,CUST00118,PROD00182,2,0.1,2024-05-18
ORD001354,CUST00134,PROD00481,4,,2024-04-07
ORD007115,CUST00106,PROD00179,6,0.05,2022-11-21
ORD003530,CUST00627,PROD00197,1,0.05,2022-04-14
ORD008663,CUST00430,PROD00166,6,0.15,2024-06-19
ORD002704,CUST00444,PROD00004,14,0.25,2022-01-06
ORD003331,CUST00320,PROD00238,14,0.0,2022-03-25
ORD008054,CUST00364,PROD00298,8,0.0,2024-03-21
ORD009589,CUST00235,PROD00100,3,0.1,2023-03-11
ORD003585,CUST00247,PROD00176,13,0.05,2022-09-29
ORD010166,CUST00902,PROD00289,12,0.0,2023-09-09
ORD005646,CUST00837,PROD00080,4,0.15,2023-08-29
ORD003377,CUST00510,PROD00041,6,0.25,2024-09-07
ORD001257,CUST00467,PROD00055,12,0.0,2022-04-07
ORD006191,CUST99356,PROD00386,8,2.0,2023-12-11
ORD009443,CUST00789,PROD00508,11,0.05,2023-05-15
ORD005349,CUST00079,PROD00352,9,0.0,2022-10-02
ORD004176,CUST00767,PROD00373,,0.2,2024-06-18
ORD004911,CUST00922,PROD00014,6,0.05,2022-11-10
ORD001853,CUST00015,PROD00238,3,0.1,2022-09-18
ORD006317,CUST00146,PROD00177,10,0.05,2023-03-11
ORD000451,CUST00765,PROD00402,4,0.0,2024-07-12
ORD002106,CUST00322,PROD00446,12,0.05,2024-11-06
ORD000134,CUST00680,PROD00403,7,0.2,2023-08-13
ORD005030,CUST00775,PROD00228,1,0.1,2024-11-21
ORD000929,CUST00158,PROD00474,1,0.05,2022-08-16
ORD000824,CUST00112,PROD00107,10,0.05,2023-11-01
ORD007577,CUST01005,PROD00499,10,0.2,2022-04-03
ORD001532,CUST00652,PROD00259,11,0.0,2022-08-24
ORD001215,CUST01046,PROD00352,6,0.05,2022-05-24
ORD000505,CUST00462,PROD00203,13,0.05,2022-07-08
ORD006531,CUST00357,PROD00397,4,0.05,2022-07-15
ORD003073,CUST00506,PROD00070,6,0.1,2024-04-04
ORD009577,CUST00341,PROD99597,2,0.15,2024-02-26
ORD009087,CUST00613,PROD00343,9,0.25,2022-10-08
ORD008648,CUST00872,PROD00084,5,0.2,2024-02-08
ORD006620,CUST00924,PROD00350,8,0.2,2024-06-29
ORD009274,CUST99154,PROD00230,6,0.15,2024-11-20
ORD003710,CUST00849,PROD00177,2,0.0,2022-06-11
ORD010320,CUST00437,PROD00189,14,0.0,2024-01-30
ORD004850,CUST00776,PROD00264,7,0.0,2022-12-04
ORD004749,CUST00730,PROD00101,1,0.05,2024-01-26
ORD004269,CUST00765,PROD00027,13,0.3,2024-09-18
ORD000714,CUST00037,PROD00346,4,0.1,2022-02-27
ORD008906,CUST00540,PROD00148,14,0.15,2023-08-24
ORD004187,CUST00422,PROD00188,11,0.0,2023-06-28
ORD005302,CUST00005,PROD00432,8,0.05,2022-02-20
ORD002924,CUST00157,PROD00328,12,0.05,2023-01-27
ORD006589,CUST00678,PROD00459,11,0.0,2022-03-11
ORD001811,CUST00834,PROD00220,5,0.0,2023-07-17
ORD003487,CUST00445,PROD00033,3,0.05,2024-10-15
ORD007420,CUST00110,PROD99798,13,0.05,2024-08-13
ORD003142,CUST00870,PROD00170,7,0.2,2022-05-28
ORD010020,CUST00076,PROD00496,11,0.05,2024-02-17
ORD009348,CUST00286,PROD00195,3,0.1,2023-06-03
ORD001325,CUST00688,PROD00151,11,0.1,2023-11-22
ORD004313,CUST00058,PROD00313,9,0.0,2023-01-04
ORD007495,CUST99422,PROD00140,12,0.1,2024-03-24
ORD008703,CUST00981,PROD00056,10,0.0,2024-07-23
ORD009873,CUST00648,PROD00422,6,0.0,2023-01-05
ORD008692,CUST00082,PROD99996,2,0.0,2024-07-09
ORD010233,CUST00915,PROD00101,2,0.3,2024-05-20
ORD010049,CUST00497,PROD00410,14,0.05,2023-11-16
ORD009581,CUST00290,PROD00184,11,0.0,2024-09-04
ORD005542,CUST00570,PROD00334,4,0.3,2024-05-20
ORD006173,CUST00104,PROD00303,7,0.25,2022-03-24
ORD001541,CUST00768,PROD00504,9,0.15,2024-11-10
ORD009410,CUST00101,PROD00169,4,0.1,2023-06-15
ORD002682,CUST01032,PROD00519,2,0.0,2022-05-21
ORD008073,CUST00735,PROD00199,14,0.0,2022-05-12
ORD006314,CUST00729,PROD00157,10,0.15,2022-04-15
ORD001192,CUST00485,PROD00491,5,0.15,2022-05-09
ORD005294,CUST00047,PROD00417,6,0.0,2023-07-16
ORD001543,CUST00419,PROD00166,6,0.0,2024-08-22
ORD007057,CUST00615,PROD00271,8,0.1,2022-03-21
ORD002540,CUST00317,PROD00178,11,0.0,2024-09-15
ORD000954,CUST00197,PROD00335,14,0.15,2024-05-27
ORD007242,CUST00973,PROD00222,9,0.15,2024-07-16
ORD006732,CUST00466,PROD00255,14,0.0,2022-12-23
ORD004847,CUST00296,PROD00057,7,0.05,2024-12-29
ORD006802,CUST00311,PROD00100,11,0.25,2022-10-12
ORD008011,CUST00226,PROD00488,14,0.0,2023-02-14
ORD004331,CUST00911,PROD00316,10,0.1,2024-06-25
ORD008925,CUST00065,PROD00497,9,0.05,2024-01-22
ORD005335,CUST00367,PROD00455,1,0.1,2022-11-21
ORD007331,CUST00862,PROD00275,2,0.15,2023-09-13
ORD009349,CUST00202,PROD00327,1,0.15,2023-04-28
ORD004730,CUST99439,PROD00235,6,0.1,2023-10-28
ORD006542,CUST00124,PROD00518,14,,2022-04-03
ORD005306,CUST00327,PROD00479,8,0.25,2023-12-21
ORD005162,CUST00935,PROD00072,8,0.2,2024-12-18
ORD007861,CUST00225,PROD00501,8,0.0,2024-03-11
ORD002157,CUST00606,PROD00515,12,,2024-10-14
ORD001063,CUST00745,PROD00041,1,0.0,2024-04-25
ORD001168,CUST00247,PROD00193,12,0.0,2023-12-11
ORD003637,CUST00743,PROD00269,10,0.0,2023-11-25
ORD007652,CUST00758,PROD00018,9,0.0,2022-10-30
ORD005589,CUST00752,PROD00443,13,0.05,2023-11-13
ORD007193,CUST00703,PROD00192,13,0.05,2022-04-08
ORD004492,CUST00469,PROD00259,6,0.05,2022-06-08
ORD007267,CUST00634,PROD00208,10,0.05,2022-06-03
ORD004981,CUST00024,PROD00229,13,0.0,2022-02-06
ORD008336,CUST00282,PROD00463,12,0.0,2023-07-28
ORD006174,CUST00228,PROD00257,,0.1,2022-06-09
ORD004947,CUST00341,PROD00332,14,0.0,2023-01-20
ORD002783,CUST00471,PROD00272,8,0.2,2023-02-14
ORD000718,CUST00907,PROD00375,10,0.1,2023-06-26
ORD010012,CUST00873,PROD00213,2,0.2,2024-06-23
ORD002503,CUST00727,PROD00375,5,0.0,2022-11-25
ORD004361,CUST00438,PROD00121,8,,2023-02-27
ORD004172,CUST00754,PROD00221,7,0.2,2024-06-14
ORD008083,CUST00503,PROD00341,13,0.1,2024-04-29
ORD006030,CUST00243,PROD00300,11,0.2,2022-02-04
ORD000396,CUST00131,PROD00449,5,0.1,2022-12-28
ORD007187,CUST01041,PROD00270,4,0.0,2024-04-16
ORD009346,CUST00147,PROD00341,6,0.1,2023-10-30
ORD004493,CUST00326,PROD00362,8,0.15,2024-05-15
ORD001366,CUST00167,PROD00151,12,0.15,2024-03-02
ORD010257,CUST00727,PROD00290,4,0.25,2024-12-11
ORD008788,CUST00050,PROD00029,12,0.05,2023-05-04
ORD005918,CUST00158,PROD00499,3,0.1,2023-09-03
ORD004969,CUST00192,PROD00185,5,0.0,2024-10-17
ORD002915,CUST00210,PROD00467,4,0.2,2023-11-24
ORD005645,CUST00401,PROD00056,,0.0,2024-04-10
ORD003767,CUST00125,PROD00297,2,0.0,2024-12-05
ORD003441,CUST00740,PROD00380,6,0.15,2024-07-14
ORD007358,CUST00182,PROD00095,1,0.25,2022-07-23
ORD006807,CUST00353,PROD00502,6,0.1,2023-02-19
ORD009880,CUST00300,PROD00441,14,0.1,2023-04-21
ORD002144,CUST00330,PROD00253,7,,2022-11-03
ORD005105,CUST00703,PROD00246,,0.0,2024-04-04
ORD005074,CUST00407,PROD00250,9,0.0,2024-11-04
ORD001572,CUST00737,PROD00172,14,0.15,2023-11-27
ORD004080,CUST00853,PROD00405,13,0.1,2022-03-23
ORD001123,CUST01022,PROD00122,7,0.1,2024-11-06
ORD002787,CUST00283,PROD00501,9,0.0,2023-09-28
ORD002968,CUST00998,PROD00184,4,0.15,2023-11-23
ORD002505,CUST00201,PROD00436,13,0.15,2023-04-24
ORD005989,CUST00062,PROD00178,14,0.0,2022-12-17
ORD008868,CUST00616,PROD00215,11,0.05,2023-06-23
ORD007165,CUST00672,PROD00204,6,0.05,2022-11-21
ORD000729,CUST00774,PROD00019,5,0.0,2022-10-21
ORD007588,CUST00601,PROD00059,6,0.0,2024-04-02
ORD007544,CUST00028,PROD00439,12,0.0,2024-11-05
ORD000413,CUST00582,PROD00402,3,0.15,2024-01-04
ORD009709,CUST01016,PROD00250,6,0.1,2024-06-29
ORD005746,CUST01034,PROD00078,13,0.1,2022-07-10
ORD007669,CUST00665,PROD00066,4,0.25,2022-05-30
ORD000826,CUST00788,PROD00238,12,0.1,2023-09-10
ORD003268,CUST01031,PROD00151,1,0.15,2023-03-11
ORD003975,CUST00347,PROD00253,7,0.25,2022-07-17
ORD008809,CUST00922,PROD00058,14,0.05,2022-06-28
ORD008307,CUST00114,PROD00377,1,0.0,2022-11-25
ORD000418,CUST00358,PROD00392,6,0.0,2022-04-18
ORD009818,CUST00079,PROD00449,7,0.1,2023-02-07
ORD006749,CUST00710,PROD00473,11,,2024-06-19
ORD008968,CUST00757,PROD00226,13,0.0,2022-01-30
ORD002083,CUST00294,PROD00445,14,0.15,2023-09-09
ORD008946,CUST00877,PROD00466,14,0.05,2023-10-28
ORD003374,CUST00362,PROD00268,8,,2024-11-09
ORD005727,CUST00330,PROD00225,1,0.05,2023-10-29
ORD004108,CUST00746,PROD00337,9,0.0,2024-02-22
ORD004381,CUST00323,PROD00210,,0.1,2023-12-14
ORD007724,CUST00323,PROD00298,10,0.1,2022-08-07
ORD001067,CUST00014,PROD00298,5,0.0,2022-12-21
ORD003914,CUST00927,PROD00464,13,0.0,2024-09-30
ORD005537,CUST00432,PROD00456,12,0.0,2022-12-19
ORD008003,CUST00795,PROD00340,4,0.05,2023-04-15
ORD005388,CUST99328,PROD00500,,0.0,2022-11-02
ORD005733,CUST00024,PROD00175,13,0.15,2024-03-17
ORD002739,CUST00531,PROD00101,5,0.2,2024-08-08
ORD005053,CUST00963,PROD00109,2,0.1,2024-02-28
ORD004001,CUST00653,PROD00184,6,0.05,2024-01-24
ORD009761,CUST00133,PROD00417,13,0.05,2023-03-21
ORD002428,CUST00510,PROD00424,6,0.0,2024-08-18
ORD006834,CUST00796,PROD00226,14,0.05,2024-03-13
ORD010124,CUST00364,PROD00429,11,0.0,2023-03-28
ORD001688,CUST00253,PROD00042,13,0.05,2022-10-14
ORD000852,CUST00841,PROD00073,10,0.0,2023-03-17
ORD006304,CUST00261,PROD00119,3,0.0,2023-03-22
ORD009088,CUST00993,PROD00082,6,0.0,2022-01-20
ORD005879,CUST00276,PROD00134,11,0.1,2022-09-21
ORD008528,CUST00030,PROD00211,8,0.0,2024-01-03
ORD002840,CUST99852,PROD00003,6,0.0,2022-04-30
ORD004612,CUST00314,PROD00506,5,0.1,2022-12-19
ORD009541,CUST00374,PROD00244,3,0.05,2024-06-25
ORD009208,CUST00736,PROD00341,5,0.05,2024-01-26
ORD009824,CUST00751,PROD00216,5,0.0,2022-12-30
ORD002490,CUST99041,PROD00098,5,0.15,2023-01-06
ORD006906,CUST00759,PROD00275,9,0.0,2022-01-10
ORD007391,CUST00312,PROD00387,14,0.05,2023-11-08
ORD002850,CUST00162,PROD00139,10,0.1,2024-11-22
ORD006666,CUST00278,PROD00443,9,0.0,2023-02-20
ORD005882,CUST00576,PROD00515,8,0.0,2023-11-01
ORD010263,CUST00120,PROD00044,12,0.0,2022-08-20
ORD004453,CUST00833,PROD00214,7,0.0,2022-04-05
ORD009950,CUST00210,PROD00504,6,0.0,2023-02-23
ORD007422,CUST00033,PROD00333,8,0.15,2022-12-14
ORD009828,CUST00741,PROD00483,10,0.0,2024-12-18
ORD006485,CUST00410,PROD00288,6,,2022-07-26
ORD002480,CUST00252,PROD00317,9,0.1,2023-12-23
ORD006618,CUST00497,PROD99926,4,0.1,2023-11-20
ORD002142,CUST00475,PROD00111,3,0.0,2024-07-23
ORD005189,CUST00890,PROD00345,6,0.0,2024-02-02
ORD010448,CUST01008,PROD00056,1,0.0,2022-06-02
ORD002745,CUST01047,PROD00250,6,0.3,2022-12-03
ORD007254,CUST00477,PROD00081,14,0.05,2022-12-29
ORD003507,CUST00820,PROD00425,10,0.1,2022-08-02
ORD001680,CUST00988,PROD00513,10,0.2,2023-04-14
ORD004250,CUST00836,PROD00328,6,0.0,2023-06-21
ORD003148,CUST00816,PROD00284,4,0.0,2022-10-05
ORD008131,CUST00685,PROD00432,,0.1,2023-02-20
ORD007005,CUST00259,PROD00048,5,0.0,2023-08-10
ORD000581,CUST00852,PROD00242,9,0.0,2022-01-10
ORD009663,CUST00149,PROD00024,11,0.1,2023-06-19
ORD004071,CUST00569,PROD00512,6,,2024-03-23
ORD003344,CUST00745,PROD99571,11,0.15,2023-02-08
ORD007405,CUST00169,PROD00473,14,0.1,2023-10-17
ORD003673,CUST00660,PROD00272,,0.15,2024-02-23
ORD000560,CUST00083,PROD00189,7,0.0,2023-08-18
ORD005238,CUST00189,PROD00098,4,0.0,2023-01-11
ORD007806,CUST00333,PROD00475,7,0.0,2024-06-02
ORD000513,CUST00135,PROD00478,14,0.1,2023-04-07
ORD001082,CUST00337,PROD99372,6,0.2,2023-11-27
ORD001665,CUST00660,PROD00507,10,0.05,2022-07-17
ORD009205,CUST00002,PROD00286,2,0.2,2022-11-05
ORD001932,CUST00002,PROD00388,3,0.05,2024-02-04
ORD010409,CUST00555,PROD00033,14,0.05,2024-10-30
ORD001151,CUST00272,PROD00021,9,0.15,2024-02-01
ORD002839,CUST00400,PROD00044,10,0.15,2024-07-18
ORD005950,CUST00741,PROD00158,11,0.1,2024-04-03
ORD008309,CUST00043,PROD00518,14,0.1,2022-03-10
ORD008933,CUST00525,PROD00004,5,0.0,2024-12-15
ORD006430,CUST01019,PROD00241,8,0.1,2024-09-25
ORD005178,CUST00063,PROD00501,-1,0.05,2023-06-29
ORD000831,CUST99983,PROD00282,12,0.05,2022-11-18
ORD008312,CUST01036,PROD00454,4,0.1,2022-11-04
ORD004753,CUST00177,PROD00064,4,0.2,2022-06-10
ORD007283,CUST00782,PROD00372,3,0.15,2023-04-16
ORD010465,CUST00035,PROD00417,7,0.05,2024-09-17
ORD000636,CUST00906,PROD00382,12,0.2,2022-04-27
ORD004466,CUST01007,PROD00016,4,0.0,2022-11-26
ORD006800,CUST00661,PROD00511,13,0.05,2024-05-12
ORD007988,CUST00067,PROD00080,8,0.15,2024-07-23
ORD007080,CUST00464,PROD00178,6,0.1,2023-07-16
ORD006967,CUST00214,PROD00043,2,0.05,2022-11-06
ORD004143,CUST00115,PROD00103,12,0.05,2023-01-31
ORD007028,CUST00116,PROD00045,12,0.0,2023-07-06
ORD009184,CUST00590,PROD00055,12,0.1,2022-11-24
ORD000877,CUST00388,PROD00456,8,0.05,2024-12-09
ORD004870,CUST00984,PROD00290,2,0.1,2022-09-23
ORD005316,CUST00081,PROD00483,12,0.2,2024-01-16
ORD005223,CUST00150,PROD00169,7,0.05,2022-07-04
ORD000005,CUST00324,PROD00487,7,0.0,2022-08-13
ORD003052,CUST00035,PROD00045,8,0.05,2024-04-16
ORD005692,CUST00900,PROD00155,7,0.2,2022-11-01
ORD003125,CUST00940,PROD00218,2,0.05,2022-08-01
ORD002492,CUST00627,PROD00359,3,0.2,2024-02-20
ORD003855,CUST00414,PROD00265,14,0.15,2022-03-21
ORD004778,CUST00970,PROD00263,7,0.0,2022-06-26
ORD009908,CUST00971,PROD00031,2,0.2,2024-12-08
ORD007510,CUST99409,PROD00321,2,0.2,2024-11-13
ORD006458,CUST00407,PROD00490,9,0.0,2024-08-10
ORD006294,CUST00225,PROD00490,10,0.05,2022-10-29
ORD001149,CUST00692,PROD00456,4,0.15,2023-10-21
ORD000575,CUST00876,PROD00085,10,0.05,2022-07-08
ORD003770,CUST00026,PROD00461,10,0.05,2024-12-23
ORD004147,CUST00482,PROD00406,7,0.0,2024-09-13
ORD000854,CUST00274,PROD99171,4,0.05,2024-02-07
ORD010175,CUST01035,PROD00165,2,0.2,2022-05-30
ORD005920,CUST00917,PROD00334,7,0.0,2023-09-10
ORD009359,CUST00510,PROD00324,13,0.05,2023-07-28
ORD006615,CUST00626,PROD00420,10,0.15,2023-07-24
ORD006003,CUST00648,PROD00262,14,0.0,2024-10-31
ORD009164,CUST00644,PROD00411,8,0.05,2023-04-12
ORD004496,CUST00601,PROD00339,11,0.0,2024-05-09
ORD008174,CUST00793,PROD00382,10,0.15,2023-01-31
ORD006656,CUST00448,PROD00488,3,0.0,2023-02-22
ORD002369,CUST00211,PROD00475,1,0.05,2024-10-15
ORD004781,CUST00650,PROD00079,3,0.05,2023-12-20
ORD007993,CUST00841,PROD00132,4,0.0,2022-12-29
ORD002951,CUST01011,PROD00516,9,0.05,2024-06-21
ORD005626,CUST00713,PROD00230,11,0.05,2024-01-04
ORD006972,CUST00486,PROD00149,1,0.25,2022-05-11
ORD008717,CUST00097,PROD00468,14,0.25,2024-03-09
ORD001842,CUST00185,PROD00032,3,0.05,2022-12-31
ORD005987,CUST00945,PROD00402,4,0.2,2024-05-06
ORD000538,CUST00330,PROD00049,6,0.1,2022-12-07
ORD002807,CUST00727,PROD00373,11,0.05,2023-10-16
ORD005802,CUST00256,PROD00001,12,0.05,2024-03-25
ORD005597,CUST00930,PROD00010,1,0.1,2022-12-16
ORD007207,CUST00439,PROD00317,8,0.0,2023-08-20
ORD007344,CUST00227,PROD00424,12,0.05,2023-12-19
ORD007561,CUST00897,PROD00293,4,0.1,2024-08-26
ORD008097,CUST00920,PROD00198,8,0.1,2022-07-17
ORD000785,CUST00526,PROD00500,4,0.0,2024-02-15
ORD001410,CUST00960,PROD00371,2,0.25,2024-03-04
ORD000155,CUST00636,PROD00501,6,0.05,2023-08-06
ORD007807,CUST00505,PROD00365,14,0.0,2023-10-05
ORD003010,CUST00967,PROD00036,9,0.0,2024-02-04
ORD001687,CUST00528,PROD00062,6,0.15,2023-10-11
ORD004015,CUST00116,PROD00113,8,0.25,2022-02-14
ORD007456,CUST00875,PROD00160,13,0.0,2022-10-04
ORD003864,CUST00085,PROD00318,14,0.05,2024-01-23
ORD002734,CUST00102,PROD00498,10,0.1,2024-03-01
ORD001896,CUST01002,PROD00488,10,0.2,2024-01-22
ORD005443,CUST00629,PROD00223,3,0.0,2022-10-10
ORD000570,CUST00179,PROD00314,3,0.0,2024-02-18
ORD006710,CUST00117,PROD00500,4,0.25,2023-07-06
ORD005855,CUST00746,PROD00188,11,0.3,2024-08-04
ORD001817,CUST00456,PROD00247,6,0.0,2024-03-22
ORD010258,CUST00912,PROD00392,5,0.1,2024-08-24
ORD008320,CUST00298,PROD00192,14,0.0,2023-03-08
ORD003395,CUST00394,PROD00247,7,0.15,2024-07-15
ORD003328,CUST01042,PROD00437,1,0.0,2022-06-06
ORD001146,CUST99560,PROD00475,4,0.15,2024-08-27
ORD006103,CUST00178,PROD00288,10,0.0,2023-12-02
ORD002976,CUST00761,PROD00340,14,0.15,2023-01-21
ORD000981,CUST00610,PROD00408,5,0.0,2024-03-04
ORD000191,CUST00954,PROD00008,1,0.1,2023-05-29
ORD009332,CUST00639,PROD00153,9,0.2,2023-06-22
ORD005089,CUST00061,PROD00186,9,,2023-07-26
ORD000700,CUST01048,PROD00229,2,0.0,2024-03-04
ORD007624,CUST00747,PROD00116,12,0.0,2022-02-13
ORD000607,CUST00894,PROD00203,5,,2024-07-08
ORD000302,CUST00951,PROD00283,1,0.2,2024-01-19
ORD003421,CUST00983,PROD00133,4,0.1,2024-05-07
ORD000544,CUST00903,PROD00294,9,0.05,2024-05-24
ORD001061,CUST01021,PROD00229,6,0.3,2022-10-27
ORD003445,CUST00742,PROD00087,11,0.2,2023-11-18
ORD001070,CUST00545,PROD00066,14,0.1,2022-12-04
ORD002206,CUST00716,PROD00302,5,0.05,2022-07-16
ORD009436,CUST00123,PROD00468,1,0.2,2023-04-18
ORD007340,CUST00736,PROD00458,14,0.1,2022-01-06
ORD008209,CUST01016,PROD00181,4,0.1,2023-07-22
ORD007680,CUST00773,PROD00037,3,0.05,2024-12-22
ORD004643,CUST00080,PROD00054,5,0.1,2022-08-27
ORD007684,CUST00427,PROD00008,6,0.05,2024-08-29
ORD009008,CUST00287,PROD00377,9,0.0,2023-11-09
ORD007997,CUST00937,PROD00436,9,0.15,2023-05-18
ORD005601,CUST00267,PROD00187,7,0.0,2024-08-16
ORD009152,CUST00371,PROD00086,2,0.1,2022-11-21
ORD007023,CUST00641,PROD00208,4,0.1,2023-04-16
ORD004894,CUST00967,PROD00484,2,0.1,2024-11-22
ORD000226,CUST00597,PROD00271,10,0.0,2023-10-14
ORD003355,CUST00188,PROD00176,12,0.15,2022-09-14
ORD005896,CUST00837,PROD00015,10,0.05,2024-07-10
ORD008755,CUST00923,PROD00287,13,0.05,2023-01-02
ORD003437,CUST00597,PROD00079,2,0.1,2022-12-14
ORD001694,CUST00895,PROD00059,10,0.0,2022-03-22
ORD006894,CUST01036,PROD00416,10,0.05,2024-11-20
ORD001046,CUST00234,PROD00467,4,0.05,2023-06-27
ORD003447,CUST00048,PROD00165,2,0.0,2024-05-17
ORD008051,CUST00126,PROD00241,11,,2023-10-04
ORD009147,CUST99417,PROD00069,,0.15,2023-11-02
ORD003956,CUST00511,PROD00188,13,,2023-02-02
ORD004736,CUST00874,PROD00198,4,0.05,2022-10-17
ORD004497,CUST00893,PROD00298,2,0.2,2022-11-01
ORD001219,CUST00287,PROD00032,4,,2023-10-25
ORD006016,CUST00613,PROD00193,10,0.05,2022-09-20
ORD009720,CUST00608,PROD00016,12,,2023-09-07
ORD003988,CUST00040,PROD00226,9,0.0,2023-11-24
ORD004912,CUST00192,PROD00014,2,0.0,2023-11-24
ORD009493,CUST00787,PROD00165,7,0.15,2024-08-31
ORD004494,CUST00103,PROD00159,6,0.15,2023-07-23
ORD006945,CUST00155,PROD00185,12,0.0,2024-08-06
ORD005700,CUST00357,PROD00161,8,0.15,2022-06-27
ORD008353,CUST99928,PROD00104,13,0.0,2022-11-27
ORD000957,CUST00976,PROD00265,4,0.0,2023-07-18
ORD002870,CUST00080,PROD00343,7,0.15,2024-12-01
ORD004434,CUST00112,PROD00268,1,0.15,2024-11-09
ORD004974,CUST00452,PROD00455,2,0.0,2022-08-05
ORD002962,CUST00770,PROD00113,7,0.1,2023-09-04
ORD002201,CUST00439,PROD00027,10,0.15,2023-11-25
ORD000099,CUST00224,PROD00345,6,0.0,2023-04-03
ORD004697,CUST01027,PROD00357,2,0.15,2024-05-01
ORD002558,CUST00594,PROD00431,12,0.0,2024-12-16
ORD008446,CUST00738,PROD00310,7,0.0,2023-04-17
ORD004200,CUST00984,PROD00493,6,0.1,2022-08-09
ORD009638,CUST00257,PROD00334,9,,2024-11-11
ORD005540,CUST00808,PROD00425,2,0.0,2022-01-12
ORD001649,CUST00970,PROD00385,9,0.1,2023-12-30
ORD009889,CUST00636,PROD00260,,0.25,2024-05-05
ORD006198,CUST00357,PROD00295,5,,2023-01-07
ORD006296,CUST00402,PROD00369,14,0.1,2022-08-17
ORD004500,CUST00137,PROD00174,10,0.0,2023-02-26
ORD001155,CUST00667,PROD00121,4,0.1,2024-06-20
ORD002256,CUST00009,PROD00187,8,0.0,2024-06-21
ORD009875,CUST00097,PROD00372,8,0.2,2022-04-21
ORD003171,CUST00970,PROD00387,7,0.0,2023-11-23
ORD007401,CUST00568,PROD00107,4,0.0,2024-12-01
ORD010249,CUST00520,PROD00457,6,0.25,2024-12-06
ORD007159,CUST00646,PROD00005,12,0.25,2024-10-29
ORD003109,CUST00970,PROD00289,6,0.25,2022-12-12
ORD004549,CUST00956,PROD00498,2,0.1,2024-03-03
ORD005424,CUST00281,PROD00363,9,,2024-03-01
ORD002050,CUST00213,PROD00499,12,0.1,2023-04-12
ORD009209,CUST00879,PROD00042,6,0.1,2022-06-14
ORD008816,CUST00713,PROD00290,4,0.1,2024-03-26
ORD005318,CUST00592,PROD00057,14,0.0,2023-02-23
ORD000263,CUST00755,PROD00190,2,0.25,2024-12-15
ORD004062,CUST00649,PROD00424,11,0.15,2024-09-24
ORD005535,CUST01037,PROD00486,9,0.1,2022-08-28
ORD006617,CUST00501,PROD00189,4,0.15,2024-06-06
ORD008121,CUST00032,PROD00380,6,0.05,2023-05-20
ORD008156,CUST00558,PROD00191,2,0.05,2023-03-05
ORD001803,CUST00552,PROD00505,4,0.05,2024-10-01
ORD004737,CUST00336,PROD00504,3,0.1,2023-03-05
ORD002386,CUST00251,PROD00256,8,0.05,2024-07-10
ORD006695,CUST99016,PROD00250,11,0.0,2023-06-12
ORD005760,CUST00816,PROD00260,2,0.05,2023-12-13
ORD001960,CUST01032,PROD00032,2,0.0,2023-06-07
ORD002977,CUST00515,PROD00432,11,0.05,2022-06-27
ORD008681,CUST00351,PROD00383,10,0.3,2023-05-23
ORD001844,CUST00192,PROD00171,5,0.1,2023-02-04
ORD001735,CUST00623,PROD00052,3,0.1,2024-04-07
ORD002912,CUST00679,PROD00182,13,0.05,2022-07-30
ORD008339,CUST00151,PROD00036,13,0.25,2023-11-25
ORD001987,CUST00541,PROD00312,11,0.05,2023-12-09
ORD009562,CUST00183,PROD99861,7,0.0,2023-03-19
ORD006547,CUST01017,PROD00248,14,0.15,2022-01-10
ORD007099,CUST00035,PROD00490,4,0.0,2022-04-06
ORD002812,CUST01044,PROD00425,1,0.2,2023-10-30
ORD000660,CUST00140,PROD00135,8,0.05,2024-06-18
ORD009987,CUST00117,PROD00006,6,0.2,2024-08-09
ORD002512,CUST00617,PROD00504,4,0.0,2023-02-16
ORD004283,CUST00392,PROD00091,8,0.0,2022-01-29
ORD009340,CUST01029,PROD00316,8,0.05,2024-11-05
ORD008801,CUST00148,PROD00248,6,0.1,2022-05-08
ORD006288,CUST00262,PROD00285,6,0.1,2022-09-28
ORD001931,CUST00098,PROD00425,13,0.0,2023-05-04
ORD007126,CUST00203,PROD00400,12,0.1,2023-08-12
ORD000198,CUST00232,PROD00424,7,0.1,2023-04-18
ORD007778,CUST01015,PROD00504,13,0.0,2022-03-18
ORD002932,CUST00542,PROD00502,5,0.1,2024-04-18
ORD008005,CUST00138,PROD00051,8,0.0,2024-10-01
ORD002328,CUST00070,PROD00208,12,0.1,2022-04-18
ORD004390,CUST00670,PROD00182,5,0.1,2023-02-11
ORD008959,CUST00364,PROD00299,7,0.1,2024-05-07
ORD004219,CUST00231,PROD00359,7,0.1,2022-06-08
ORD000203,CUST00220,PROD00468,12,,2023-10-29
ORD003511,CUST00616,PROD00237,3,0.05,2024-11-08
ORD004932,CUST00405,PROD00050,4,0.25,2023-12-14
ORD005536,CUST00898,PROD00297,6,0.0,2023-12-15
ORD009926,CUST00239,PROD00438,5,0.0,2023-05-28
ORD005792,CUST00974,PROD00240,4,0.05,2022-03-10
ORD001708,CUST00019,PROD00325,11,0.05,2023-05-25
ORD005173,CUST00113,PROD00355,-5,0.1,2024-05-05
ORD005250,CUST00822,PROD00516,1,0.0,2023-02-01
ORD006529,CUST00093,PROD00493,4,0.0,2022-07-31
ORD001651,CUST00703,PROD00435,11,0.1,2024-09-04
ORD005856,CUST00908,PROD00342,6,0.0,2024-11-10
ORD008165,CUST00781,PROD00093,1,0.0,2022-08-07
ORD000855,CUST00671,PROD00462,5,0.0,2023-01-03
ORD004738,CUST00592,PROD00178,10,0.0,2023-04-27
ORD010353,CUST00199,PROD00459,2,0.1,2022-10-29
ORD000699,CUST00829,PROD00019,3,0.0,2022-01-30
ORD003697,CUST00602,PROD00234,11,0.1,2022-07-01
ORD001637,CUST00224,PROD00245,7,0.1,2023-07-01
ORD007281,CUST00626,PROD00275,7,0.1,2023-08-14
ORD007555,CUST00530,PROD00021,6,0.0,2022-06-18
ORD003582,CUST00053,PROD00357,4,0.15,2022-08-23
ORD001292,CUST00115,PROD00341,2,0.2,2023-05-18
ORD006586,CUST00413,PROD00509,4,0.15,2022-08-23
ORD001854,CUST00707,PROD00092,5,0.0,2022-12-17
ORD005233,CUST00120,PROD00329,10,0.0,2023-12-09
ORD003764,CUST00168,PROD00089,5,0.25,2023-09-29
ORD003305,CUST00498,PROD00054,9,0.25,2024-07-04
ORD001496,CUST00365,PROD00441,11,0.0,2022-12-14
ORD007995,CUST01035,PROD00338,5,,2022-04-14
ORD001999,CUST00452,PROD00278,10,0.1,2023-11-13
ORD000664,CUST00009,PROD00158,8,0.05,2022-10-28
ORD003749,CUST00399,PROD00232,5,0.0,2022-03-31
ORD004414,CUST00422,PROD00010,11,0.05,2024-07-28
ORD005531,CUST00355,PROD00248,10,0.05,2024-11-26
ORD005576,CUST00028,PROD00280,5,0.0,2023-10-08
ORD008902,CUST00005,PROD00094,5,0.0,2022-04-25
ORD007527,CUST00090,PROD00495,1,0.1,2022-06-21
ORD009475,CUST00138,PROD00191,7,,2022-10-22
ORD005865,CUST00268,PROD00268,3,0.0,2024-02-09
ORD006777,CUST01023,PROD00324,10,0.2,2023-06-25
ORD001307,CUST00911,PROD00455,12,0.05,2023-02-13
ORD007393,CUST00413,PROD00052,8,0.0,2024-05-26
ORD010430,CUST00819,PROD00233,8,0.1,2023-08-26
ORD005593,CUST00440,PROD00134,5,0.0,2024-06-02
ORD010231,CUST00098,PROD00405,11,0.15,2024-12-19
ORD009722,CUST00724,PROD00435,10,0.1,2022-11-13
ORD001664,CUST99653,PROD00303,5,0.1,2023-12-27
ORD005451,CUST00418,PROD00038,,0.05,2024-11-15
ORD005468,CUST00259,PROD00353,10,0.2,2024-08-11
ORD000440,CUST00482,PROD00334,9,0.05,2022-02-09
ORD003628,CUST00931,PROD00061,1,0.0,2024-09-07
ORD002694,CUST00174,PROD00381,3,0.2,2023-10-01
ORD009790,CUST00382,PROD00315,12,0.05,2023-11-14
ORD005916,CUST00957,PROD00404,9,0.0,2023-11-25
ORD003158,CUST00218,PROD00254,1,0.0,2023-08-16
ORD009915,CUST00761,PROD00406,1,0.25,2023-08-07
ORD006669,CUST00543,PROD00101,3,0.0,2022-05-19
ORD001060,CUST00905,PROD00143,10,0.0,2023-08-16
ORD004637,CUST00005,PROD00500,11,0.0,2022-03-04
ORD003243,CUST00769,PROD00182,6,0.0,2024-02-23
ORD001679,CUST00914,PROD00064,7,0.1,2022-02-12
ORD006893,CUST99076,PROD00156,12,0.0,2023-06-03
ORD006375,CUST00750,PROD00046,8,0.05,2023-08-30
ORD007575,CUST00416,PROD00339,13,0.15,2022-11-03
ORD001758,CUST00912,PROD00024,11,0.1,2023-07-27
ORD006020,CUST00664,PROD00108,3,0.1,2022-04-28
ORD005117,CUST00044,PROD00252,8,0.15,2023-11-12
ORD008756,CUST00110,PROD00106,2,0.05,2022-09-23
ORD007409,CUST00633,PROD99685,13,0.15,2022-01-10
ORD002791,CUST00304,PROD00462,2,0.0,2023-08-14
ORD000864,CUST00879,PROD00398,11,0.2,2022-09-13
ORD007859,CUST00521,PROD00488,4,0.0,2022-01-15
ORD001485,CUST00951,PROD00105,8,0.0,2024-11-28
ORD007036,CUST00505,PROD00414,1,0.05,2024-01-27
ORD007722,CUST00219,PROD00380,,0.0,2022-08-03
ORD005978,CUST00322,PROD00293,6,0.0,2022-03-29
ORD005135,CUST00881,PROD00517,3,0.0,2024-10-17
ORD000207,CUST00500,PROD00026,4,0.1,2023-06-14
ORD004489,CUST00346,PROD00372,6,0.05,2023-12-30
ORD006939,CUST00812,PROD00052,2,0.1,2024-06-13
ORD009063,CUST00082,PROD99980,11,0.05,2024-05-30
ORD006911,CUST00154,PROD00295,10,0.05,2023-05-14
ORD000503,CUST00233,PROD00461,14,0.05,2022-06-07
ORD007386,CUST00007,PROD00304,7,0.0,2023-05-22
ORD001029,CUST00960,PROD00407,14,0.0,2022-03-21
ORD003841,CUST00389,PROD00257,14,0.0,2022-07-26
ORD008111,CUST01040,PROD00451,7,0.1,2024-07-05
ORD005057,CUST00047,PROD00025,1,0.05,2022-02-24
ORD009763,CUST00477,PROD00416,6,0.1,2022-12-08
ORD008155,CUST00498,PROD00267,11,0.0,2024-12-30
ORD002732,CUST01014,PROD00108,14,0.2,2023-03-02
ORD008997,CUST00807,PROD00256,14,0.0,2023-03-18
ORD002455,CUST01031,PROD00461,6,,2023-06-02
ORD007216,CUST00092,PROD00217,2,0.2,2024-11-28
ORD003105,CUST00957,PROD00124,7,0.1,2023-07-21
ORD008393,CUST00580,PROD00465,4,0.05,2023-06-18
ORD006279,CUST00317,PROD00248,5,0.05,2023-07-07
ORD003100,CUST00215,PROD00050,11,0.0,2023-06-08
ORD006185,CUST00473,PROD00378,2,0.25,2023-09-30
ORD010471,CUST00250,PROD00124,7,,2022-01-16
ORD003562,CUST00071,PROD00375,1,0.0,2024-06-22
ORD005893,CUST00734,PROD00061,11,0.1,2024-01-13
ORD000392,CUST99647,PROD00229,14,0.0,2022-11-30
ORD006737,CUST00649,PROD00367,11,0.3,2022-08-26
ORD005619,CUST00585,PROD00372,1,0.15,2024-11-02
ORD005259,CUST01016,PROD00421,7,0.25,2024-11-08
ORD009688,CUST00074,PROD00294,10,0.0,2024-10-16
ORD002696,CUST00784,PROD00056,11,0.15,2023-07-19
ORD002028,CUST00630,PROD00505,3,0.1,2023-01-15
ORD005464,CUST00143,PROD00085,1,,2023-12-13
ORD002569,CUST00959,PROD00502,9,0.1,2022-08-02
ORD008007,CUST00179,PROD00423,,0.2,2023-12-21
ORD000065,CUST00297,PROD00050,2,0.15,2022-10-18
ORD002063,CUST00869,PROD00031,1,0.0,2022-08-29
ORD005277,CUST00349,PROD00061,11,0.1,2024-03-25
ORD007209,CUST00428,PROD00511,5,0.1,2023-06-27
ORD008685,CUST00918,PROD99347,8,0.05,2024-06-16
ORD008572,CUST00016,PROD00103,1,0.15,2023-07-04
ORD006332,CUST00832,PROD00084,8,0.1,2024-12-25
ORD004860,CUST00593,PROD00225,4,0.0,2024-11-01
ORD004888,CUST00384,PROD00418,6,0.25,2022-08-20
ORD009269,CUST00068,PROD00181,11,0.15,2023-06-19
ORD000879,CUST00059,PROD00321,9,0.0,2024-07-09
ORD008530,CUST00854,PROD00099,2,0.1,2022-12-10
ORD007917,CUST00611,PROD00412,3,0.2,2022-03-15
ORD006864,CUST00128,PROD00497,10,0.0,2023-04-10
ORD007893,CUST00615,PROD00210,10,0.15,2023-06-10
ORD006440,CUST99285,PROD00226,14,0.1,2022-10-17
ORD007870,CUST00118,PROD00407,6,0.15,2024-07-31
ORD001017,CUST01000,PROD00357,10,0.1,2023-03-10
ORD009468,CUST00414,PROD00194,6,0.1,2023-08-20
ORD007630,CUST00668,PROD00078,13,0.15,2022-02-10
ORD000996,CUST00180,PROD00352,4,0.1,2022-08-20
ORD010174,CUST99346,PROD00339,14,0.0,2024-04-14
ORD004298,CUST00786,PROD00512,11,0.0,2023-06-23
ORD000162,CUST00179,PROD00413,3,0.0,2023-05-18
ORD005676,CUST00995,PROD00445,14,0.0,2023-09-11
ORD006874,CUST00332,PROD00030,3,0.1,2024-07-03
ORD009693,CUST00388,PROD00345,7,0.2,2023-02-16
ORD007990,CUST00160,PROD00449,4,0.1,2024-07-09
ORD003844,CUST00810,PROD00265,,0.05,2024-03-20
ORD001022,CUST00240,PROD00054,3,0.1,2022-11-25
ORD003074,CUST00392,PROD00004,14,0.0,2024-01-15
ORD007556,CUST00584,PROD00379,14,,2022-05-26
ORD003944,CUST00630,PROD00060,8,0.1,2023-01-31
ORD001586,CUST00401,PROD00518,5,0.05,2024-01-21
ORD010148,CUST00197,PROD00201,8,0.05,2024-01-03
ORD003153,CUST00369,PROD00081,10,0.15,2023-08-08
ORD008227,CUST00747,PROD00274,14,0.1,2023-11-19
ORD000776,CUST00889,PROD00045,8,0.05,2024-03-21
ORD009671,CUST00904,PROD00247,3,0.1,2023-01-03
ORD007100,CUST00480,PROD00139,10,0.0,2024-12-12
ORD005487,CUST00929,PROD00438,1,0.15,2023-03-21
ORD006236,CUST00498,PROD00090,4,0.0,2023-06-20
ORD009556,CUST00428,PROD00111,2,0.0,2022-03-21
ORD007042,CUST00641,PROD00517,11,0.0,2024-01-18
ORD002613,CUST00148,PROD00479,8,0.05,2023-09-16
ORD007514,CUST01010,PROD00106,9,0.15,2024-11-20
ORD010234,CUST00732,PROD00290,1,0.0,2024-05-26
ORD008434,CUST00253,PROD00208,3,0.2,2024-04-01
ORD010254,CUST00544,PROD00029,6,0.05,2023-01-26
ORD006640,CUST00258,PROD00408,6,0.0,2024-01-31
ORD008793,CUST00731,PROD00144,2,0.15,2023-02-09
ORD002590,CUST00218,PROD00358,12,0.15,2023-06-18
ORD005394,CUST00153,PROD00275,9,0.15,2023-03-06
ORD008839,CUST00602,PROD00234,9,0.2,2022-10-18
ORD003891,CUST00246,PROD00443,11,0.15,2023-01-27
ORD003557,CUST00617,PROD00132,7,0.05,2022-04-19
ORD001529,CUST00195,PROD00064,2,0.2,2023-09-16
ORD001268,CUST00460,PROD00258,2,0.0,2023-11-07
ORD007735,CUST00546,PROD00358,4,0.0,2024-06-30
ORD001900,CUST00221,PROD00013,2,0.0,2024-01-24
ORD004659,CUST00735,PROD00343,4,0.1,2023-10-26
ORD003006,CUST00974,PROD00272,9,0.0,2024-12-29
ORD002735,CUST00079,PROD00193,3,0.15,2022-04-02
ORD000190,CUST00636,PROD00110,12,0.1,2024-09-29
ORD009999,CUST00193,PROD00129,11,0.05,2023-02-02
ORD009168,CUST00016,PROD00021,10,0.15,2023-01-14
ORD002748,CUST00852,PROD00269,11,0.0,2023-06-17
ORD002048,CUST00618,PROD00376,7,0.1,2024-05-31
ORD007850,CUST00216,PROD00254,8,0.05,2022-04-22
ORD002559,CUST00205,PROD00036,4,0.0,2024-07-05
ORD009275,CUST00196,PROD00452,5,,2022-10-30
ORD008667,CUST00438,PROD00264,13,0.1,2022-10-08
ORD006397,CUST00818,PROD00382,8,0.15,2022-09-20
ORD003386,CUST00908,PROD00166,4,0.2,2022-01-10
ORD004556,CUST00792,PROD00339,4,0.0,2024-12-18
ORD001185,CUST00667,PROD00444,6,0.1,2024-12-23
ORD006421,CUST00163,PROD00238,2,0.3,2022-12-04
ORD005052,CUST00048,PROD00344,8,0.0,2022-08-31
ORD005312,CUST00308,PROD00360,5,0.05,2023-03-04
ORD002434,CUST00208,PROD00262,9,0.1,2023-03-29
ORD006950,CUST00939,PROD00189,7,0.3,2024-08-02
ORD006396,CUST00700,PROD00215,9,0.15,2022-06-11
ORD000770,CUST00824,PROD00133,7,0.1,2022-01-13
ORD001686,CUST00575,PROD00303,3,0.0,2022-04-12
ORD008323,CUST00694,PROD00249,12,0.1,2023-03-07
ORD005579,CUST00213,PROD00404,9,0.15,2022-02-01
ORD004427,CUST00568,PROD00116,10,0.1,2022-07-17
ORD000467,CUST00890,PROD00511,13,0.1,2023-02-01
ORD006266,CUST00230,PROD00433,12,0.1,2024-01-24
ORD005735,CUST00532,PROD00186,5,,2024-05-16
ORD005192,CUST00301,PROD00033,5,0.0,2024-07-08
ORD005391,CUST99313,PROD00019,6,0.15,2023-10-31
ORD000861,CUST00469,PROD00303,,0.15,2024-10-27
ORD007271,CUST00973,PROD00054,12,0.15,2022-12-17
